CrashID,CrashID1,Latitude,Longitude,Unit_Nbr,Prsn_Nbr,Prsn_Type_ID,Prsn_Occpnt_Pos_ID,Prsn_Injry_Sev_ID,Prsn_Age,Prsn_Ethnicity_ID,Prsn_Gndr_ID,Prsn_Ejct_ID,Prsn_Rest_ID,Prsn_Airbag_ID,Prsn_Helmet_ID,Prsn_Sol_Fl,Prsn_Alc_Spec_Type_ID,Prsn_Alc_Rslt_ID,Prsn_Bac_Test_Rslt,Prsn_Drg_Spec_Type_ID,Prsn_Drg_Rslt_ID,Drvr_Drg_Cat_1_ID,Prsn_Death_Date,Prsn_Death_Time,Incap_Injry_Cnt.x,Nonincap_Injry_Cnt.x,Poss_Injry_Cnt.x,Non_Injry_Cnt.x,Unkn_Injry_Cnt.x,Tot_Injry_Cnt.x,Death_Cnt.x,Crash_Fatal_Fl,Cmv_Involv_Fl,Schl_Bus_Fl,Rr_Relat_Fl,Medical_Advisory_Fl,Amend_Supp_Fl,Active_School_Zone_Fl,Crash_Date,Crash_Time,Rpt_CRIS_Cnty_ID,Rpt_City_ID,Rpt_Outside_City_Limit_Fl,Thousand_Damage_Fl,Rpt_Latitude,Rpt_Longitude,Rpt_Rdwy_Sys_ID,Rpt_Hwy_Num,Rpt_Hwy_Sfx,Rpt_Road_Part_ID,Rpt_Block_Num,Rpt_Street_Pfx,Rpt_Street_Name,Rpt_Street_Sfx,Private_Dr_Fl,Toll_Road_Fl,Crash_Speed_Limit,Road_Constr_Zone_Fl,Road_Constr_Zone_Wrkr_Fl,Rpt_Street_Desc,At_Intrsct_Fl,Rpt_Sec_Rdwy_Sys_ID,Rpt_Sec_Hwy_Num,Rpt_Sec_Hwy_Sfx,Rpt_Sec_Road_Part_ID,Rpt_Sec_Block_Num,Rpt_Sec_Street_Pfx,Rpt_Sec_Street_Name,Rpt_Sec_Street_Sfx,Rpt_Ref_Mark_Offset_Amt,Rpt_Ref_Mark_Dist_Uom,Rpt_Ref_Mark_Dir,Rpt_Ref_Mark_Nbr,Rpt_Sec_Street_Desc,Rpt_CrossingNumber,Wthr_Cond_ID,Light_Cond_ID,Entr_Road_ID,Road_Type_ID,Road_Algn_ID,Surf_Cond_ID,Traffic_Cntl_ID,Investigat_Notify_Time,Investigat_Notify_Meth,Investigat_Arrv_Time,Report_Date,Investigat_Comp_Fl,Investigat_Agency_ID,Investigat_Area_ID,Investigat_District_ID,Investigat_Region_ID,Bridge_Detail_ID,Harm_Evnt_ID,Intrsct_Relat_ID,FHE_Collsn_ID,Obj_Struck_ID,Othr_Factr_ID,Road_Part_Adj_ID,Road_Cls_ID,Road_Relat_ID,Phys_Featr_1_ID,Phys_Featr_2_ID,Cnty_ID,City_ID,Latitude,Longitude,Hwy_Sys,Hwy_Nbr,Hwy_Sfx,Dfo,Street_Name,Street_Nbr,Control,Section,Milepoint,Ref_Mark_Nbr,Ref_Mark_Displ,Hwy_Sys_2,Hwy_Nbr_2,Hwy_Sfx_2,Street_Name_2,Street_Nbr_2,Control_2,Section_2,Milepoint_2,Txdot_Rptable_Fl,Onsys_Fl,Rural_Fl,Crash_Sev_ID,Pop_Group_ID,Located_Fl,Day_of_Week,Hwy_Dsgn_Lane_ID,Hwy_Dsgn_Hrt_ID,Hp_Shldr_Left,Hp_Shldr_Right,Hp_Median_Width,Base_Type_ID,Nbr_Of_Lane,Row_Width_Usual,Roadbed_Width,Surf_Width,Surf_Type_ID,Curb_Type_Left_ID,Curb_Type_Right_ID,Shldr_Type_Left_ID,Shldr_Width_Left,Shldr_Use_Left_ID,Shldr_Type_Right_ID,Shldr_Width_Right,Shldr_Use_Right_ID,Median_Type_ID,Median_Width,Rural_Urban_Type_ID,Func_Sys_ID,Adt_Curnt_Amt,Adt_Curnt_Year,Adt_Adj_Curnt_Amt,Pct_Single_Trk_Adt,Pct_Combo_Trk_Adt,Trk_Aadt_Pct,Curve_Type_ID,Curve_Lngth,Cd_Degr,Delta_Left_Right_ID,Dd_Degr,Feature_Crossed,Structure_Number,I_R_Min_Vert_Clear,Approach_Width,Bridge_Median_ID,Bridge_Loading_Type_ID,Bridge_Loading_In_1000_Lbs,Bridge_Srvc_Type_On_ID,Bridge_Srvc_Type_Under_ID,Culvert_Type_ID,Roadway_Width,Deck_Width,Bridge_Dir_Of_Traffic_ID,Bridge_Rte_Struct_Func_ID,Bridge_IR_Struct_Func_ID,CrossingNumber,RRCo,Poscrossing_ID,WDCode_ID,Standstop,Yield,Incap_Injry_Cnt.y,Nonincap_Injry_Cnt.y,Poss_Injry_Cnt.y,Non_Injry_Cnt.y,Unkn_Injry_Cnt.y,Tot_Injry_Cnt.y,Death_Cnt.y,MPO_ID,Unit_ID,Unit_Prsn_ID
14522730,AUS_14522730,30.3630463,-97.69702522,2,1,3,16,2,28,1,1,4,11,1,4,N,4,NA,NA,4,97,97,,,0,1,0,0,0,1,0,N,N,N,N,N,N,N,7/3/2015,12:33 PM,227,22,N,Y,NA,NA,19,,,1,,W,RUNDBERG,LN,N,N,35,N,N,,Y,19,,,1,,N,LAMAR,BLVD,NA,,,,,,11,1,4,3,1,1,5,12:33 PM,DISPATCH,12:36 PM,7/3/2015,Y,74,NA,NA,123,8,5,2,1,64,54,1,2,1,21,21,227,22,30.3630463,-97.69702522,SL,275,,4.602,SL0275,NA,15,11,5.633,434,0.627,,,,W RUNDBERG LN,NA,NA,NA,NA,Y,Y,N,2,9,Y,FRI,2,0,0,0,0,2,4,125,48,48,4,1,1,1,0,0,1,0,0,0,0,4,14,29839,2014,29839,1.2,0.4,1.6,NA,NA,NA,NA,NA,NA,NA,NA,NA,NA,NA,NA,NA,NA,NA,NA,NA,NA,NA,NA,,,NA,NA,NA,NA,0,1,0,1,0,1,0,90,NA,NA
14528709,AUS_14528709,30.28819477,-97.70032247,2,1,3,16,2,30,1,1,4,11,1,4,N,4,NA,NA,4,97,97,,,0,1,0,0,0,1,0,N,N,N,N,N,N,N,7/6/2015,6:06 PM,227,22,N,N,NA,NA,19,,,1,,,MANOR,RD,N,N,35,N,N,,Y,19,,,1,,,GREENWOOD,AVE,NA,,,,,,11,1,2,NA,1,1,8,6:07 PM,DISPATCH,6:16 PM,7/6/2015,Y,74,NA,NA,10,8,5,1,1,64,24,1,5,1,21,21,227,22,30.28819477,-97.70032247,,,,NA,MANOR RD,3499,NA,NA,NA,,NA,,,,GREENWOOD AVE,NA,NA,NA,NA,Y,N,N,2,9,Y,MON,NA,NA,NA,NA,NA,NA,NA,NA,NA,NA,NA,NA,NA,NA,NA,NA,NA,NA,NA,NA,NA,NA,NA,NA,NA,NA,NA,NA,NA,NA,NA,NA,NA,NA,NA,NA,NA,NA,NA,NA,NA,NA,NA,NA,NA,NA,NA,NA,NA,,,NA,NA,NA,NA,0,1,0,1,0,1,0,90,NA,NA
14530078,AUS_14530078,30.27021631,-97.75054227,2,1,3,16,3,36,1,2,4,11,1,4,N,4,NA,NA,4,97,97,,,0,0,1,0,0,1,0,N,N,N,N,N,N,N,7/6/2015,11:54 PM,227,22,N,N,NA,NA,19,,,1,700,W,6TH,ST,N,N,30,N,N,,N,19,,,1,600,,WEST,AVE,NA,,,,,,11,4,4,NA,2,1,5,11:55 PM,DISPATCH,12:00 AM,7/7/2015,Y,74,NA,NA,67,8,5,2,1,64,54,1,5,1,21,21,227,22,30.27021631,-97.75054227,,,,NA,W 6TH ST,795,NA,NA,NA,,NA,,,,WEST AVE,NA,NA,NA,NA,Y,N,N,3,9,Y,MON,NA,NA,NA,NA,NA,NA,NA,NA,NA,NA,NA,NA,NA,NA,NA,NA,NA,NA,NA,NA,NA,NA,NA,NA,NA,NA,NA,NA,NA,NA,NA,NA,NA,NA,NA,NA,NA,NA,NA,NA,NA,NA,NA,NA,NA,NA,NA,NA,NA,,,NA,NA,NA,NA,0,0,1,1,0,1,0,90,NA,NA
14532967,AUS_14532967,NA,NA,2,1,3,16,3,7,3,1,4,11,1,4,N,4,NA,NA,4,97,97,,,0,0,1,0,0,1,0,N,N,N,N,N,N,N,4/26/2015,6:38 PM,227,22,N,N,NA,NA,19,,,1,1000,,PARK PLAZA,AVE,Y,N,-1,N,N,PARKING LOT,N,19,,,1,,,PARK PLAZA,AVE,NA,,,,PARKING LOT,,11,1,0,NA,1,1,1,6:50 PM,DISPATCH,6:53 PM,4/26/2015,Y,74,NA,NA,123,8,5,4,1,64,3,7,9,5,33,21,227,22,NA,NA,,,,NA,PARK PLAZA AVE,NA,NA,NA,NA,,NA,,,,N/A,NA,NA,NA,NA,N,N,N,3,9,N,SUN,NA,NA,NA,NA,NA,NA,NA,NA,NA,NA,NA,NA,NA,NA,NA,NA,NA,NA,NA,NA,NA,NA,NA,NA,NA,NA,NA,NA,NA,NA,NA,NA,NA,NA,NA,NA,NA,NA,NA,NA,NA,NA,NA,NA,NA,NA,NA,NA,NA,,,NA,NA,NA,NA,0,0,1,1,0,1,0,NA,NA,NA
14533344,AUS_14533344,30.42381144,-97.7566332,2,1,3,16,2,28,1,1,4,11,1,4,N,5,NA,NA,4,97,97,,,0,1,0,0,0,1,0,N,N,N,N,N,N,N,7/10/2015,12:34 PM,227,22,N,N,NA,NA,19,,,7,11881,,JOLLYVILLE RD,RD,N,N,45,N,N,11881 JOLLYVILLE RD,N,19,,,1,11900,,PAVILION BLVD,BLVD,NA,,,,PAVILION BLVD,,12,1,0,NA,1,1,20,12:48 PM,DISPATCH,1:10 PM,7/10/2015,Y,74,NA,NA,46,8,5,3,2,64,13,1,5,1,32,21,227,22,30.42381144,-97.7566332,,,,NA,JOLLYVILLE RD,11885,NA,NA,NA,,NA,,,,N/A,NA,NA,NA,NA,Y,N,N,2,9,Y,FRI,NA,NA,NA,NA,NA,NA,NA,NA,NA,NA,NA,NA,NA,NA,NA,NA,NA,NA,NA,NA,NA,NA,NA,NA,NA,NA,NA,NA,NA,NA,NA,NA,NA,NA,NA,NA,NA,NA,NA,NA,NA,NA,NA,NA,NA,NA,NA,NA,NA,,,NA,NA,NA,NA,0,1,0,1,0,1,0,90,NA,NA
14539070,AUS_14539070,30.36317322,-97.69730305,2,1,3,16,2,26,1,2,4,11,1,4,N,4,NA,NA,4,97,97,,,0,1,0,0,0,1,0,N,N,N,N,N,N,N,7/2/2015,5:06 PM,227,22,N,N,NA,NA,19,,,7,800,W,RUNDBERG,LN,N,N,-1,N,N,,N,19,,,1,,N,LAMAR,BLVD,NA,,,,,,11,1,0,NA,1,1,1,5:05 PM,DISPATCH,5:15 PM,7/2/2015,N,74,NA,NA,114,8,5,3,1,64,14,1,5,1,32,21,227,22,30.36317322,-97.69730305,,,,NA,W RUNDBERG LN,NA,NA,NA,NA,,NA,,,,N/A,NA,NA,NA,NA,Y,N,N,2,9,Y,THU,NA,NA,NA,NA,NA,NA,NA,NA,NA,NA,NA,NA,NA,NA,NA,NA,NA,NA,NA,NA,NA,NA,NA,NA,NA,NA,NA,NA,NA,NA,NA,NA,NA,NA,NA,NA,NA,NA,NA,NA,NA,NA,NA,NA,NA,NA,NA,NA,NA,,,NA,NA,NA,NA,0,1,0,0,1,1,0,90,NA,NA
14539125,AUS_14539125,30.25867593,-97.75100279,2,1,3,16,2,19,1,2,4,11,1,4,N,4,NA,NA,4,97,97,,,0,1,0,0,0,1,0,N,N,N,N,N,N,N,7/7/2015,5:32 PM,227,22,N,N,NA,NA,19,,,1,600,,BARTON SPRINGS,RD,N,N,40,N,N,,N,19,,,1,,S,1ST,ST,NA,,,,,,11,1,0,NA,1,1,16,5:32 PM,DISPATCH,5:32 PM,7/7/2015,Y,74,NA,NA,93,8,5,3,2,64,13,1,5,1,32,21,227,22,30.25867593,-97.75100279,,,,NA,BARTON SPRINGS RD,681,NA,NA,NA,,NA,,,,N/A,NA,NA,NA,NA,Y,N,N,2,9,Y,TUE,NA,NA,NA,NA,NA,NA,NA,NA,NA,NA,NA,NA,NA,NA,NA,NA,NA,NA,NA,NA,NA,NA,NA,NA,NA,NA,NA,NA,NA,NA,NA,NA,NA,NA,NA,NA,NA,NA,NA,NA,NA,NA,NA,NA,NA,NA,NA,NA,NA,,,NA,NA,NA,NA,0,1,0,1,0,1,0,90,NA,NA
14539643,AUS_14539643,30.43119157,-97.766016,2,1,3,16,2,56,1,1,4,11,1,2,N,4,NA,NA,4,97,97,,,0,1,0,0,0,1,0,N,N,N,N,N,N,N,7/15/2015,7:31 AM,227,22,N,Y,NA,NA,19,,,1,12200,,JOLLYVILLE,RD,N,N,45,N,N,,N,19,,,1,,,COMMONWEALTH,WAY,NA,,,,,,11,1,0,NA,1,1,20,7:31 AM,DISPATCH,7:38 AM,7/15/2015,Y,74,NA,NA,46,8,5,4,1,64,36,1,5,1,21,21,227,22,30.43119157,-97.766016,,,,NA,JOLLYVILLE RD,12207,NA,NA,NA,,NA,,,,N/A,NA,NA,NA,NA,Y,N,N,2,9,Y,WED,NA,NA,NA,NA,NA,NA,NA,NA,NA,NA,NA,NA,NA,NA,NA,NA,NA,NA,NA,NA,NA,NA,NA,NA,NA,NA,NA,NA,NA,NA,NA,NA,NA,NA,NA,NA,NA,NA,NA,NA,NA,NA,NA,NA,NA,NA,NA,NA,NA,,,NA,NA,NA,NA,0,1,0,1,0,1,0,90,NA,NA
14539690,AUS_14539690,30.26606478,-97.76887246,2,1,3,16,2,35,1,1,4,11,1,1,N,4,NA,NA,4,97,97,,,0,1,0,0,0,1,0,N,N,N,N,N,N,N,7/15/2015,7:14 PM,227,22,N,N,NA,NA,19,,,1,2100,,BARTON SPRINGS RD,,N,N,35,N,N,,Y,19,,,1,2100,,WILLIAM BARTON RD,,NA,,,,,,11,1,2,NA,4,1,20,7:14 PM,DISPATCH,7:21 PM,7/15/2015,Y,74,NA,NA,105,8,5,1,3,64,21,1,5,1,21,21,227,22,30.26606478,-97.76887246,,,,NA,BARTON SPRINGS RD,NA,NA,NA,NA,,NA,,,,WILLIAM BARTON DR,NA,NA,NA,NA,Y,N,N,2,9,Y,WED,NA,NA,NA,NA,NA,NA,NA,NA,NA,NA,NA,NA,NA,NA,NA,NA,NA,NA,NA,NA,NA,NA,NA,NA,NA,NA,NA,NA,NA,NA,NA,NA,NA,NA,NA,NA,NA,NA,NA,NA,NA,NA,NA,NA,NA,NA,NA,NA,NA,,,NA,NA,NA,NA,0,1,0,1,0,1,0,90,NA,NA
14541586,AUS_14541586,30.43640608,-97.76339846,2,1,3,16,2,NA,1,1,4,11,1,5,N,4,NA,NA,4,97,97,,,0,1,0,0,0,1,0,N,N,N,N,N,N,N,7/16/2015,10:05 PM,246,22,N,Y,NA,NA,19,,,1,7100,,MCNEIL,,N,N,45,N,N,,Y,19,,,1,,,JEKYLL CIR,,NA,,,,,,11,4,4,NA,1,1,20,10:05 PM,DISPATCH,10:15 PM,7/16/2015,Y,74,NA,NA,46,8,5,1,1,64,54,1,5,1,21,21,246,22,30.43640608,-97.76339846,,,,NA,MCNEIL DR,7100,NA,NA,NA,,NA,,,,UNKNOWN,NA,NA,NA,NA,Y,N,N,2,9,Y,THU,NA,NA,NA,NA,NA,NA,NA,NA,NA,NA,NA,NA,NA,NA,NA,NA,NA,NA,NA,NA,NA,NA,NA,NA,NA,NA,NA,NA,NA,NA,NA,NA,NA,NA,NA,NA,NA,NA,NA,NA,NA,NA,NA,NA,NA,NA,NA,NA,NA,,,NA,NA,NA,NA,0,1,0,0,1,1,0,90,NA,NA
14541619,AUS_14541619,30.26429478,-97.74420246,2,1,3,16,3,46,1,2,4,11,1,3,Y,4,NA,NA,4,97,97,,,0,0,1,0,0,1,0,N,N,N,N,N,Y,N,7/17/2015,8:00 AM,227,22,N,N,NA,NA,19,,,1,200,,CONGRESS,AVE,N,N,30,N,N,,Y,19,,,1,100,W,2ND,ST,NA,,,,,,11,1,4,NA,1,1,5,8:00 AM,DISPATCH,8:02 AM,7/17/2015,Y,74,NA,NA,67,8,5,1,3,64,54,1,5,1,21,21,227,22,30.26429478,-97.74420246,,,,NA,CONGRESS AVE,199,NA,NA,NA,,NA,,,,W 2ND ST,NA,NA,NA,NA,Y,N,N,3,9,Y,FRI,NA,NA,NA,NA,NA,NA,NA,NA,NA,NA,NA,NA,NA,NA,NA,NA,NA,NA,NA,NA,NA,NA,NA,NA,NA,NA,NA,NA,NA,NA,NA,NA,NA,NA,NA,NA,NA,NA,NA,NA,NA,NA,NA,NA,NA,NA,NA,NA,NA,,,NA,NA,NA,NA,0,0,1,1,0,1,0,90,NA,NA
14541623,AUS_14541623,30.40320475,-97.74805246,2,1,3,16,3,60,1,1,4,11,1,4,N,4,NA,NA,4,97,97,,,0,0,1,0,0,1,0,N,N,N,N,N,N,N,7/17/2015,7:52 AM,227,22,N,Y,NA,NA,16,,,7,10900,,JOLLYVILLE,RD,N,N,40,N,N,,Y,19,,,1,9000,,HAMILTON,LN,NA,,,,,,11,1,2,NA,1,1,16,7:52 AM,ON SIGHT,7:52 AM,7/17/2015,Y,74,NA,NA,46,8,5,3,2,64,14,1,5,1,32,21,227,22,30.40320475,-97.74805246,,,,NA,JOLLYVILLE RD,10927,NA,NA,NA,,NA,,,,N/A,NA,NA,NA,NA,Y,N,N,3,9,Y,FRI,NA,NA,NA,NA,NA,NA,NA,NA,NA,NA,NA,NA,NA,NA,NA,NA,NA,NA,NA,NA,NA,NA,NA,NA,NA,NA,NA,NA,NA,NA,NA,NA,NA,NA,NA,NA,NA,NA,NA,NA,NA,NA,NA,NA,NA,NA,NA,NA,NA,,,NA,NA,NA,NA,0,0,1,1,0,1,0,90,NA,NA
14552437,AUS_14552437,NA,NA,2,1,3,16,2,16,1,2,4,11,1,3,N,4,NA,NA,4,97,97,,,0,1,0,0,0,1,0,N,N,N,N,N,Y,N,7/22/2015,7:33 AM,227,22,N,N,NA,NA,19,,,1,10800,,LAKELINE,BLVD,N,N,40,N,N,,N,19,,,1,10700,,LYNDHURST,ST,NA,,,,,,11,1,98,NA,1,1,20,7:33 AM,DISPATCH,7:43 AM,7/23/2015,Y,74,NA,NA,46,8,5,4,1,64,14,7,9,5,33,21,227,22,NA,NA,,,,NA,LAKELINE BLVD,NA,NA,NA,NA,,NA,,,,N/A,NA,NA,NA,NA,N,N,N,2,9,N,WED,NA,NA,NA,NA,NA,NA,NA,NA,NA,NA,NA,NA,NA,NA,NA,NA,NA,NA,NA,NA,NA,NA,NA,NA,NA,NA,NA,NA,NA,NA,NA,NA,NA,NA,NA,NA,NA,NA,NA,NA,NA,NA,NA,NA,NA,NA,NA,NA,NA,,,NA,NA,NA,NA,0,1,0,1,0,1,0,NA,NA,NA
14552450,AUS_14552450,30.31343091,-97.73750188,2,1,3,16,2,63,1,2,4,11,1,5,N,4,NA,NA,4,97,97,,,0,1,0,0,0,1,0,N,N,N,N,N,N,N,7/23/2015,7:31 AM,227,22,N,N,NA,NA,19,,,1,800,W,45TH,ST,N,N,30,N,N,,N,19,,,1,,N,LAMAR,BLVD,NA,,,,,,12,1,0,NA,1,1,20,7:40 AM,BY CITIZEN,7:49 AM,7/23/2015,Y,74,NA,NA,10,8,5,2,3,64,54,1,5,1,21,21,227,22,30.31343091,-97.73750188,,,,NA,W 45TH ST,988,NA,NA,NA,,NA,,,,N LAMAR BLVD,NA,NA,NA,NA,Y,N,N,2,9,Y,THU,NA,NA,NA,NA,NA,NA,NA,NA,NA,NA,NA,NA,NA,NA,NA,NA,NA,NA,NA,NA,NA,NA,NA,NA,NA,NA,NA,NA,NA,NA,NA,NA,NA,NA,NA,NA,NA,NA,NA,NA,NA,NA,NA,NA,NA,NA,NA,NA,NA,,,NA,NA,NA,NA,0,1,0,1,0,1,0,90,NA,NA
14557711,AUS_14557711,30.26805478,-97.74281246,2,1,3,16,5,21,1,1,4,11,1,2,N,4,NA,NA,4,97,97,,,0,0,0,1,0,0,0,N,N,N,N,N,N,N,7/17/2015,6:56 PM,227,22,N,N,NA,NA,19,,,1,600,N,CONGRESS,AVE,N,N,35,N,N,,Y,19,,,1,,W,6TH,ST,NA,,,,,,11,1,4,NA,1,1,5,6:56 PM,DISPATCH,6:57 PM,7/17/2015,Y,74,NA,NA,67,8,5,1,3,64,54,1,5,1,21,21,227,22,30.26805478,-97.74281246,,,,NA,CONGRESS AVE,599,NA,NA,NA,,NA,,,,W 6TH ST,NA,NA,NA,NA,N,N,N,5,9,Y,FRI,NA,NA,NA,NA,NA,NA,NA,NA,NA,NA,NA,NA,NA,NA,NA,NA,NA,NA,NA,NA,NA,NA,NA,NA,NA,NA,NA,NA,NA,NA,NA,NA,NA,NA,NA,NA,NA,NA,NA,NA,NA,NA,NA,NA,NA,NA,NA,NA,NA,,,NA,NA,NA,NA,0,0,0,4,0,0,0,90,NA,NA
14569962,AUS_14569962,30.44217039,-97.704339,2,1,3,16,2,28,3,1,4,11,1,4,N,4,NA,NA,4,97,97,,,0,1,0,0,0,1,0,N,N,N,N,N,N,N,7/28/2015,11:20 PM,227,22,N,N,NA,NA,19,,,1,3900,W,W HOWARD LN,LN,N,N,45,N,N,,N,11,1,,2,13800,N,N MOPAC EXPY SVRD SB,EXPY,NA,,,,,,11,3,0,NA,1,1,1,11:20 PM,DISPATCH,11:30 PM,7/28/2015,Y,74,NA,NA,46,8,5,4,1,64,54,1,5,1,21,21,227,22,30.44217039,-97.704339,,,,NA,W HOWARD LN,NA,NA,NA,NA,,NA,,,,N/A,NA,NA,NA,NA,Y,N,N,2,9,Y,TUE,NA,NA,NA,NA,NA,NA,NA,NA,NA,NA,NA,NA,NA,NA,NA,NA,NA,NA,NA,NA,NA,NA,NA,NA,NA,NA,NA,NA,NA,NA,NA,NA,NA,NA,NA,NA,NA,NA,NA,NA,NA,NA,NA,NA,NA,NA,NA,NA,NA,,,NA,NA,NA,NA,0,1,0,1,0,1,0,90,NA,NA
14571344,AUS_14571344,30.32582477,-97.73962245,2,1,3,16,2,26,1,1,4,11,1,1,N,4,NA,NA,4,97,97,,,0,1,0,0,0,1,0,N,N,N,N,N,N,N,7/30/2015,7:57 AM,227,22,N,N,NA,NA,19,,,1,1600,W,NORTHLOOP,BLVD,N,N,-1,N,N,,Y,19,,,1,5300,,BURNET,RD,NA,,,,,,11,1,4,NA,1,1,5,7:57 AM,DISPATCH,8:05 AM,7/30/2015,Y,74,NA,NA,10,8,5,1,3,64,54,1,5,1,21,21,227,22,30.32582477,-97.73962245,,,,NA,W NORTH LOOP BLVD,2101,NA,NA,NA,,NA,,,,BURNET RD,NA,NA,NA,NA,Y,N,N,2,9,Y,THU,NA,NA,NA,NA,NA,NA,NA,NA,NA,NA,NA,NA,NA,NA,NA,NA,NA,NA,NA,NA,NA,NA,NA,NA,NA,NA,NA,NA,NA,NA,NA,NA,NA,NA,NA,NA,NA,NA,NA,NA,NA,NA,NA,NA,NA,NA,NA,NA,NA,,,NA,NA,NA,NA,0,1,0,1,0,1,0,90,NA,NA
14571715,AUS_14571715,NA,NA,2,1,3,16,2,NA,1,1,4,11,1,3,N,4,NA,NA,4,97,97,,,0,1,0,0,0,1,0,N,N,N,N,N,N,N,7/28/2015,11:20 PM,227,22,N,Y,NA,NA,19,,,7,800,S,LAMAR,BLVD,Y,N,-1,N,N,,Y,19,,,7,,,HANOVER S LAMAR DRIVEWAY,,NA,,,,,,11,4,0,NA,5,1,17,11:48 PM,BY CITIZEN,11:48 PM,7/28/2015,Y,74,NA,NA,93,8,5,4,1,64,14,7,9,5,33,21,227,22,NA,NA,,,,NA,S LAMAR BLVD,NA,NA,NA,NA,,NA,,,,N/A,NA,NA,NA,NA,N,N,N,2,9,N,TUE,NA,NA,NA,NA,NA,NA,NA,NA,NA,NA,NA,NA,NA,NA,NA,NA,NA,NA,NA,NA,NA,NA,NA,NA,NA,NA,NA,NA,NA,NA,NA,NA,NA,NA,NA,NA,NA,NA,NA,NA,NA,NA,NA,NA,NA,NA,NA,NA,NA,,,NA,NA,NA,NA,0,1,0,1,0,1,0,NA,NA,NA
14571900,AUS_14571900,30.28063478,-97.73808246,2,1,3,16,3,26,1,1,4,11,1,1,N,4,NA,NA,4,97,97,,,0,0,1,0,0,1,0,N,N,N,N,N,N,N,7/30/2015,5:18 PM,227,22,N,N,NA,NA,19,,,1,100,W,W MARTIN LUTHER KING JR BLVD,BLVD,N,N,30,N,N,,Y,19,,,1,1800,,CONGRESS,AVE,NA,,,,,,11,1,2,NA,1,1,5,5:18 PM,DISPATCH,5:26 PM,7/30/2015,Y,74,NA,NA,10,8,5,1,3,64,54,1,5,1,21,21,227,22,30.28063478,-97.73808246,,,,NA,MARTIN LUTHER KING BLVD E,NA,NA,NA,NA,,NA,,,,UNKNOWN,NA,NA,NA,NA,Y,N,N,3,9,Y,THU,NA,NA,NA,NA,NA,NA,NA,NA,NA,NA,NA,NA,NA,NA,NA,NA,NA,NA,NA,NA,NA,NA,NA,NA,NA,NA,NA,NA,NA,NA,NA,NA,NA,NA,NA,NA,NA,NA,NA,NA,NA,NA,NA,NA,NA,NA,NA,NA,NA,,,NA,NA,NA,NA,0,0,1,1,0,1,0,90,NA,NA
14574694,AUS_14574694,30.26092596,-97.7584974,2,1,3,16,3,56,1,1,4,11,1,3,N,4,NA,NA,4,97,97,,,0,0,1,0,0,1,0,N,N,N,N,N,N,N,8/1/2015,12:27 PM,227,22,N,Y,NA,NA,19,,,1,521,S,LAMAR,BLVD,N,N,30,N,N,,N,19,,,1,1209,,BARTON SPRINGS,RD,NA,,,,,,11,1,0,2,1,1,20,12:27 PM,DISPATCH,12:27 PM,8/1/2015,Y,74,NA,NA,93,8,5,2,1,64,54,1,2,1,21,21,227,22,30.26092596,-97.7584974,SL,343,,3.446,SL0343,495,113,12,1.029,568,-0.931,,,,BARTON SPRINGS RD,NA,NA,NA,NA,Y,Y,N,3,9,Y,SAT,3,0,0,0,22,2,6,120,72,72,4,1,1,1,0,0,1,0,0,1,22,4,14,33647,2014,33647,1.2,0.4,1.6,NA,NA,NA,NA,NA,NA,NA,NA,NA,NA,NA,NA,NA,NA,NA,NA,NA,NA,NA,NA,,,NA,NA,NA,NA,0,0,1,1,0,1,0,90,NA,NA
14575883,AUS_14575883,30.28768612,-97.74159191,2,1,3,16,2,21,1,1,4,11,1,3,N,4,NA,NA,4,97,97,,,0,1,0,0,0,1,0,N,N,N,N,N,N,N,5/1/2015,11:00 AM,227,22,N,Y,NA,NA,19,,,1,,W,24TH,ST,N,N,-1,N,N,,N,19,,,1,,,GUADALUPE,ST,NA,,,,,,11,1,0,NA,1,1,1,3:16 PM,DISPATCH,7:10 PM,5/3/2015,N,74,NA,NA,10,8,5,4,3,64,3,1,5,1,21,21,227,22,30.28768612,-97.74159191,,,,NA,W 24TH ST,402,NA,NA,NA,,NA,,,,N/A,NA,NA,NA,NA,Y,N,N,2,9,Y,FRI,NA,NA,NA,NA,NA,NA,NA,NA,NA,NA,NA,NA,NA,NA,NA,NA,NA,NA,NA,NA,NA,NA,NA,NA,NA,NA,NA,NA,NA,NA,NA,NA,NA,NA,NA,NA,NA,NA,NA,NA,NA,NA,NA,NA,NA,NA,NA,NA,NA,,,NA,NA,NA,NA,0,1,0,0,1,1,0,90,NA,NA
14576374,AUS_14576374,30.20504479,-97.83621244,2,1,3,16,3,17,1,2,4,11,1,5,N,4,NA,NA,4,97,97,,,0,0,1,0,0,1,0,N,N,N,N,N,N,N,7/31/2015,6:00 PM,227,22,N,N,NA,NA,19,,,1,7700,,BRODIE,LN,N,N,-1,N,N,,Y,19,,,1,3400,,BLUMIE,ST,NA,,,,,,11,1,2,NA,1,1,5,7:00 PM,DISPATCH,7:30 PM,7/31/2015,N,74,NA,NA,93,8,5,2,1,64,54,1,5,1,21,21,227,22,30.20504479,-97.83621244,,,,NA,BRODIE LN,NA,NA,NA,NA,,NA,,,,BLUMIE ST,NA,NA,NA,NA,Y,N,N,3,9,Y,FRI,NA,NA,NA,NA,NA,NA,NA,NA,NA,NA,NA,NA,NA,NA,NA,NA,NA,NA,NA,NA,NA,NA,NA,NA,NA,NA,NA,NA,NA,NA,NA,NA,NA,NA,NA,NA,NA,NA,NA,NA,NA,NA,NA,NA,NA,NA,NA,NA,NA,,,NA,NA,NA,NA,0,0,1,0,1,1,0,90,NA,NA