CrashID,CrashID1,Latitude,Longitude,Unit_Nbr,Prsn_Nbr,Prsn_Type_ID,Prsn_Occpnt_Pos_ID,Prsn_Injry_Sev_ID,Prsn_Age,Prsn_Ethnicity_ID,Prsn_Gndr_ID,Prsn_Ejct_ID,Prsn_Rest_ID,Prsn_Airbag_ID,Prsn_Helmet_ID,Prsn_Sol_Fl,Prsn_Alc_Spec_Type_ID,Prsn_Alc_Rslt_ID,Prsn_Bac_Test_Rslt,Prsn_Drg_Spec_Type_ID,Prsn_Drg_Rslt_ID,Drvr_Drg_Cat_1_ID,Prsn_Death_Date,Prsn_Death_Time,Incap_Injry_Cnt.x,Nonincap_Injry_Cnt.x,Poss_Injry_Cnt.x,Non_Injry_Cnt.x,Unkn_Injry_Cnt.x,Tot_Injry_Cnt.x,Death_Cnt.x,Crash_Fatal_Fl,Cmv_Involv_Fl,Schl_Bus_Fl,Rr_Relat_Fl,Medical_Advisory_Fl,Amend_Supp_Fl,Active_School_Zone_Fl,Crash_Date,Crash_Time,Rpt_CRIS_Cnty_ID,Rpt_City_ID,Rpt_Outside_City_Limit_Fl,Thousand_Damage_Fl,Rpt_Latitude,Rpt_Longitude,Rpt_Rdwy_Sys_ID,Rpt_Hwy_Num,Rpt_Hwy_Sfx,Rpt_Road_Part_ID,Rpt_Block_Num,Rpt_Street_Pfx,Rpt_Street_Name,Rpt_Street_Sfx,Private_Dr_Fl,Toll_Road_Fl,Crash_Speed_Limit,Road_Constr_Zone_Fl,Road_Constr_Zone_Wrkr_Fl,Rpt_Street_Desc,At_Intrsct_Fl,Rpt_Sec_Rdwy_Sys_ID,Rpt_Sec_Hwy_Num,Rpt_Sec_Hwy_Sfx,Rpt_Sec_Road_Part_ID,Rpt_Sec_Block_Num,Rpt_Sec_Street_Pfx,Rpt_Sec_Street_Name,Rpt_Sec_Street_Sfx,Rpt_Ref_Mark_Offset_Amt,Rpt_Ref_Mark_Dist_Uom,Rpt_Ref_Mark_Dir,Rpt_Ref_Mark_Nbr,Rpt_Sec_Street_Desc,Rpt_CrossingNumber,Wthr_Cond_ID,Light_Cond_ID,Entr_Road_ID,Road_Type_ID,Road_Algn_ID,Surf_Cond_ID,Traffic_Cntl_ID,Investigat_Notify_Time,Investigat_Notify_Meth,Investigat_Arrv_Time,Report_Date,Investigat_Comp_Fl,Investigat_Agency_ID,Investigat_Area_ID,Investigat_District_ID,Investigat_Region_ID,Bridge_Detail_ID,Harm_Evnt_ID,Intrsct_Relat_ID,FHE_Collsn_ID,Obj_Struck_ID,Othr_Factr_ID,Road_Part_Adj_ID,Road_Cls_ID,Road_Relat_ID,Phys_Featr_1_ID,Phys_Featr_2_ID,Cnty_ID,City_ID,Latitude,Longitude,Hwy_Sys,Hwy_Nbr,Hwy_Sfx,Dfo,Street_Name,Street_Nbr,Control,Section,Milepoint,Ref_Mark_Nbr,Ref_Mark_Displ,Hwy_Sys_2,Hwy_Nbr_2,Hwy_Sfx_2,Street_Name_2,Street_Nbr_2,Control_2,Section_2,Milepoint_2,Txdot_Rptable_Fl,Onsys_Fl,Rural_Fl,Crash_Sev_ID,Pop_Group_ID,Located_Fl,Day_of_Week,Hwy_Dsgn_Lane_ID,Hwy_Dsgn_Hrt_ID,Hp_Shldr_Left,Hp_Shldr_Right,Hp_Median_Width,Base_Type_ID,Nbr_Of_Lane,Row_Width_Usual,Roadbed_Width,Surf_Width,Surf_Type_ID,Curb_Type_Left_ID,Curb_Type_Right_ID,Shldr_Type_Left_ID,Shldr_Width_Left,Shldr_Use_Left_ID,Shldr_Type_Right_ID,Shldr_Width_Right,Shldr_Use_Right_ID,Median_Type_ID,Median_Width,Rural_Urban_Type_ID,Func_Sys_ID,Adt_Curnt_Amt,Adt_Curnt_Year,Adt_Adj_Curnt_Amt,Pct_Single_Trk_Adt,Pct_Combo_Trk_Adt,Trk_Aadt_Pct,Curve_Type_ID,Curve_Lngth,Cd_Degr,Delta_Left_Right_ID,Dd_Degr,Feature_Crossed,Structure_Number,I_R_Min_Vert_Clear,Approach_Width,Bridge_Median_ID,Bridge_Loading_Type_ID,Bridge_Loading_In_1000_Lbs,Bridge_Srvc_Type_On_ID,Bridge_Srvc_Type_Under_ID,Culvert_Type_ID,Roadway_Width,Deck_Width,Bridge_Dir_Of_Traffic_ID,Bridge_Rte_Struct_Func_ID,Bridge_IR_Struct_Func_ID,CrossingNumber,RRCo,Poscrossing_ID,WDCode_ID,Standstop,Yield,Incap_Injry_Cnt.y,Nonincap_Injry_Cnt.y,Poss_Injry_Cnt.y,Non_Injry_Cnt.y,Unkn_Injry_Cnt.y,Tot_Injry_Cnt.y,Death_Cnt.y,MPO_ID,Unit_ID,Unit_Prsn_ID
14712481,AUS_14712481,30.1724048,-97.79957245,2,1,3,16,2,37,1,1,4,11,1,4,N,4,NA,NA,4,97,97,,,0,1,0,0,0,1,0,N,N,N,N,N,N,N,10/23/2015,10:04 AM,227,22,N,Y,NA,NA,19,,,1,500,W,SLAUGHTER,LN,N,N,45,N,N,,Y,19,,,1,8900,S,1ST,ST,NA,,,,,,2,1,4,NA,1,2,5,10:05 AM,DISPATCH,10:07 AM,10/23/2015,Y,74,NA,NA,93,8,5,1,1,64,54,1,5,1,21,21,227,22,30.1724048,-97.79957245,,,,NA,W SLAUGHTER LN,NA,NA,NA,NA,,NA,,,,S 1ST ST,NA,NA,NA,NA,Y,N,N,2,9,Y,FRI,NA,NA,NA,NA,NA,NA,NA,NA,NA,NA,NA,NA,NA,NA,NA,NA,NA,NA,NA,NA,NA,NA,NA,NA,NA,NA,NA,NA,NA,NA,NA,NA,NA,NA,NA,NA,NA,NA,NA,NA,NA,NA,NA,NA,NA,NA,NA,NA,NA,,,NA,NA,NA,NA,0,1,0,1,0,1,0,90,NA,NA
14716854,AUS_14716854,30.27367478,-97.74456246,2,1,3,16,2,23,1,2,4,11,1,5,N,4,NA,NA,4,97,97,,,0,1,0,0,0,1,0,N,N,N,N,N,N,N,10/9/2015,5:11 PM,227,22,N,N,NA,NA,19,,,1,,,GUADALUPE,ST,N,N,30,N,N,,Y,19,,,1,,W,11TH,ST,NA,,,,,,11,1,4,NA,2,1,16,5:11 PM,DISPATCH,5:15 PM,10/9/2015,Y,74,NA,NA,67,8,5,1,2,64,54,1,5,1,21,21,227,22,30.27367478,-97.74456246,,,,NA,GUADALUPE ST,1101,NA,NA,NA,,NA,,,,W 11TH ST,NA,NA,NA,NA,Y,N,N,2,9,Y,FRI,NA,NA,NA,NA,NA,NA,NA,NA,NA,NA,NA,NA,NA,NA,NA,NA,NA,NA,NA,NA,NA,NA,NA,NA,NA,NA,NA,NA,NA,NA,NA,NA,NA,NA,NA,NA,NA,NA,NA,NA,NA,NA,NA,NA,NA,NA,NA,NA,NA,,,NA,NA,NA,NA,0,1,0,0,1,1,0,90,NA,NA
14719837,AUS_14719837,NA,NA,2,1,3,16,2,48,1,1,4,11,1,4,N,4,NA,NA,4,97,97,,,0,1,0,0,0,1,0,N,N,N,N,N,N,N,10/26/2015,12:01 PM,227,22,N,N,NA,NA,19,,,7,8700,N,N LAMAR BLVD,,N,N,45,N,N,,N,19,,,7,,,ANDERSON LANE,,NA,,,,,,11,1,0,NA,1,1,1,11:40 AM,DISPATCH,12:11 PM,10/26/2015,Y,74,NA,NA,123,8,5,4,1,64,14,7,9,5,1,21,227,22,NA,NA,,,,NA,N N LAMAR BLVD,NA,NA,NA,NA,,NA,,,,N/A,NA,NA,NA,NA,N,N,N,2,9,N,MON,NA,NA,NA,NA,NA,NA,NA,NA,NA,NA,NA,NA,NA,NA,NA,NA,NA,NA,NA,NA,NA,NA,NA,NA,NA,NA,NA,NA,NA,NA,NA,NA,NA,NA,NA,NA,NA,NA,NA,NA,NA,NA,NA,NA,NA,NA,NA,NA,NA,,,NA,NA,NA,NA,0,1,0,1,0,1,0,NA,NA,NA
14721520,AUS_14721520,30.26073929,-97.79349199,2,1,3,16,5,24,1,1,4,11,1,4,N,4,NA,NA,4,97,97,,,0,0,0,1,0,0,0,N,N,N,N,N,N,N,10/2/2015,11:04 PM,227,22,N,N,NA,NA,19,,,1,1900,,SPYGLASS,DR,N,N,35,N,N,,Y,11,1,,2,1700,S,MOPAC EXPY,EXPY,NA,,,,,,11,4,2,2,1,1,8,11:04 PM,DISPATCH,11:10 PM,10/2/2015,Y,74,NA,NA,93,8,5,1,1,64,54,2,2,1,21,21,227,22,30.26073929,-97.79349199,SL,1,,17.043,SL0001,NA,3136,1,17.052,442,-0.842,RM,2244,,RM2244,NA,NA,NA,NA,N,Y,N,5,9,Y,FRI,5,0,6,10,72,2,6,610,104,72,4,1,0,2,12,5,2,20,5,1,60,4,12,118604,2014,118604,1.3,0.3,1.6,NA,NA,NA,NA,NA,NA,NA,NA,NA,NA,NA,NA,NA,NA,NA,NA,NA,NA,NA,NA,,,NA,NA,NA,NA,0,0,0,4,0,0,0,90,NA,NA
14721737,AUS_14721737,30.24247478,-97.71723247,2,1,3,16,2,38,4,1,4,11,1,1,N,5,NA,NA,4,97,97,,,0,1,0,0,0,1,0,N,N,N,N,N,N,N,10/27/2015,9:03 AM,227,22,N,Y,NA,NA,19,,,1,,N,PLEASANT VALLEY,DR,N,N,35,N,N,,Y,19,,,1,,E,LAKESHORE,DR,NA,,,,,,11,1,2,NA,1,1,5,9:06 AM,DISPATCH,9:16 AM,10/27/2015,Y,74,NA,NA,98,8,5,2,1,64,3,1,5,1,21,21,227,22,30.24247478,-97.71723247,,,,NA,S PLEASANT VALLEY RD,1009,NA,NA,NA,,NA,,,,S LAKESHORE BLVD,NA,NA,NA,NA,Y,N,N,2,9,Y,TUE,NA,NA,NA,NA,NA,NA,NA,NA,NA,NA,NA,NA,NA,NA,NA,NA,NA,NA,NA,NA,NA,NA,NA,NA,NA,NA,NA,NA,NA,NA,NA,NA,NA,NA,NA,NA,NA,NA,NA,NA,NA,NA,NA,NA,NA,NA,NA,NA,NA,,,NA,NA,NA,NA,0,1,0,2,0,1,0,90,NA,NA
14730142,AUS_14730142,30.26373918,-97.73079909,2,1,3,16,5,39,1,1,4,11,1,4,N,4,NA,NA,4,97,97,,,0,0,0,1,0,0,0,N,N,N,N,N,N,N,10/22/2015,8:00 PM,227,22,N,N,NA,NA,19,,,1,500,N,WALLER ST,ST,N,N,25,N,N,,N,19,,,1,1100,E,5TH ST,ST,NA,,,,,,11,4,4,NA,2,1,1,8:45 PM,DISPATCH,8:53 PM,10/22/2015,N,74,NA,NA,67,8,5,4,3,64,54,1,5,1,11,21,227,22,30.26373918,-97.73079909,,,,NA,WALLER ST,526,NA,NA,NA,,NA,,,,N/A,NA,NA,NA,NA,N,N,N,5,9,Y,THU,NA,NA,NA,NA,NA,NA,NA,NA,NA,NA,NA,NA,NA,NA,NA,NA,NA,NA,NA,NA,NA,NA,NA,NA,NA,NA,NA,NA,NA,NA,NA,NA,NA,NA,NA,NA,NA,NA,NA,NA,NA,NA,NA,NA,NA,NA,NA,NA,NA,,,NA,NA,NA,NA,0,0,0,2,0,0,0,90,NA,NA
14730278,AUS_14730278,30.32577446,-97.70551931,2,1,3,16,3,14,2,2,4,11,1,4,N,4,NA,NA,4,97,97,,,0,0,1,0,0,1,0,N,N,N,N,N,N,N,10/28/2015,3:56 PM,227,22,N,N,NA,NA,19,,,1,800,,LA POSADA,DR,N,N,-1,N,N,,N,1,35,,2,,,NOT REPORTED,,NA,,,,,,12,1,98,NA,1,1,8,3:56 PM,BY CITIZEN,3:56 PM,10/28/2015,Y,74,NA,NA,121,8,5,2,1,64,3,2,1,1,21,21,227,22,30.32577446,-97.70551931,,,,NA,LA POSADA DR,NA,NA,NA,NA,,NA,IH,35,,IH0035,NA,NA,NA,NA,Y,N,N,3,9,Y,WED,NA,NA,NA,NA,NA,NA,NA,NA,NA,NA,NA,NA,NA,NA,NA,NA,NA,NA,NA,NA,NA,NA,NA,NA,NA,NA,NA,NA,NA,NA,NA,NA,NA,NA,NA,NA,NA,NA,NA,NA,NA,NA,NA,NA,NA,NA,NA,NA,NA,,,NA,NA,NA,NA,0,0,1,2,0,1,0,90,NA,NA
14730349,AUS_14730349,30.30295354,-97.7164986,2,1,3,16,2,45,1,1,4,11,1,4,N,4,NA,NA,4,97,97,,,0,1,0,0,0,1,0,N,N,N,N,N,N,N,10/29/2015,4:01 PM,227,22,N,N,NA,NA,19,,,1,1029,E,CLARKSON,AVE,N,N,-1,N,N,,N,19,,,1,4500,E,45,ST,NA,,,,,,11,1,2,NA,1,1,5,4:01 PM,DISPATCH,4:03 PM,10/29/2015,Y,74,NA,NA,10,8,5,1,1,64,3,1,5,1,21,21,227,22,30.30295354,-97.7164986,,,,NA,CLARKSON AVE,4415,NA,NA,NA,,NA,,,,E 45TH ST,NA,NA,NA,NA,Y,N,N,2,9,Y,THU,NA,NA,NA,NA,NA,NA,NA,NA,NA,NA,NA,NA,NA,NA,NA,NA,NA,NA,NA,NA,NA,NA,NA,NA,NA,NA,NA,NA,NA,NA,NA,NA,NA,NA,NA,NA,NA,NA,NA,NA,NA,NA,NA,NA,NA,NA,NA,NA,NA,,,NA,NA,NA,NA,0,1,0,1,0,1,0,90,NA,NA
14730515,AUS_14730515,30.38954926,-97.74504852,2,1,3,16,1,39,1,1,4,11,1,4,N,4,NA,NA,4,97,97,,,1,0,0,0,0,1,0,N,N,N,N,N,N,N,11/1/2015,5:30 PM,227,22,N,Y,NA,NA,2,183,,2,9800,N,RESEARCH SB,BLVD,N,N,50,N,N,,Y,2,360,,1,,N,CAPITOL OF TEXAS,HWY,NA,,,,,,11,1,6,2,1,1,20,5:30 PM,DISPATCH,5:34 PM,11/1/2015,Y,74,NA,NA,46,6,5,2,1,64,54,2,2,1,21,21,227,22,30.38954926,-97.74504852,US,183,,314.461,US0183,NA,151,6,3.642,510,-0.368,SL,360,,SL0360,NA,113,13,11.052,Y,Y,N,1,9,Y,SUN,5,0,10,10,56,2,6,260,128,72,5,0,0,2,20,5,2,20,5,2,36,4,12,122507,2014,122507,2.3,2,4.3,NA,NA,NA,NA,NA,NA,NA,NA,NA,NA,NA,NA,NA,NA,NA,NA,NA,NA,NA,NA,,,NA,NA,NA,NA,1,0,0,2,0,1,0,90,NA,NA
14733321,AUS_14733321,30.23551479,-97.79011745,2,1,3,16,3,31,1,1,4,11,1,2,N,4,NA,NA,4,97,97,,,0,0,1,0,0,1,0,N,N,N,N,N,N,N,10/24/2015,8:58 AM,227,22,N,N,NA,NA,19,,,1,4000,N,VICTORY,DR,N,N,35,N,N,,N,19,,,1,,W,PANTHER,TRL,NA,,,,,,2,1,2,NA,1,2,1,8:58 AM,DISPATCH,9:05 AM,10/24/2015,Y,74,NA,NA,93,8,5,3,3,64,13,1,5,1,32,21,227,22,30.23551479,-97.79011745,,,,NA,VICTORY DR,4000,NA,NA,NA,,NA,,,,N/A,NA,NA,NA,NA,Y,N,N,3,9,Y,SAT,NA,NA,NA,NA,NA,NA,NA,NA,NA,NA,NA,NA,NA,NA,NA,NA,NA,NA,NA,NA,NA,NA,NA,NA,NA,NA,NA,NA,NA,NA,NA,NA,NA,NA,NA,NA,NA,NA,NA,NA,NA,NA,NA,NA,NA,NA,NA,NA,NA,,,NA,NA,NA,NA,0,0,1,1,0,1,0,90,NA,NA
14733387,AUS_14733387,30.29142023,-97.73511422,2,1,3,16,3,48,1,1,4,11,1,4,N,4,NA,NA,4,97,97,,,0,0,1,0,0,1,0,N,N,N,N,N,N,N,10/30/2015,10:54 PM,227,22,N,Y,NA,NA,19,,,1,2807,,SAN JACINTO,BLVD,N,N,25,N,N,,N,19,,,1,,,DUVAL,ST,NA,,,,,,12,4,0,NA,5,1,16,10:54 PM,DISPATCH,11:00 PM,10/31/2015,Y,74,NA,NA,10,8,5,3,4,64,14,1,5,1,32,21,227,22,30.29142023,-97.73511422,,,,NA,SAN JACINTO BLVD,2905,NA,NA,NA,,NA,,,,N/A,NA,NA,NA,NA,Y,N,N,3,9,Y,FRI,NA,NA,NA,NA,NA,NA,NA,NA,NA,NA,NA,NA,NA,NA,NA,NA,NA,NA,NA,NA,NA,NA,NA,NA,NA,NA,NA,NA,NA,NA,NA,NA,NA,NA,NA,NA,NA,NA,NA,NA,NA,NA,NA,NA,NA,NA,NA,NA,NA,,,NA,NA,NA,NA,0,0,1,1,0,1,0,90,NA,NA
14735489,AUS_14735489,30.23326111,-97.79729462,2,1,3,16,3,32,1,1,4,11,1,3,N,4,NA,NA,4,97,97,,,0,0,1,0,0,1,0,N,N,N,N,N,N,N,8/9/2015,3:44 AM,227,22,N,N,NA,NA,19,,,1,100,S,LAMAR,BLVD,N,N,35,N,N,ON BRIDGE,N,19,,,1,,W,CESAR CHAVEZ,ST,NA,,,,,,11,4,0,2,1,1,1,3:44 AM,DISPATCH,3:50 AM,8/9/2015,Y,74,NA,NA,10,8,5,4,1,64,54,1,2,1,21,21,227,22,30.23326111,-97.79729462,US,290,,114.349,US0290,NA,113,13,0.292,576,-0.898,,,,N/A,NA,NA,NA,NA,Y,Y,N,3,9,Y,SUN,5,0,10,10,30,9,7,380,124,84,5,0,0,2,20,5,2,20,5,2,10,4,12,105589,2014,105589,6.1,5.3,11.4,1,297,3,2,46,NA,NA,NA,NA,NA,NA,NA,NA,NA,NA,NA,NA,NA,NA,NA,,,NA,NA,NA,NA,0,0,1,0,1,1,0,90,NA,NA
14737695,AUS_14737695,30.20283479,-97.80688245,2,1,3,16,2,10,3,1,4,11,1,5,Y,4,NA,NA,4,97,97,,,0,1,0,0,0,1,0,N,N,N,N,N,N,N,8/28/2015,5:05 PM,227,22,N,N,NA,NA,19,,,1,6900,,MANCHACA,RD,N,N,35,N,N,,Y,19,,,1,2000,W,WILLIAM CANNON,DR,NA,,,,,,11,1,4,NA,1,1,15,3:05 PM,DISPATCH,3:15 PM,8/28/2015,N,74,NA,NA,93,8,5,2,2,64,54,1,5,1,21,21,227,22,30.20283479,-97.80688245,,,,NA,MANCHACA RD,NA,NA,NA,NA,,NA,,,,W WILLIAM CANNON DR,NA,NA,NA,NA,Y,N,N,2,9,Y,FRI,NA,NA,NA,NA,NA,NA,NA,NA,NA,NA,NA,NA,NA,NA,NA,NA,NA,NA,NA,NA,NA,NA,NA,NA,NA,NA,NA,NA,NA,NA,NA,NA,NA,NA,NA,NA,NA,NA,NA,NA,NA,NA,NA,NA,NA,NA,NA,NA,NA,,,NA,NA,NA,NA,0,1,0,0,1,1,0,90,NA,NA
14737746,AUS_14737746,30.27097478,-97.75250246,2,1,3,16,3,24,1,1,4,11,1,2,N,4,NA,NA,4,97,97,,,0,0,1,0,0,1,0,N,N,N,N,N,N,N,9/17/2015,7:37 PM,227,22,N,N,NA,NA,19,,,1,800,W,6TH,ST,N,N,35,N,N,,Y,19,,,1,500,N,BOWIE,ST,NA,,,,,,11,5,2,NA,1,1,5,7:38 PM,DISPATCH,7:44 PM,9/17/2015,Y,74,NA,NA,67,8,5,1,1,64,54,1,5,1,21,21,227,22,30.27097478,-97.75250246,,,,NA,W 6TH ST,844,NA,NA,NA,,NA,,,,BOWIE ST,NA,NA,NA,NA,Y,N,N,3,9,Y,THU,NA,NA,NA,NA,NA,NA,NA,NA,NA,NA,NA,NA,NA,NA,NA,NA,NA,NA,NA,NA,NA,NA,NA,NA,NA,NA,NA,NA,NA,NA,NA,NA,NA,NA,NA,NA,NA,NA,NA,NA,NA,NA,NA,NA,NA,NA,NA,NA,NA,,,NA,NA,NA,NA,0,0,1,1,0,1,0,90,NA,NA
14737784,AUS_14737784,30.21168479,-97.87647243,2,1,3,16,2,68,1,1,4,11,1,1,N,4,NA,NA,4,97,97,,,0,1,0,0,0,1,0,N,N,N,N,N,N,N,10/18/2015,10:45 AM,227,22,N,N,NA,NA,19,,,1,,,ESCARPMENT,BLVD,N,N,40,N,N,,Y,19,,,1,,,DAVIS,LN,NA,,,,,,11,1,0,NA,1,1,16,10:36 AM,DISPATCH,10:42 AM,10/18/2015,Y,74,NA,NA,93,8,5,1,2,64,54,1,5,1,21,21,227,22,30.21168479,-97.87647243,,,,NA,ESCARPMENT BLVD,8799,NA,NA,NA,,NA,,,,DAVIS LN,NA,NA,NA,NA,Y,N,N,2,9,Y,SUN,NA,NA,NA,NA,NA,NA,NA,NA,NA,NA,NA,NA,NA,NA,NA,NA,NA,NA,NA,NA,NA,NA,NA,NA,NA,NA,NA,NA,NA,NA,NA,NA,NA,NA,NA,NA,NA,NA,NA,NA,NA,NA,NA,NA,NA,NA,NA,NA,NA,,,NA,NA,NA,NA,0,1,0,1,0,1,0,90,NA,NA
14737843,AUS_14737843,30.35756979,-97.74950743,2,1,3,16,2,10,1,1,4,11,1,4,N,4,NA,NA,4,97,97,,,0,1,0,0,0,1,0,N,N,N,N,N,N,N,11/1/2015,11:47 AM,227,22,N,N,NA,NA,19,,,1,7400,,SHADOW HILL,DR,N,N,30,N,N,,N,19,,,1,,,GREYSTONE,DR,NA,,,,,,12,1,0,NA,1,1,1,11:49 AM,DISPATCH,12:02 PM,11/1/2015,Y,74,NA,NA,10,8,5,4,1,64,54,1,5,1,21,21,227,22,30.35756979,-97.74950743,,,,NA,SHADOW HILL DR,7445,NA,NA,NA,,NA,,,,N/A,NA,NA,NA,NA,Y,N,N,2,9,Y,SUN,NA,NA,NA,NA,NA,NA,NA,NA,NA,NA,NA,NA,NA,NA,NA,NA,NA,NA,NA,NA,NA,NA,NA,NA,NA,NA,NA,NA,NA,NA,NA,NA,NA,NA,NA,NA,NA,NA,NA,NA,NA,NA,NA,NA,NA,NA,NA,NA,NA,,,NA,NA,NA,NA,0,1,0,1,0,1,0,90,NA,NA
14744570,AUS_14744570,NA,NA,2,1,3,16,2,30,2,2,4,11,1,4,N,4,NA,NA,4,97,97,,,0,1,0,0,0,1,0,N,N,N,N,N,N,N,9/20/2015,2:40 AM,227,22,N,N,NA,NA,19,,,1,,,ANDERSON MILL,,N,N,35,N,N,,Y,19,,,1,,,SWANSON DR,,NA,,,,,,11,4,2,NA,1,1,8,2:40 AM,DISPATCH,2:40 AM,9/20/2015,Y,74,NA,NA,46,8,5,1,1,64,54,1,5,1,21,21,227,22,NA,NA,,,,NA,ANDERSON MILL,NA,NA,NA,NA,,NA,,,,SWANSON DR,NA,NA,NA,NA,Y,N,N,2,9,N,SUN,NA,NA,NA,NA,NA,NA,NA,NA,NA,NA,NA,NA,NA,NA,NA,NA,NA,NA,NA,NA,NA,NA,NA,NA,NA,NA,NA,NA,NA,NA,NA,NA,NA,NA,NA,NA,NA,NA,NA,NA,NA,NA,NA,NA,NA,NA,NA,NA,NA,,,NA,NA,NA,NA,0,1,0,0,1,1,0,NA,NA,NA
14744849,AUS_14744849,30.30772477,-97.73254246,2,1,3,16,3,33,1,2,4,11,1,4,N,4,NA,NA,4,97,97,,,0,0,1,0,0,1,0,N,N,N,N,N,N,N,11/9/2015,1:49 PM,227,22,N,N,NA,NA,19,,,1,400,,W 43RD ST,,N,N,30,N,N,PAVED ROAD,Y,19,,,1,4300,,AVENUE B,,NA,,,,PAVED ROAD,,11,1,4,NA,1,1,9,1:49 PM,DISPATCH,1:50 PM,11/9/2015,Y,74,NA,NA,10,8,5,1,1,64,54,1,5,1,21,21,227,22,30.30772477,-97.73254246,,,,NA,W 43RD ST,400,NA,NA,NA,,NA,,,,AVENUE B,NA,NA,NA,NA,Y,N,N,3,9,Y,MON,NA,NA,NA,NA,NA,NA,NA,NA,NA,NA,NA,NA,NA,NA,NA,NA,NA,NA,NA,NA,NA,NA,NA,NA,NA,NA,NA,NA,NA,NA,NA,NA,NA,NA,NA,NA,NA,NA,NA,NA,NA,NA,NA,NA,NA,NA,NA,NA,NA,,,NA,NA,NA,NA,0,0,1,1,0,1,0,90,NA,NA
14746760,AUS_14746760,30.32344143,-97.72384913,2,1,3,16,3,27,4,2,4,11,1,3,N,4,NA,NA,4,97,97,,,0,0,1,0,0,1,0,N,N,N,N,N,N,N,11/9/2015,5:34 PM,227,22,N,N,NA,NA,19,,,1,5510,,GUADALUPE,ST,N,N,-1,N,N,GUADALUPE ST SB,N,19,,,1,600,W,KOENIG,LN,NA,,,,,,11,1,4,NA,1,1,16,5:34 PM,DISPATCH,5:37 PM,11/9/2015,Y,74,NA,NA,121,8,5,3,3,64,14,1,5,1,32,21,227,22,30.32344143,-97.72384913,,,,NA,GUADALUPE ST,5593,NA,NA,NA,,NA,,,,N/A,NA,NA,NA,NA,Y,N,N,3,9,Y,MON,NA,NA,NA,NA,NA,NA,NA,NA,NA,NA,NA,NA,NA,NA,NA,NA,NA,NA,NA,NA,NA,NA,NA,NA,NA,NA,NA,NA,NA,NA,NA,NA,NA,NA,NA,NA,NA,NA,NA,NA,NA,NA,NA,NA,NA,NA,NA,NA,NA,,,NA,NA,NA,NA,0,0,1,1,0,1,0,90,NA,NA
14750027,AUS_14750027,30.24984478,-97.74959246,2,1,3,16,1,55,1,2,4,11,1,1,N,4,NA,NA,4,97,97,,,1,0,0,0,0,1,0,N,N,N,N,N,N,N,11/3/2015,8:54 AM,227,22,N,Y,NA,NA,19,,,1,1300,S,CONGRESS,AVE,N,N,35,N,N,,Y,19,,,1,100,E,GIBSON,ST,NA,,,,,,11,5,98,NA,2,1,1,8:54 AM,DISPATCH,8:57 AM,11/3/2015,Y,74,NA,NA,93,8,5,1,1,64,3,1,5,1,21,21,227,22,30.24984478,-97.74959246,,,,NA,CONGRESS AVE S,1399,NA,NA,NA,,NA,,,,GIBSON ST E,NA,NA,NA,NA,Y,N,N,1,9,Y,TUE,NA,NA,NA,NA,NA,NA,NA,NA,NA,NA,NA,NA,NA,NA,NA,NA,NA,NA,NA,NA,NA,NA,NA,NA,NA,NA,NA,NA,NA,NA,NA,NA,NA,NA,NA,NA,NA,NA,NA,NA,NA,NA,NA,NA,NA,NA,NA,NA,NA,,,NA,NA,NA,NA,1,0,0,1,0,1,0,90,NA,NA
14750427,AUS_14750427,30.2381331,-97.75410771,2,1,3,16,2,55,1,1,4,11,1,5,N,4,NA,NA,4,97,97,,,0,1,0,0,0,1,0,N,N,N,N,N,N,N,11/10/2015,8:46 AM,227,22,N,Y,NA,NA,19,,,1,2400,S,CONGRESS,AVE,N,N,40,Y,N,,N,19,,,1,100,E,OLTORF,ST,NA,,,,,,12,1,0,NA,1,1,16,8:29 AM,DISPATCH,8:43 AM,11/10/2015,Y,74,NA,NA,93,8,5,3,1,64,49,1,5,2,32,21,227,22,30.2381331,-97.75410771,,,,NA,S CONGRESS AVE,2439,NA,NA,NA,,NA,,,,N/A,NA,NA,NA,NA,Y,N,N,2,9,Y,TUE,NA,NA,NA,NA,NA,NA,NA,NA,NA,NA,NA,NA,NA,NA,NA,NA,NA,NA,NA,NA,NA,NA,NA,NA,NA,NA,NA,NA,NA,NA,NA,NA,NA,NA,NA,NA,NA,NA,NA,NA,NA,NA,NA,NA,NA,NA,NA,NA,NA,,,NA,NA,NA,NA,0,1,0,1,0,1,0,90,NA,NA