CrashID,CrashID1,Latitude,Longitude,Unit_Nbr,Prsn_Nbr,Prsn_Type_ID,Prsn_Occpnt_Pos_ID,Prsn_Injry_Sev_ID,Prsn_Age,Prsn_Ethnicity_ID,Prsn_Gndr_ID,Prsn_Ejct_ID,Prsn_Rest_ID,Prsn_Airbag_ID,Prsn_Helmet_ID,Prsn_Sol_Fl,Prsn_Alc_Spec_Type_ID,Prsn_Alc_Rslt_ID,Prsn_Bac_Test_Rslt,Prsn_Drg_Spec_Type_ID,Prsn_Drg_Rslt_ID,Drvr_Drg_Cat_1_ID,Prsn_Death_Date,Prsn_Death_Time,Incap_Injry_Cnt.x,Nonincap_Injry_Cnt.x,Poss_Injry_Cnt.x,Non_Injry_Cnt.x,Unkn_Injry_Cnt.x,Tot_Injry_Cnt.x,Death_Cnt.x,Crash_Fatal_Fl,Cmv_Involv_Fl,Schl_Bus_Fl,Rr_Relat_Fl,Medical_Advisory_Fl,Amend_Supp_Fl,Active_School_Zone_Fl,Crash_Date,Crash_Time,Rpt_CRIS_Cnty_ID,Rpt_City_ID,Rpt_Outside_City_Limit_Fl,Thousand_Damage_Fl,Rpt_Latitude,Rpt_Longitude,Rpt_Rdwy_Sys_ID,Rpt_Hwy_Num,Rpt_Hwy_Sfx,Rpt_Road_Part_ID,Rpt_Block_Num,Rpt_Street_Pfx,Rpt_Street_Name,Rpt_Street_Sfx,Private_Dr_Fl,Toll_Road_Fl,Crash_Speed_Limit,Road_Constr_Zone_Fl,Road_Constr_Zone_Wrkr_Fl,Rpt_Street_Desc,At_Intrsct_Fl,Rpt_Sec_Rdwy_Sys_ID,Rpt_Sec_Hwy_Num,Rpt_Sec_Hwy_Sfx,Rpt_Sec_Road_Part_ID,Rpt_Sec_Block_Num,Rpt_Sec_Street_Pfx,Rpt_Sec_Street_Name,Rpt_Sec_Street_Sfx,Rpt_Ref_Mark_Offset_Amt,Rpt_Ref_Mark_Dist_Uom,Rpt_Ref_Mark_Dir,Rpt_Ref_Mark_Nbr,Rpt_Sec_Street_Desc,Rpt_CrossingNumber,Wthr_Cond_ID,Light_Cond_ID,Entr_Road_ID,Road_Type_ID,Road_Algn_ID,Surf_Cond_ID,Traffic_Cntl_ID,Investigat_Notify_Time,Investigat_Notify_Meth,Investigat_Arrv_Time,Report_Date,Investigat_Comp_Fl,Investigat_Agency_ID,Investigat_Area_ID,Investigat_District_ID,Investigat_Region_ID,Bridge_Detail_ID,Harm_Evnt_ID,Intrsct_Relat_ID,FHE_Collsn_ID,Obj_Struck_ID,Othr_Factr_ID,Road_Part_Adj_ID,Road_Cls_ID,Road_Relat_ID,Phys_Featr_1_ID,Phys_Featr_2_ID,Cnty_ID,City_ID,Latitude,Longitude,Hwy_Sys,Hwy_Nbr,Hwy_Sfx,Dfo,Street_Name,Street_Nbr,Control,Section,Milepoint,Ref_Mark_Nbr,Ref_Mark_Displ,Hwy_Sys_2,Hwy_Nbr_2,Hwy_Sfx_2,Street_Name_2,Street_Nbr_2,Control_2,Section_2,Milepoint_2,Txdot_Rptable_Fl,Onsys_Fl,Rural_Fl,Crash_Sev_ID,Pop_Group_ID,Located_Fl,Day_of_Week,Hwy_Dsgn_Lane_ID,Hwy_Dsgn_Hrt_ID,Hp_Shldr_Left,Hp_Shldr_Right,Hp_Median_Width,Base_Type_ID,Nbr_Of_Lane,Row_Width_Usual,Roadbed_Width,Surf_Width,Surf_Type_ID,Curb_Type_Left_ID,Curb_Type_Right_ID,Shldr_Type_Left_ID,Shldr_Width_Left,Shldr_Use_Left_ID,Shldr_Type_Right_ID,Shldr_Width_Right,Shldr_Use_Right_ID,Median_Type_ID,Median_Width,Rural_Urban_Type_ID,Func_Sys_ID,Adt_Curnt_Amt,Adt_Curnt_Year,Adt_Adj_Curnt_Amt,Pct_Single_Trk_Adt,Pct_Combo_Trk_Adt,Trk_Aadt_Pct,Curve_Type_ID,Curve_Lngth,Cd_Degr,Delta_Left_Right_ID,Dd_Degr,Feature_Crossed,Structure_Number,I_R_Min_Vert_Clear,Approach_Width,Bridge_Median_ID,Bridge_Loading_Type_ID,Bridge_Loading_In_1000_Lbs,Bridge_Srvc_Type_On_ID,Bridge_Srvc_Type_Under_ID,Culvert_Type_ID,Roadway_Width,Deck_Width,Bridge_Dir_Of_Traffic_ID,Bridge_Rte_Struct_Func_ID,Bridge_IR_Struct_Func_ID,CrossingNumber,RRCo,Poscrossing_ID,WDCode_ID,Standstop,Yield,Incap_Injry_Cnt.y,Nonincap_Injry_Cnt.y,Poss_Injry_Cnt.y,Non_Injry_Cnt.y,Unkn_Injry_Cnt.y,Tot_Injry_Cnt.y,Death_Cnt.y,MPO_ID,Unit_ID,Unit_Prsn_ID
13720446,AUS_13720446,30.26430651,-97.72130896,2,1,3,16,3,30,1,1,4,11,1,1,N,4,NA,NA,4,97,97,,,0,0,1,0,0,1,0,N,N,N,N,N,N,N,2/17/2014,3:26 PM,227,22,N,N,NA,NA,19,,,1,907,,CHICON,ST,N,N,35,N,N,901 CHICON ST,N,19,,,NA,,E,E 9TH,ST,NA,,,,E 9TH ST/CHICON ST,,12,4,0,NA,2,1,11,3:26 PM,DISPATCH,3:51 PM,2/17/2014,Y,74,NA,34,48,8,5,4,1,64,3,1,5,1,21,21,227,22,30.26430651,-97.72130896,,,,NA,CHICON ST,912,NA,NA,NA,NA,NA,,,,N/A,NA,NA,NA,NA,Y,N,N,3,9,Y,MON,NA,NA,NA,NA,NA,NA,NA,NA,NA,NA,NA,NA,NA,NA,NA,NA,NA,NA,NA,NA,NA,NA,NA,NA,NA,NA,NA,NA,NA,NA,NA,NA,NA,NA,NA,NA,NA,NA,NA,NA,NA,NA,NA,NA,NA,NA,NA,NA,NA,,,NA,NA,NA,NA,0,0,1,1,0,1,0,90,137204462,1372044621
13720558,AUS_13720558,NA,NA,2,1,3,16,1,24,1,1,4,11,1,4,N,4,NA,NA,4,97,97,,,1,0,0,0,0,1,0,N,N,N,N,N,N,N,2/22/2014,9:14 PM,227,22,N,N,NA,NA,19,,,1,6100,,WESTGATE BLVD,,N,N,35,N,N,,Y,19,,,1,6100,,BLARWOOD,,NA,,,,,,11,4,2,NA,1,1,20,9:14 PM,DISPATCH,9:18 PM,2/22/2014,Y,74,1042,99,130,8,5,1,3,64,54,1,5,1,21,21,227,22,NA,NA,,,,NA,WESTGATE BLVD,,NA,NA,NA,NA,NA,,,,BLARWOOD,NA,NA,NA,NA,Y,N,N,1,9,N,SAT,NA,NA,NA,NA,NA,NA,NA,NA,NA,NA,NA,NA,NA,NA,NA,NA,NA,NA,NA,NA,NA,NA,NA,NA,NA,NA,NA,NA,NA,NA,NA,NA,NA,NA,NA,NA,NA,NA,NA,NA,NA,NA,NA,NA,NA,NA,NA,NA,NA,,,NA,NA,NA,NA,1,0,0,1,0,1,0,NA,137205582,1372055821
13720663,AUS_13720663,30.34392,-97.74571,2,1,3,16,2,54,1,1,4,11,1,2,N,4,NA,NA,4,97,97,,,0,1,0,0,0,1,0,N,N,N,N,N,N,N,2/21/2014,6:55 PM,227,22,N,N,NA,NA,19,,,1,,,SHOAL CREEK BLVD,,N,N,-1,N,N,,Y,19,,,1,,,CAVILEER AVE,AVE,NA,,,,,,11,2,2,NA,2,1,8,7:09 PM,DISPATCH,7:27 PM,2/21/2014,Y,74,1061,10,14,8,5,1,3,64,3,1,5,1,21,21,227,22,30.34392,-97.74571,,,,NA,SHOAL CREEK BLVD,6499,NA,NA,NA,NA,NA,,,,CAVILEER AVE,NA,NA,NA,NA,Y,N,N,2,9,Y,FRI,NA,NA,NA,NA,NA,NA,NA,NA,NA,NA,NA,NA,NA,NA,NA,NA,NA,NA,NA,NA,NA,NA,NA,NA,NA,NA,NA,NA,NA,NA,NA,NA,NA,NA,NA,NA,NA,NA,NA,NA,NA,NA,NA,NA,NA,NA,NA,NA,NA,,,NA,NA,NA,NA,0,1,0,1,0,1,0,90,137206632,1372066321
13720671,AUS_13720671,30.29331655,-97.7418348,2,1,3,16,3,27,1,1,4,11,1,4,N,4,NA,NA,4,97,97,,,0,0,1,0,0,1,0,N,N,N,N,N,N,N,2/22/2014,1:58 AM,227,22,N,N,NA,NA,19,,,1,2800,,GUADALUPE ST,,N,N,-1,N,N,,N,19,,,NA,,,W 28TH ST,,NA,,,,,,11,4,98,NA,1,1,1,1:58 AM,DISPATCH,2:15 AM,2/22/2014,Y,74,1061,10,14,8,5,3,1,64,14,1,5,1,32,21,227,22,30.29331655,-97.7418348,,,,NA,GUADALUPE ST,2731,NA,NA,NA,NA,NA,,,,N/A,NA,NA,NA,NA,Y,N,N,3,9,Y,SAT,NA,NA,NA,NA,NA,NA,NA,NA,NA,NA,NA,NA,NA,NA,NA,NA,NA,NA,NA,NA,NA,NA,NA,NA,NA,NA,NA,NA,NA,NA,NA,NA,NA,NA,NA,NA,NA,NA,NA,NA,NA,NA,NA,NA,NA,NA,NA,NA,NA,,,NA,NA,NA,NA,0,0,1,1,0,1,0,90,137206712,1372067121
13720774,AUS_13720774,30.25406127,-97.80294367,2,1,3,16,3,42,1,1,4,11,1,2,N,4,NA,NA,4,97,97,,,0,0,1,0,0,1,0,N,N,N,N,N,N,N,2/22/2014,12:30 PM,227,22,N,N,NA,NA,19,,,2,2500,S,MOPAC SB SVRD,,N,N,-1,N,N,,N,19,,,NA,,,TAMMARON,,NA,,,,,,11,1,0,2,2,1,9,12:32 PM,DISPATCH,12:49 PM,2/22/2014,Y,74,1043,93,112,8,5,4,1,64,54,2,2,1,21,21,227,22,30.25406127,-97.80294367,SL,1,,17.69,SL0001,,3136,1,17.827,442,-0.1,,,,N/A,NA,NA,NA,NA,Y,Y,N,3,9,Y,SAT,5,0,6,10,512,2,6,999,104,72,4,1,0,2,12,5,2,20,5,3,500,4,12,133650,2012,133650,1.5,0.3,1.8,1,445,2,2,0,NA,NA,NA,NA,NA,NA,NA,NA,NA,NA,NA,NA,NA,NA,NA,,,NA,NA,NA,NA,0,0,1,1,0,1,0,90,137207742,1372077421
13722394,AUS_13722394,30.354762,-97.76971753,2,1,3,16,2,73,1,1,4,11,1,1,N,4,NA,NA,4,97,97,,,0,1,0,0,0,1,0,N,N,N,N,N,N,N,2/28/2014,3:31 PM,227,22,N,N,NA,NA,19,,,1,6500,,MESA DR,DR,N,N,35,N,N,,N,19,,,NA,,,SIERRA DR,DR,NA,,,,,,11,1,0,NA,4,1,16,3:33 PM,DISPATCH,3:48 PM,2/28/2014,Y,74,1061,10,14,8,5,2,1,64,54,1,5,1,21,21,227,22,30.354762,-97.76971753,,,,NA,MESA DR,6605,NA,NA,NA,NA,NA,,,,UNKNOWN,NA,NA,NA,NA,Y,N,N,2,9,Y,FRI,NA,NA,NA,NA,NA,NA,NA,NA,NA,NA,NA,NA,NA,NA,NA,NA,NA,NA,NA,NA,NA,NA,NA,NA,NA,NA,NA,NA,NA,NA,NA,NA,NA,NA,NA,NA,NA,NA,NA,NA,NA,NA,NA,NA,NA,NA,NA,NA,NA,,,NA,NA,NA,NA,0,1,0,2,0,1,0,90,137223942,1372239421
13722430,AUS_13722430,30.23404808,-97.72301757,2,1,3,16,2,18,1,1,4,11,1,97,N,4,NA,NA,4,97,97,,,0,1,0,0,0,1,0,N,N,N,N,N,N,N,3/4/2014,1:42 PM,227,22,N,N,NA,NA,19,,,1,1600,S,PLEASANT VALLEY,,N,N,35,N,N,,N,16,,,NA,,S,RIVERSIDE,DR,NA,,,,,,11,1,0,NA,2,1,6,3:42 PM,BY CITIZEN,3:42 PM,3/5/2014,N,74,1043,93,112,8,5,4,1,64,54,1,5,1,21,21,227,22,30.23404808,-97.72301757,,,,NA,S PLEASANT VALLEY RD,,NA,NA,NA,NA,NA,,,,N/A,NA,NA,NA,NA,Y,N,N,2,9,Y,TUE,NA,NA,NA,NA,NA,NA,NA,NA,NA,NA,NA,NA,NA,NA,NA,NA,NA,NA,NA,NA,NA,NA,NA,NA,NA,NA,NA,NA,NA,NA,NA,NA,NA,NA,NA,NA,NA,NA,NA,NA,NA,NA,NA,NA,NA,NA,NA,NA,NA,,,NA,NA,NA,NA,0,1,0,1,0,1,0,90,137224302,1372243021
13724282,AUS_13724282,30.26461,-97.73785,2,1,3,16,3,35,1,1,4,11,1,4,N,4,NA,NA,4,97,97,,,0,0,1,0,0,1,0,N,N,N,N,N,N,N,2/18/2014,5:29 PM,227,22,N,Y,NA,NA,19,,,1,600,E,4TH,ST,N,N,30,N,N,,Y,19,,,1,300,,RED RIVER,ST,NA,,,,,,11,1,2,NA,1,1,5,5:30 PM,DISPATCH,5:37 PM,2/18/2014,Y,74,36,67,282,8,5,1,3,64,54,1,5,1,21,21,227,22,30.26461,-97.73785,,,,NA,E 4TH ST,600,NA,NA,NA,NA,NA,,,,RED RIVER ST,NA,NA,NA,NA,Y,N,N,3,9,Y,TUE,NA,NA,NA,NA,NA,NA,NA,NA,NA,NA,NA,NA,NA,NA,NA,NA,NA,NA,NA,NA,NA,NA,NA,NA,NA,NA,NA,NA,NA,NA,NA,NA,NA,NA,NA,NA,NA,NA,NA,NA,NA,NA,NA,NA,NA,NA,NA,NA,NA,,,NA,NA,NA,NA,0,0,1,2,0,1,0,90,137242822,1372428221
13724414,AUS_13724414,30.29334999,-97.74185,2,1,3,16,2,NA,1,1,4,11,1,4,N,4,NA,NA,4,97,97,,,0,1,0,0,0,1,0,N,N,N,N,N,N,N,2/25/2014,10:09 PM,227,22,N,N,NA,NA,19,,,1,2800,,GUADALUPE ST,ST,N,N,-1,N,N,,Y,19,,,1,2800,,FRUTH ST,ST,NA,,,,,,2,4,2,NA,1,2,8,10:09 PM,DISPATCH,10:11 PM,2/25/2014,Y,74,1061,10,14,8,5,1,1,64,54,1,5,1,21,21,227,22,30.29334999,-97.74185,,,,NA,GUADALUPE ST,2800,NA,NA,NA,NA,NA,,,,UNKNOWN,NA,NA,NA,NA,Y,N,N,2,9,Y,TUE,NA,NA,NA,NA,NA,NA,NA,NA,NA,NA,NA,NA,NA,NA,NA,NA,NA,NA,NA,NA,NA,NA,NA,NA,NA,NA,NA,NA,NA,NA,NA,NA,NA,NA,NA,NA,NA,NA,NA,NA,NA,NA,NA,NA,NA,NA,NA,NA,NA,,,NA,NA,NA,NA,0,1,0,1,0,1,0,90,137244142,1372441421
13724537,AUS_13724537,30.27780782,-97.74304949,2,1,3,16,2,24,1,2,4,11,1,4,N,4,NA,NA,4,97,97,,,0,1,0,0,0,1,0,N,N,N,N,N,N,N,2/27/2014,4:53 PM,227,22,N,N,NA,NA,19,,,1,1445,,GUADALUPE ST,ST,N,N,30,N,N,,N,19,,,NA,,W,W 15TH ST,ST,NA,,,,,,11,1,98,NA,1,1,17,4:53 PM,DISPATCH,4:55 PM,2/27/2014,Y,74,1061,10,14,8,5,2,1,64,3,1,5,1,21,21,227,22,30.27780782,-97.74304949,,,,NA,GUADALUPE ST,1493,NA,NA,NA,NA,NA,,,,W 15TH ST,NA,NA,NA,NA,Y,N,N,2,9,Y,THU,NA,NA,NA,NA,NA,NA,NA,NA,NA,NA,NA,NA,NA,NA,NA,NA,NA,NA,NA,NA,NA,NA,NA,NA,NA,NA,NA,NA,NA,NA,NA,NA,NA,NA,NA,NA,NA,NA,NA,NA,NA,NA,NA,NA,NA,NA,NA,NA,NA,,,NA,NA,NA,NA,0,1,0,2,0,1,0,90,137245372,1372453721
13724538,AUS_13724538,30.26151,-97.77525,2,1,3,16,2,NA,1,1,4,11,1,3,N,4,NA,NA,4,97,97,,,0,1,0,0,0,1,0,N,N,N,N,N,N,N,2/27/2014,5:10 PM,227,22,N,N,NA,NA,19,,,1,,,BARTON HILLS DR,DR,N,N,-1,N,N,,Y,19,,,1,,,HOLLOW CREEK DR,DR,NA,,,,,,11,1,0,NA,3,1,20,5:10 PM,DISPATCH,5:13 PM,2/27/2014,Y,74,1043,93,112,8,5,1,3,64,21,1,5,1,21,21,227,22,30.26151,-97.77525,,,,NA,BARTON HILLS DR,1303,NA,NA,NA,NA,NA,,,,HOLLOW CREEK DR,NA,NA,NA,NA,Y,N,N,2,9,Y,THU,NA,NA,NA,NA,NA,NA,NA,NA,NA,NA,NA,NA,NA,NA,NA,NA,NA,NA,NA,NA,NA,NA,NA,NA,NA,NA,NA,NA,NA,NA,NA,NA,NA,NA,NA,NA,NA,NA,NA,NA,NA,NA,NA,NA,NA,NA,NA,NA,NA,,,NA,NA,NA,NA,0,1,0,1,0,1,0,90,137245382,1372453821
13724846,AUS_13724846,30.26902,-97.7463,2,1,3,16,2,21,1,1,4,11,1,97,N,4,NA,NA,4,97,97,,,0,1,0,0,0,1,0,N,N,N,N,N,N,N,2/26/2014,4:11 PM,227,22,N,N,NA,NA,19,,,1,,,GUADALUPE,ST,N,N,-1,N,N,,Y,19,,,1,,W,6TH,ST,NA,,,,,,11,1,4,NA,1,1,5,4:11 PM,DISPATCH,4:20 PM,2/26/2014,Y,74,36,67,282,8,5,1,2,64,3,1,5,1,21,21,227,22,30.26902,-97.7463,,,,NA,GUADALUPE ST,599,NA,NA,NA,NA,NA,,,,W 6TH ST,NA,NA,NA,NA,Y,N,N,2,9,Y,WED,NA,NA,NA,NA,NA,NA,NA,NA,NA,NA,NA,NA,NA,NA,NA,NA,NA,NA,NA,NA,NA,NA,NA,NA,NA,NA,NA,NA,NA,NA,NA,NA,NA,NA,NA,NA,NA,NA,NA,NA,NA,NA,NA,NA,NA,NA,NA,NA,NA,,,NA,NA,NA,NA,0,1,0,1,0,1,0,90,137248462,1372484621
13725062,AUS_13725062,30.34236,-97.71596,2,1,3,16,2,58,1,1,4,11,1,97,N,4,NA,NA,4,97,97,,,0,1,0,0,0,1,0,N,N,N,N,N,N,N,3/1/2014,3:07 PM,227,22,N,N,NA,NA,19,,,1,,N,N LAMAR BLVD,BLVD,N,N,40,N,N,,Y,19,,,1,,W,W CRESTLAND DR,DR,NA,,,,,,11,1,2,NA,1,1,15,3:07 PM,DISPATCH,3:12 PM,3/1/2014,Y,74,NA,121,95,8,5,1,3,64,54,1,5,1,21,21,227,22,30.34236,-97.71596,,,,NA,N LAMAR BLVD,7499,NA,NA,NA,NA,NA,,,,UNKNOWN,NA,NA,NA,NA,Y,N,N,2,9,Y,SAT,NA,NA,NA,NA,NA,NA,NA,NA,NA,NA,NA,NA,NA,NA,NA,NA,NA,NA,NA,NA,NA,NA,NA,NA,NA,NA,NA,NA,NA,NA,NA,NA,NA,NA,NA,NA,NA,NA,NA,NA,NA,NA,NA,NA,NA,NA,NA,NA,NA,,,NA,NA,NA,NA,0,1,0,1,0,1,0,90,137250622,1372506221
13728427,AUS_13728427,30.29757439,-97.73052906,2,1,3,16,2,27,1,1,4,11,1,1,N,4,NA,NA,4,97,97,,,0,1,0,0,0,1,0,N,N,N,N,N,N,N,3/4/2014,10:38 AM,227,22,N,N,NA,NA,19,,,1,3500,E,DUVAL ST,ST,N,N,30,N,N,,Y,19,,,1,,E,E 35TH ST,ST,NA,,,,,,12,1,2,NA,1,1,16,10:38 AM,DISPATCH,10:40 AM,3/4/2014,Y,74,1061,10,14,8,5,2,2,64,54,1,5,1,21,21,227,22,30.29757439,-97.73052906,,,,NA,DUVAL ST,3537,NA,NA,NA,NA,NA,,,,UNKNOWN,NA,NA,NA,NA,Y,N,N,2,9,Y,TUE,NA,NA,NA,NA,NA,NA,NA,NA,NA,NA,NA,NA,NA,NA,NA,NA,NA,NA,NA,NA,NA,NA,NA,NA,NA,NA,NA,NA,NA,NA,NA,NA,NA,NA,NA,NA,NA,NA,NA,NA,NA,NA,NA,NA,NA,NA,NA,NA,NA,,,NA,NA,NA,NA,0,1,0,1,0,1,0,90,137284272,1372842721
13729852,AUS_13729852,30.27086136,-97.7344154,2,1,3,16,2,45,1,2,4,11,1,4,N,4,NA,NA,4,97,97,,,0,1,0,0,0,1,0,N,N,N,N,N,N,N,3/2/2014,2:23 AM,227,22,N,N,NA,NA,19,,,1,700,E,11TH,ST,N,N,35,N,N,,N,19,,,NA,1100,,SABINE,ST,NA,,,,,,11,3,0,NA,2,1,1,2:25 AM,DISPATCH,2:28 AM,3/2/2014,Y,74,36,67,282,8,5,4,1,64,54,1,5,1,21,21,227,22,30.27086136,-97.7344154,,,,NA,E 11TH ST,687,NA,NA,NA,NA,NA,,,,N/A,NA,NA,NA,NA,Y,N,N,2,9,Y,SUN,NA,NA,NA,NA,NA,NA,NA,NA,NA,NA,NA,NA,NA,NA,NA,NA,NA,NA,NA,NA,NA,NA,NA,NA,NA,NA,NA,NA,NA,NA,NA,NA,NA,NA,NA,NA,NA,NA,NA,NA,NA,NA,NA,NA,NA,NA,NA,NA,NA,,,NA,NA,NA,NA,0,1,0,3,1,1,0,90,137298522,1372985221
13733880,AUS_13733880,NA,NA,2,1,3,16,2,15,1,1,4,11,1,4,N,4,NA,NA,4,97,97,,,0,1,0,0,0,1,0,N,N,N,N,N,N,N,2/28/2014,6:14 PM,227,22,N,N,NA,NA,17,,,1,3220,,DUVAL RD,RD,Y,N,-1,N,N,,N,11,1,L,NA,,,NOT REPORTED,,NA,,,,,,11,1,2,NA,1,1,1,6:14 PM,DISPATCH,6:17 PM,2/28/2014,Y,74,NA,46,64,8,5,4,1,64,14,7,9,5,1,21,227,22,NA,NA,,,,NA,DUVAL RD RD,,NA,NA,NA,NA,NA,,,,N/A,NA,NA,NA,NA,N,N,N,2,9,N,FRI,NA,NA,NA,NA,NA,NA,NA,NA,NA,NA,NA,NA,NA,NA,NA,NA,NA,NA,NA,NA,NA,NA,NA,NA,NA,NA,NA,NA,NA,NA,NA,NA,NA,NA,NA,NA,NA,NA,NA,NA,NA,NA,NA,NA,NA,NA,NA,NA,NA,,,NA,NA,NA,NA,0,1,0,1,0,1,0,NA,137338802,1373388021
13737867,AUS_13737867,30.25857722,-97.78821429,2,1,3,16,3,53,1,1,4,11,1,97,N,4,NA,NA,4,97,97,,,0,0,1,0,0,1,0,N,N,N,N,N,N,N,3/12/2014,3:46 PM,227,22,N,Y,NA,NA,19,,,1,2800,,BARTON SKY,WAY,N,Y,35,N,N,,N,19,,,NA,,,SPYGLASS,DR,NA,,,,,,11,1,0,NA,1,1,1,3:21 PM,DISPATCH,3:27 PM,3/12/2014,Y,74,1043,93,112,8,5,4,1,64,11,1,5,1,21,21,227,22,30.25857722,-97.78821429,,,,NA,BARTON SKWY,2837,NA,NA,NA,NA,NA,,,,N/A,NA,NA,NA,NA,Y,N,N,3,9,Y,WED,NA,NA,NA,NA,NA,NA,NA,NA,NA,NA,NA,NA,NA,NA,NA,NA,NA,NA,NA,NA,NA,NA,NA,NA,NA,NA,NA,NA,NA,NA,NA,NA,NA,NA,NA,NA,NA,NA,NA,NA,NA,NA,NA,NA,NA,NA,NA,NA,NA,,,NA,NA,NA,NA,0,0,1,1,0,1,0,90,137378672,1373786721
13738081,AUS_13738081,30.29324,-97.7418,2,1,3,16,2,NA,5,1,4,11,1,4,N,4,NA,NA,4,97,97,,,0,1,0,0,0,1,0,N,N,N,N,N,N,N,3/7/2014,10:53 AM,227,22,N,Y,NA,NA,19,,,1,1200,,GUADALUPE ST,ST,N,N,30,N,N,,Y,19,,,1,,W,W 28TH ST,ST,NA,,,,,,11,1,4,NA,1,1,1,10:55 AM,DISPATCH,10:57 AM,3/7/2014,Y,74,1061,10,14,8,5,4,1,64,54,1,5,1,11,21,227,22,30.29324,-97.7418,,,,NA,GUADALUPE ST,2715,NA,NA,NA,NA,NA,,,,N/A,NA,NA,NA,NA,Y,N,N,2,9,Y,FRI,NA,NA,NA,NA,NA,NA,NA,NA,NA,NA,NA,NA,NA,NA,NA,NA,NA,NA,NA,NA,NA,NA,NA,NA,NA,NA,NA,NA,NA,NA,NA,NA,NA,NA,NA,NA,NA,NA,NA,NA,NA,NA,NA,NA,NA,NA,NA,NA,NA,,,NA,NA,NA,NA,0,1,0,1,0,1,0,90,137380812,1373808121
13738098,AUS_13738098,30.26143789,-97.71736525,2,1,3,16,2,NA,1,1,4,11,1,4,N,4,NA,NA,4,97,97,,,0,1,0,0,0,1,0,N,N,N,N,N,N,N,3/7/2014,3:00 PM,227,22,N,N,NA,NA,19,,,1,2200,E,E 7TH ST,ST,N,N,-1,N,N,,N,19,,,NA,,,WEBBERVILLE RD,RD,NA,,,,,,11,1,0,NA,1,1,20,3:00 PM,DISPATCH,3:04 PM,3/7/2014,Y,74,NA,34,48,8,5,2,1,64,3,1,5,1,21,21,227,22,30.26143789,-97.71736525,,,,NA,E 7TH ST,,NA,NA,NA,NA,NA,,,,WEBBERVILLE RD,NA,NA,NA,NA,Y,N,N,2,9,Y,FRI,NA,NA,NA,NA,NA,NA,NA,NA,NA,NA,NA,NA,NA,NA,NA,NA,NA,NA,NA,NA,NA,NA,NA,NA,NA,NA,NA,NA,NA,NA,NA,NA,NA,NA,NA,NA,NA,NA,NA,NA,NA,NA,NA,NA,NA,NA,NA,NA,NA,,,NA,NA,NA,NA,0,1,0,1,0,1,0,90,137380982,1373809821
13746185,AUS_13746185,30.32909923,-97.72028494,2,1,3,16,2,14,3,1,4,11,1,97,N,4,NA,NA,4,97,97,,,0,1,0,0,0,1,0,N,N,N,N,N,N,N,3/10/2014,3:57 PM,227,22,N,N,NA,NA,19,,,1,6200,,GUADALUPE,ST,N,N,30,N,N,,N,19,,,NA,,,DENSON,,NA,,,,,,11,1,0,NA,1,1,20,3:57 PM,DISPATCH,4:05 PM,3/10/2014,Y,74,NA,121,95,8,5,4,1,64,54,1,5,1,21,21,227,22,30.32909923,-97.72028494,,,,NA,GUADALUPE ST,6207,NA,NA,NA,NA,NA,,,,N/A,NA,NA,NA,NA,Y,N,N,2,9,Y,MON,NA,NA,NA,NA,NA,NA,NA,NA,NA,NA,NA,NA,NA,NA,NA,NA,NA,NA,NA,NA,NA,NA,NA,NA,NA,NA,NA,NA,NA,NA,NA,NA,NA,NA,NA,NA,NA,NA,NA,NA,NA,NA,NA,NA,NA,NA,NA,NA,NA,,,NA,NA,NA,NA,0,1,0,1,0,1,0,90,137461852,1374618521
13746229,AUS_13746229,30.26324,-97.72417,2,1,3,16,3,24,1,1,4,11,1,97,N,4,NA,NA,4,97,97,,,0,0,1,0,0,1,0,N,N,N,N,N,N,N,3/14/2014,9:13 PM,227,22,N,N,NA,NA,19,,,1,,E,E 7TH ST,ST,N,N,35,N,N,,Y,19,,,1,,,CHALMERS AVE,AVE,NA,,,,,,11,4,2,NA,3,1,8,9:13 PM,DISPATCH,9:23 PM,3/14/2014,Y,74,36,67,282,8,5,2,3,64,54,1,5,1,21,21,227,22,30.26324,-97.72417,,,,NA,E 7TH ST,1688,NA,NA,NA,NA,NA,,,,CHALMERS AVE,NA,NA,NA,NA,Y,N,N,3,9,Y,FRI,NA,NA,NA,NA,NA,NA,NA,NA,NA,NA,NA,NA,NA,NA,NA,NA,NA,NA,NA,NA,NA,NA,NA,NA,NA,NA,NA,NA,NA,NA,NA,NA,NA,NA,NA,NA,NA,NA,NA,NA,NA,NA,NA,NA,NA,NA,NA,NA,NA,,,NA,NA,NA,NA,0,0,1,2,0,1,0,90,137462292,1374622921