CrashID,CrashID1,Latitude,Longitude,Unit_Nbr,Prsn_Nbr,Prsn_Type_ID,Prsn_Occpnt_Pos_ID,Prsn_Injry_Sev_ID,Prsn_Age,Prsn_Ethnicity_ID,Prsn_Gndr_ID,Prsn_Ejct_ID,Prsn_Rest_ID,Prsn_Airbag_ID,Prsn_Helmet_ID,Prsn_Sol_Fl,Prsn_Alc_Spec_Type_ID,Prsn_Alc_Rslt_ID,Prsn_Bac_Test_Rslt,Prsn_Drg_Spec_Type_ID,Prsn_Drg_Rslt_ID,Drvr_Drg_Cat_1_ID,Prsn_Death_Date,Prsn_Death_Time,Incap_Injry_Cnt.x,Nonincap_Injry_Cnt.x,Poss_Injry_Cnt.x,Non_Injry_Cnt.x,Unkn_Injry_Cnt.x,Tot_Injry_Cnt.x,Death_Cnt.x,Crash_Fatal_Fl,Cmv_Involv_Fl,Schl_Bus_Fl,Rr_Relat_Fl,Medical_Advisory_Fl,Amend_Supp_Fl,Active_School_Zone_Fl,Crash_Date,Crash_Time,Rpt_CRIS_Cnty_ID,Rpt_City_ID,Rpt_Outside_City_Limit_Fl,Thousand_Damage_Fl,Rpt_Latitude,Rpt_Longitude,Rpt_Rdwy_Sys_ID,Rpt_Hwy_Num,Rpt_Hwy_Sfx,Rpt_Road_Part_ID,Rpt_Block_Num,Rpt_Street_Pfx,Rpt_Street_Name,Rpt_Street_Sfx,Private_Dr_Fl,Toll_Road_Fl,Crash_Speed_Limit,Road_Constr_Zone_Fl,Road_Constr_Zone_Wrkr_Fl,Rpt_Street_Desc,At_Intrsct_Fl,Rpt_Sec_Rdwy_Sys_ID,Rpt_Sec_Hwy_Num,Rpt_Sec_Hwy_Sfx,Rpt_Sec_Road_Part_ID,Rpt_Sec_Block_Num,Rpt_Sec_Street_Pfx,Rpt_Sec_Street_Name,Rpt_Sec_Street_Sfx,Rpt_Ref_Mark_Offset_Amt,Rpt_Ref_Mark_Dist_Uom,Rpt_Ref_Mark_Dir,Rpt_Ref_Mark_Nbr,Rpt_Sec_Street_Desc,Rpt_CrossingNumber,Wthr_Cond_ID,Light_Cond_ID,Entr_Road_ID,Road_Type_ID,Road_Algn_ID,Surf_Cond_ID,Traffic_Cntl_ID,Investigat_Notify_Time,Investigat_Notify_Meth,Investigat_Arrv_Time,Report_Date,Investigat_Comp_Fl,Investigat_Agency_ID,Investigat_Area_ID,Investigat_District_ID,Investigat_Region_ID,Bridge_Detail_ID,Harm_Evnt_ID,Intrsct_Relat_ID,FHE_Collsn_ID,Obj_Struck_ID,Othr_Factr_ID,Road_Part_Adj_ID,Road_Cls_ID,Road_Relat_ID,Phys_Featr_1_ID,Phys_Featr_2_ID,Cnty_ID,City_ID,Latitude,Longitude,Hwy_Sys,Hwy_Nbr,Hwy_Sfx,Dfo,Street_Name,Street_Nbr,Control,Section,Milepoint,Ref_Mark_Nbr,Ref_Mark_Displ,Hwy_Sys_2,Hwy_Nbr_2,Hwy_Sfx_2,Street_Name_2,Street_Nbr_2,Control_2,Section_2,Milepoint_2,Txdot_Rptable_Fl,Onsys_Fl,Rural_Fl,Crash_Sev_ID,Pop_Group_ID,Located_Fl,Day_of_Week,Hwy_Dsgn_Lane_ID,Hwy_Dsgn_Hrt_ID,Hp_Shldr_Left,Hp_Shldr_Right,Hp_Median_Width,Base_Type_ID,Nbr_Of_Lane,Row_Width_Usual,Roadbed_Width,Surf_Width,Surf_Type_ID,Curb_Type_Left_ID,Curb_Type_Right_ID,Shldr_Type_Left_ID,Shldr_Width_Left,Shldr_Use_Left_ID,Shldr_Type_Right_ID,Shldr_Width_Right,Shldr_Use_Right_ID,Median_Type_ID,Median_Width,Rural_Urban_Type_ID,Func_Sys_ID,Adt_Curnt_Amt,Adt_Curnt_Year,Adt_Adj_Curnt_Amt,Pct_Single_Trk_Adt,Pct_Combo_Trk_Adt,Trk_Aadt_Pct,Curve_Type_ID,Curve_Lngth,Cd_Degr,Delta_Left_Right_ID,Dd_Degr,Feature_Crossed,Structure_Number,I_R_Min_Vert_Clear,Approach_Width,Bridge_Median_ID,Bridge_Loading_Type_ID,Bridge_Loading_In_1000_Lbs,Bridge_Srvc_Type_On_ID,Bridge_Srvc_Type_Under_ID,Culvert_Type_ID,Roadway_Width,Deck_Width,Bridge_Dir_Of_Traffic_ID,Bridge_Rte_Struct_Func_ID,Bridge_IR_Struct_Func_ID,CrossingNumber,RRCo,Poscrossing_ID,WDCode_ID,Standstop,Yield,Incap_Injry_Cnt.y,Nonincap_Injry_Cnt.y,Poss_Injry_Cnt.y,Non_Injry_Cnt.y,Unkn_Injry_Cnt.y,Tot_Injry_Cnt.y,Death_Cnt.y,MPO_ID,Unit_ID,Unit_Prsn_ID
13797707,AUS_13797707,30.32198831,-97.71859198,2,1,3,16,2,33,1,2,4,11,1,4,N,4,NA,NA,4,97,97,,,0,1,0,0,0,1,0,N,N,N,N,N,N,N,4/7/2014,5:28 PM,227,22,N,N,NA,NA,19,,,1,,,E KOENIG LN,LN,N,N,45,N,N,,Y,19,,,1,,,AVENUE F,,NA,,,,,,11,1,4,2,1,1,5,5:28 PM,DISPATCH,5:36 PM,4/7/2014,N,74,NA,121,95,8,5,1,1,64,32,1,2,1,21,21,227,22,30.32198831,-97.71859198,SS,69,,0.56,SS0069,,114,1,1.532,538,0.519,IH,35,,IH0035,NA,NA,NA,NA,Y,Y,N,2,9,Y,MON,4,0,0,0,10,2,4,80,48,48,4,2,2,1,0,0,1,0,0,1,10,4,14,14170,2012,14170,1.2,0.5,1.7,NA,NA,NA,NA,NA,NA,NA,NA,NA,NA,NA,NA,NA,NA,NA,NA,NA,NA,NA,NA,,,NA,NA,NA,NA,0,1,0,1,0,1,0,90,137977072,1379770721
13797748,AUS_13797748,30.16416,-97.83002,2,1,3,16,2,25,2,2,4,11,1,2,N,4,NA,NA,4,97,97,,,0,1,0,0,0,1,0,N,N,N,N,N,N,N,4/8/2014,5:14 PM,227,22,N,N,NA,NA,19,,,1,,,MANCHACA RD,RD,N,N,45,N,N,,Y,19,,,1,,,OLD MANCHACA RD,RD,NA,,,,,,11,1,4,NA,1,1,5,5:14 PM,DISPATCH,5:18 PM,4/8/2014,Y,74,1042,99,130,8,5,2,3,64,54,1,5,1,21,21,227,22,30.16416,-97.83002,,,,NA,MANCHACA RD,10635,NA,NA,NA,NA,NA,,,,OLD MANCHACA RD,NA,NA,NA,NA,Y,N,N,2,9,Y,TUE,NA,NA,NA,NA,NA,NA,NA,NA,NA,NA,NA,NA,NA,NA,NA,NA,NA,NA,NA,NA,NA,NA,NA,NA,NA,NA,NA,NA,NA,NA,NA,NA,NA,NA,NA,NA,NA,NA,NA,NA,NA,NA,NA,NA,NA,NA,NA,NA,NA,,,NA,NA,NA,NA,0,1,0,1,0,1,0,90,137977482,1379774821
13798403,AUS_13798403,NA,NA,2,1,3,16,2,29,1,1,4,11,1,2,N,4,NA,NA,4,97,97,,,0,1,0,0,0,1,0,N,N,N,N,N,N,N,4/14/2014,7:58 PM,227,22,N,N,NA,NA,19,,,1,7829,,BURNET,RD,N,N,40,N,N,,N,19,,,NA,2384,W,ANDERSON,LN,NA,,,,,,11,5,2,NA,1,1,1,7:58 PM,DISPATCH,8:04 PM,4/17/2014,Y,74,NA,121,95,8,5,4,1,64,14,7,9,5,33,21,227,22,NA,NA,,,,NA,BURNET RD,,NA,NA,NA,NA,NA,,,,N/A,NA,NA,NA,NA,N,N,N,2,9,N,MON,NA,NA,NA,NA,NA,NA,NA,NA,NA,NA,NA,NA,NA,NA,NA,NA,NA,NA,NA,NA,NA,NA,NA,NA,NA,NA,NA,NA,NA,NA,NA,NA,NA,NA,NA,NA,NA,NA,NA,NA,NA,NA,NA,NA,NA,NA,NA,NA,NA,,,NA,NA,NA,NA,0,1,0,1,0,1,0,NA,137984032,1379840321
13799061,AUS_13799061,30.30481,-97.71961,2,1,3,16,2,22,4,1,4,11,1,97,N,4,NA,NA,4,97,97,,,0,1,0,0,0,1,0,N,N,N,N,N,N,N,4/10/2014,9:05 AM,227,22,N,N,NA,NA,19,,,1,,E,E 45TH ST,ST,N,N,35,N,N,,Y,19,,,1,,,RED RIVER ST,ST,NA,,,,,,11,1,4,NA,1,1,5,9:05 AM,DISPATCH,9:11 AM,4/10/2014,Y,74,1061,10,14,8,5,1,3,64,3,1,5,1,21,21,227,22,30.30481,-97.71961,,,,NA,E 45TH ST,900,NA,NA,NA,NA,NA,,,,RED RIVER ST,NA,NA,NA,NA,Y,N,N,2,9,Y,THU,NA,NA,NA,NA,NA,NA,NA,NA,NA,NA,NA,NA,NA,NA,NA,NA,NA,NA,NA,NA,NA,NA,NA,NA,NA,NA,NA,NA,NA,NA,NA,NA,NA,NA,NA,NA,NA,NA,NA,NA,NA,NA,NA,NA,NA,NA,NA,NA,NA,,,NA,NA,NA,NA,0,1,0,1,0,1,0,90,137990612,1379906121
13799063,AUS_13799063,30.26577376,-97.73464305,2,1,3,16,1,51,1,1,4,11,1,97,N,4,NA,NA,4,97,97,,,1,0,0,0,0,1,0,N,N,N,N,N,N,N,4/10/2014,9:48 AM,227,22,N,N,NA,NA,1,35,M,2,600,N,N IH 35 SVRD NB,EXPY,N,N,35,N,N,,N,19,,,NA,,E,E 6TH ST,ST,NA,,,,,,11,1,2,2,2,1,5,9:48 AM,ON SIGHT,9:50 AM,4/10/2014,Y,74,36,67,282,8,5,2,3,64,54,2,1,1,21,21,227,22,30.26577376,-97.73464305,IH,35,,233.858,IH0035,,15,13,17.723,235,-0.318,,,,E 6TH ST,NA,NA,NA,NA,Y,Y,N,1,9,Y,THU,5,0,2,5,7,2,6,300,86,72,4,0,0,2,4,5,2,10,5,2,3,4,11,169360,2012,169360,2.6,7.1,9.7,NA,NA,NA,NA,NA,NA,NA,NA,NA,NA,NA,NA,NA,NA,NA,NA,NA,NA,NA,NA,,,NA,NA,NA,NA,1,0,0,2,0,1,0,90,137990632,1379906321
13802676,AUS_13802676,30.26475,-97.76496,2,1,3,16,2,24,1,2,4,11,1,5,N,4,NA,NA,4,97,97,,,0,1,0,0,0,1,0,N,N,N,N,N,N,N,4/11/2014,3:01 PM,227,22,N,N,NA,NA,19,,,1,,,ROBERT E LEE RD,RD,N,N,35,N,N,,Y,19,,,1,,,BARTON SPRINGS RD,RD,NA,,,,,,11,1,3,NA,1,1,15,3:07 PM,BY CITIZEN,3:07 PM,4/11/2014,Y,74,1043,93,112,8,5,2,2,64,3,1,5,1,21,21,227,22,30.26475,-97.76496,,,,NA,ROBERT E LEE RD,401,NA,NA,NA,NA,NA,,,,BARTON SPRINGS RD,NA,NA,NA,NA,Y,N,N,2,9,Y,FRI,NA,NA,NA,NA,NA,NA,NA,NA,NA,NA,NA,NA,NA,NA,NA,NA,NA,NA,NA,NA,NA,NA,NA,NA,NA,NA,NA,NA,NA,NA,NA,NA,NA,NA,NA,NA,NA,NA,NA,NA,NA,NA,NA,NA,NA,NA,NA,NA,NA,,,NA,NA,NA,NA,0,1,0,1,0,1,0,90,138026762,1380267621
13804404,AUS_13804404,30.23444975,-97.72796273,2,1,3,16,3,38,2,1,4,11,1,97,N,4,NA,NA,4,97,97,,,0,0,1,0,0,1,0,N,N,N,N,N,N,N,4/10/2014,4:38 PM,227,22,N,N,NA,NA,19,,,1,1901,,WILLOW CREEK DR,DR,N,N,35,N,N,,N,19,,,NA,,,WOODLAND AVE,AVE,NA,,,,,,11,1,0,NA,2,1,16,4:40 PM,DISPATCH,4:57 PM,4/10/2014,Y,74,1045,98,129,8,5,3,2,64,13,1,5,1,32,21,227,22,30.23444975,-97.72796273,,,,NA,WILLOW CREEK DR,1874,NA,NA,NA,NA,NA,,,,N/A,NA,NA,NA,NA,Y,N,N,3,9,Y,THU,NA,NA,NA,NA,NA,NA,NA,NA,NA,NA,NA,NA,NA,NA,NA,NA,NA,NA,NA,NA,NA,NA,NA,NA,NA,NA,NA,NA,NA,NA,NA,NA,NA,NA,NA,NA,NA,NA,NA,NA,NA,NA,NA,NA,NA,NA,NA,NA,NA,,,NA,NA,NA,NA,0,0,1,1,0,1,0,90,138044042,1380440421
13804590,AUS_13804590,30.26564,-97.69552,2,1,3,16,2,56,1,1,4,11,1,4,N,4,NA,NA,4,97,97,,,0,1,0,0,0,1,0,N,N,N,N,N,N,N,4/11/2014,8:38 PM,227,22,N,N,NA,NA,19,,,1,,,AIRPORT BLVD,BLVD,N,N,-1,N,N,,Y,19,,,1,,,SPRINGDALE RD,RD,NA,,,,,,11,4,4,NA,1,1,5,8:38 PM,DISPATCH,8:41 PM,4/11/2014,Y,74,NA,34,48,8,5,2,2,64,54,1,5,1,21,21,227,22,30.26564,-97.69552,,,,NA,AIRPORT BLVD,1119,NA,NA,NA,NA,NA,,,,SPRINGDALE RD,NA,NA,NA,NA,Y,N,N,2,9,Y,FRI,NA,NA,NA,NA,NA,NA,NA,NA,NA,NA,NA,NA,NA,NA,NA,NA,NA,NA,NA,NA,NA,NA,NA,NA,NA,NA,NA,NA,NA,NA,NA,NA,NA,NA,NA,NA,NA,NA,NA,NA,NA,NA,NA,NA,NA,NA,NA,NA,NA,,,NA,NA,NA,NA,0,1,0,1,0,1,0,90,138045902,1380459021
13804831,AUS_13804831,NA,NA,2,1,3,16,1,50,3,1,4,11,1,97,N,4,NA,NA,4,97,97,,,1,0,0,0,0,1,0,N,N,N,N,N,N,N,4/12/2014,4:37 AM,227,22,N,N,NA,NA,1,35,I,2,14310,N,N IH 35 SVRD SB,HWY,N,N,55,N,N,,N,19,,,NA,,W,W WELLS BRANCH PKWY,PKWY,NA,,,,,,11,4,0,NA,1,1,20,4:37 AM,DISPATCH,4:49 AM,4/12/2014,Y,74,63,123,143,8,5,4,1,64,3,2,1,1,21,21,227,22,NA,NA,,,,NA,IH0035I,,NA,NA,NA,NA,NA,,,,N/A,NA,NA,NA,NA,Y,Y,N,1,9,N,SAT,NA,NA,NA,NA,NA,NA,NA,NA,NA,NA,NA,NA,NA,NA,NA,NA,NA,NA,NA,NA,NA,NA,NA,NA,NA,NA,NA,NA,NA,NA,NA,NA,NA,NA,NA,NA,NA,NA,NA,NA,NA,NA,NA,NA,NA,NA,NA,NA,NA,,,NA,NA,NA,NA,1,0,0,1,0,1,0,NA,138048312,1380483121
13805073,AUS_13805073,30.36698,-97.70062,2,1,3,16,1,58,2,1,4,11,1,4,N,4,NA,NA,4,97,97,,,1,0,0,0,0,1,0,N,N,N,N,N,N,N,4/14/2014,7:28 PM,227,22,N,N,NA,NA,19,,,1,,,MEARNS MEADOW BLVD,BLVD,N,N,-1,N,N,,Y,19,,,1,,,RUTLAND DR,DR,NA,,,,,,11,5,4,NA,1,1,15,7:28 PM,DISPATCH,7:29 PM,4/14/2014,Y,74,63,123,143,8,5,2,3,64,54,1,5,1,21,21,227,22,30.36698,-97.70062,,,,NA,MEARNS MEADOW BLVD,9499,NA,NA,NA,NA,NA,,,,RUTLAND DR,NA,NA,NA,NA,Y,N,N,1,9,Y,MON,NA,NA,NA,NA,NA,NA,NA,NA,NA,NA,NA,NA,NA,NA,NA,NA,NA,NA,NA,NA,NA,NA,NA,NA,NA,NA,NA,NA,NA,NA,NA,NA,NA,NA,NA,NA,NA,NA,NA,NA,NA,NA,NA,NA,NA,NA,NA,NA,NA,,,NA,NA,NA,NA,1,0,0,0,1,1,0,90,138050732,1380507321
13812188,AUS_13812188,30.26594,-97.76749,2,1,3,16,2,35,1,2,4,11,1,4,N,4,NA,NA,4,97,97,,,0,1,0,0,0,1,0,N,N,N,N,N,N,N,4/20/2014,4:11 PM,227,22,N,N,NA,NA,19,,,1,2100,,BARTON SPRINGS RD,RD,N,N,35,N,N,,N,19,,,NA,,,LOU NEFF RD,RD,NA,,,,,,11,1,0,NA,2,1,11,4:11 PM,DISPATCH,4:17 PM,4/20/2014,Y,74,1043,93,112,8,5,4,1,64,3,1,5,1,21,21,227,22,30.26594,-97.76749,,,,NA,BARTON SPRINGS RD,2100,NA,NA,NA,NA,NA,,,,N/A,NA,NA,NA,NA,Y,N,N,2,9,Y,SUN,NA,NA,NA,NA,NA,NA,NA,NA,NA,NA,NA,NA,NA,NA,NA,NA,NA,NA,NA,NA,NA,NA,NA,NA,NA,NA,NA,NA,NA,NA,NA,NA,NA,NA,NA,NA,NA,NA,NA,NA,NA,NA,NA,NA,NA,NA,NA,NA,NA,,,NA,NA,NA,NA,0,1,0,0,2,1,0,90,138121882,1381218821
13814212,AUS_13814212,NA,NA,2,1,3,16,3,6,3,1,4,11,1,4,N,4,NA,NA,4,97,97,,,0,0,1,0,0,1,0,N,N,N,N,N,N,N,4/8/2014,7:49 PM,227,22,N,N,NA,NA,19,,,1,8419,,VIEW RIDGE,DR,N,N,30,N,N,,N,19,,,NA,,,VALLEY RIDGE,DR,NA,,,,,,11,5,0,NA,2,1,1,7:49 PM,DISPATCH,7:49 PM,4/8/2014,Y,74,NA,34,48,8,5,4,1,64,3,1,5,1,21,21,227,22,NA,NA,,,,NA,VIEW RIDGE DR,,NA,NA,NA,NA,NA,,,,N/A,NA,NA,NA,NA,Y,N,N,3,9,N,TUE,NA,NA,NA,NA,NA,NA,NA,NA,NA,NA,NA,NA,NA,NA,NA,NA,NA,NA,NA,NA,NA,NA,NA,NA,NA,NA,NA,NA,NA,NA,NA,NA,NA,NA,NA,NA,NA,NA,NA,NA,NA,NA,NA,NA,NA,NA,NA,NA,NA,,,NA,NA,NA,NA,0,0,1,1,0,1,0,NA,138142122,1381421221
13815918,AUS_13815918,30.30864,-97.73444,2,1,3,16,2,24,1,1,4,11,1,4,N,4,NA,NA,4,97,97,,,0,1,0,0,0,1,0,N,N,N,N,N,N,N,4/23/2014,5:32 PM,227,22,N,N,NA,NA,19,,,1,,W,W 43RD ST,ST,N,N,35,N,N,,Y,19,,,1,,,GUADALUPE,ST,NA,,,,,,11,1,0,NA,1,1,16,5:33 PM,DISPATCH,5:37 PM,4/23/2014,Y,74,1061,10,14,8,5,1,3,64,54,1,5,1,21,21,227,22,30.30864,-97.73444,,,,NA,W 43RD ST,598,NA,NA,NA,NA,NA,,,,GUADALUPE ST,NA,NA,NA,NA,Y,N,N,2,9,Y,WED,NA,NA,NA,NA,NA,NA,NA,NA,NA,NA,NA,NA,NA,NA,NA,NA,NA,NA,NA,NA,NA,NA,NA,NA,NA,NA,NA,NA,NA,NA,NA,NA,NA,NA,NA,NA,NA,NA,NA,NA,NA,NA,NA,NA,NA,NA,NA,NA,NA,,,NA,NA,NA,NA,0,1,0,1,0,1,0,90,138159182,1381591821
13816094,AUS_13816094,30.28062,-97.74199,2,1,3,16,2,NA,3,1,4,11,1,4,N,4,NA,NA,4,97,97,,,0,1,0,0,0,1,0,N,N,N,N,N,N,N,4/25/2014,12:14 PM,227,22,N,N,NA,NA,19,,,1,,,GUADALUPE ST,ST,N,N,30,N,N,,Y,19,,,1,,,W 18TH ST,ST,NA,,,,,,11,1,4,NA,5,1,8,12:14 PM,DISPATCH,12:19 PM,4/25/2014,Y,74,1061,10,14,8,5,1,2,64,54,1,5,1,21,21,227,22,30.28062,-97.74199,,,,NA,GUADALUPE ST,1801,NA,NA,NA,NA,NA,,,,W 18TH ST,NA,NA,NA,NA,Y,N,N,2,9,Y,FRI,NA,NA,NA,NA,NA,NA,NA,NA,NA,NA,NA,NA,NA,NA,NA,NA,NA,NA,NA,NA,NA,NA,NA,NA,NA,NA,NA,NA,NA,NA,NA,NA,NA,NA,NA,NA,NA,NA,NA,NA,NA,NA,NA,NA,NA,NA,NA,NA,NA,,,NA,NA,NA,NA,0,1,0,1,0,1,0,90,138160942,1381609421
13820089,AUS_13820089,30.22987908,-97.79274903,2,1,3,16,2,42,2,2,4,11,1,97,N,4,NA,NA,4,97,97,,,0,1,0,0,0,1,0,N,N,N,N,N,N,N,4/26/2014,8:28 AM,227,22,N,N,NA,NA,19,,,1,2100,,REDD,ST,N,N,25,N,N,,N,19,,,NA,4500,,PACK SADDLE PASS,,NA,,,,,,12,1,0,NA,1,1,8,8:28 AM,DISPATCH,8:34 AM,4/26/2014,N,74,1043,93,112,8,5,2,2,64,54,1,5,1,21,21,227,22,30.22987908,-97.79274903,,,,NA,REDD ST,2194,NA,NA,NA,NA,NA,,,,PACK SADDLE PASS,NA,NA,NA,NA,Y,N,N,2,9,Y,SAT,NA,NA,NA,NA,NA,NA,NA,NA,NA,NA,NA,NA,NA,NA,NA,NA,NA,NA,NA,NA,NA,NA,NA,NA,NA,NA,NA,NA,NA,NA,NA,NA,NA,NA,NA,NA,NA,NA,NA,NA,NA,NA,NA,NA,NA,NA,NA,NA,NA,,,NA,NA,NA,NA,0,1,0,1,0,1,0,90,138200892,1382008921
13820159,AUS_13820159,30.25495768,-97.76217255,2,1,3,16,2,31,2,1,4,11,1,97,N,4,NA,NA,4,97,97,,,0,1,0,0,0,1,0,N,N,N,N,N,N,N,4/28/2014,7:37 AM,227,22,N,Y,NA,NA,19,,,1,1100,S,LAMAR,BLVD,N,N,35,Y,Y,,Y,19,,,1,1200,,GIBSON,ST,NA,,,,,,11,1,2,3,1,1,17,7:47 AM,DISPATCH,7:57 AM,4/28/2014,N,74,1043,93,112,8,5,1,3,64,49,1,2,1,21,21,227,22,30.25495768,-97.76217255,SL,343,,2.912,SL0343,1199,113,10,0.389,566,0.422,,,,GIBSON ST W,NA,NA,NA,NA,Y,Y,N,2,9,Y,MON,2,0,0,0,0,2,4,80,60,60,4,1,1,1,0,0,1,0,0,0,0,4,14,40000,2012,40000,0.8,0.3,1.1,NA,NA,NA,NA,NA,NA,NA,NA,NA,NA,NA,NA,NA,NA,NA,NA,NA,NA,NA,NA,,,NA,NA,NA,NA,0,1,0,1,0,1,0,90,138201592,1382015921
13820312,AUS_13820312,30.39475,-97.70681,2,1,3,16,2,19,1,2,4,11,1,97,N,4,NA,NA,4,97,97,,,0,1,0,0,0,1,0,N,N,N,N,N,N,N,5/2/2014,2:47 PM,227,22,N,Y,NA,NA,19,,,1,11400,,METRIC,BLVD,N,N,45,N,N,,Y,19,,,1,11500,,STONEHOLLOW,DR,NA,,,,,,11,4,0,NA,1,1,20,2:48 PM,DISPATCH,3:08 PM,5/2/2014,Y,74,NA,46,64,8,5,2,2,64,54,1,5,1,21,21,227,22,30.39475,-97.70681,,,,NA,METRIC BLVD,,NA,NA,NA,NA,NA,,,,STONEHOLLOW DR,NA,NA,NA,NA,Y,N,N,2,9,Y,FRI,NA,NA,NA,NA,NA,NA,NA,NA,NA,NA,NA,NA,NA,NA,NA,NA,NA,NA,NA,NA,NA,NA,NA,NA,NA,NA,NA,NA,NA,NA,NA,NA,NA,NA,NA,NA,NA,NA,NA,NA,NA,NA,NA,NA,NA,NA,NA,NA,NA,,,NA,NA,NA,NA,0,1,0,1,0,1,0,90,138203122,1382031221
13823801,AUS_13823801,NA,NA,2,1,3,16,5,22,1,1,4,11,1,97,N,4,NA,NA,4,97,97,,,0,0,0,1,0,0,0,N,N,N,N,N,N,N,4/30/2014,9:56 AM,227,22,N,N,NA,NA,19,,,1,,E,E DEAN KEETON ST,ST,N,N,-1,N,N,,Y,19,,,1,,,RED RIVER ST,ST,NA,,,,,,11,1,4,NA,1,1,5,9:56 AM,DISPATCH,10:01 AM,4/30/2014,Y,74,1061,10,14,8,5,2,2,64,54,1,5,1,21,21,227,22,NA,NA,,,,NA,E E DEAN KEETON ST ST,,NA,NA,NA,NA,NA,,,,RED RIVER ST ST,NA,NA,NA,NA,N,N,N,5,9,N,WED,NA,NA,NA,NA,NA,NA,NA,NA,NA,NA,NA,NA,NA,NA,NA,NA,NA,NA,NA,NA,NA,NA,NA,NA,NA,NA,NA,NA,NA,NA,NA,NA,NA,NA,NA,NA,NA,NA,NA,NA,NA,NA,NA,NA,NA,NA,NA,NA,NA,,,NA,NA,NA,NA,0,0,0,2,0,0,0,NA,138238012,1382380121
13825139,AUS_13825139,NA,NA,2,1,3,16,2,9,2,2,4,11,1,97,N,4,NA,NA,4,97,97,,,0,1,0,0,0,1,0,N,N,N,N,N,N,N,4/27/2014,7:53 PM,227,22,N,N,NA,NA,19,,,1,,,TURA,LN,N,N,30,N,N,,Y,19,,,1,,,TERRY,RD,NA,,,,,,11,1,2,NA,1,1,8,7:53 PM,DISPATCH,8:13 PM,4/27/2014,Y,74,NA,34,48,8,5,1,1,64,54,1,5,1,21,21,227,22,NA,NA,,,,NA,TURA LN,,NA,NA,NA,NA,NA,,,,TERRY RD,NA,NA,NA,NA,Y,N,N,2,9,N,SUN,NA,NA,NA,NA,NA,NA,NA,NA,NA,NA,NA,NA,NA,NA,NA,NA,NA,NA,NA,NA,NA,NA,NA,NA,NA,NA,NA,NA,NA,NA,NA,NA,NA,NA,NA,NA,NA,NA,NA,NA,NA,NA,NA,NA,NA,NA,NA,NA,NA,,,NA,NA,NA,NA,0,1,0,1,0,1,0,NA,138251392,1382513921
13825724,AUS_13825724,30.3276,-97.74914,2,1,3,16,3,NA,2,2,4,11,1,5,N,4,NA,NA,4,97,97,,,0,0,1,0,0,1,0,N,N,N,N,N,N,N,4/29/2014,8:39 PM,227,22,N,N,NA,NA,19,,,1,,,HANCOCK DR,DR,N,N,35,N,N,,Y,19,,,1,,,BULL CREEK RD,RD,NA,,,,,,11,4,2,NA,2,1,5,8:39 PM,DISPATCH,8:45 PM,4/29/2014,Y,74,1061,10,14,8,5,1,3,64,54,1,5,1,21,21,227,22,30.3276,-97.74914,,,,NA,HANCOCK DR,2798,NA,NA,NA,NA,NA,,,,BULL CREEK RD,NA,NA,NA,NA,Y,N,N,3,9,Y,TUE,NA,NA,NA,NA,NA,NA,NA,NA,NA,NA,NA,NA,NA,NA,NA,NA,NA,NA,NA,NA,NA,NA,NA,NA,NA,NA,NA,NA,NA,NA,NA,NA,NA,NA,NA,NA,NA,NA,NA,NA,NA,NA,NA,NA,NA,NA,NA,NA,NA,,,NA,NA,NA,NA,0,0,1,1,0,1,0,90,138257242,1382572421
13825753,AUS_13825753,30.23231,-97.7204,2,1,3,16,2,23,2,1,4,11,1,5,N,4,NA,NA,4,97,97,,,0,1,0,0,0,1,0,N,N,N,N,N,N,N,4/29/2014,7:50 PM,227,22,N,N,NA,NA,19,,,1,,,E RIVERSIDE DR,RD,N,N,35,N,N,,Y,19,,,1,,,WICKERSHAM LN,LN,NA,,,,,,11,1,4,NA,1,1,5,2:30 PM,DISPATCH,2:45 PM,4/30/2014,N,74,1045,98,129,8,5,2,2,64,3,1,5,1,21,21,227,22,30.23231,-97.7204,,,,NA,E RIVERSIDE DR,,NA,NA,NA,NA,NA,,,,WICKERSHAM LN,NA,NA,NA,NA,Y,N,N,2,9,Y,TUE,NA,NA,NA,NA,NA,NA,NA,NA,NA,NA,NA,NA,NA,NA,NA,NA,NA,NA,NA,NA,NA,NA,NA,NA,NA,NA,NA,NA,NA,NA,NA,NA,NA,NA,NA,NA,NA,NA,NA,NA,NA,NA,NA,NA,NA,NA,NA,NA,NA,,,NA,NA,NA,NA,0,1,0,2,0,1,0,90,138257532,1382575321
13827758,AUS_13827758,NA,NA,2,1,3,16,2,27,1,1,4,11,1,2,N,4,NA,NA,4,97,97,,,0,1,0,0,0,1,0,N,N,N,N,N,N,N,5/3/2014,8:01 AM,227,22,N,N,NA,NA,19,,,1,,,ROMERIA DR,DR,N,N,-1,N,N,,Y,19,,,1,,,WOODROW AVE,AVE,NA,,,,,,11,1,0,NA,1,1,8,8:01 AM,DISPATCH,8:08 AM,5/3/2014,Y,74,NA,121,95,8,5,1,1,64,54,1,5,1,21,21,227,22,NA,NA,,,,NA,ROMERIA DR DR,,NA,NA,NA,NA,NA,,,,WOODROW AVE AVE,NA,NA,NA,NA,Y,N,N,2,9,N,SAT,NA,NA,NA,NA,NA,NA,NA,NA,NA,NA,NA,NA,NA,NA,NA,NA,NA,NA,NA,NA,NA,NA,NA,NA,NA,NA,NA,NA,NA,NA,NA,NA,NA,NA,NA,NA,NA,NA,NA,NA,NA,NA,NA,NA,NA,NA,NA,NA,NA,,,NA,NA,NA,NA,0,1,0,2,0,1,0,NA,138277582,1382775821