CrashID,CrashID1,Latitude,Longitude,Unit_Nbr,Prsn_Nbr,Prsn_Type_ID,Prsn_Occpnt_Pos_ID,Prsn_Injry_Sev_ID,Prsn_Age,Prsn_Ethnicity_ID,Prsn_Gndr_ID,Prsn_Ejct_ID,Prsn_Rest_ID,Prsn_Airbag_ID,Prsn_Helmet_ID,Prsn_Sol_Fl,Prsn_Alc_Spec_Type_ID,Prsn_Alc_Rslt_ID,Prsn_Bac_Test_Rslt,Prsn_Drg_Spec_Type_ID,Prsn_Drg_Rslt_ID,Drvr_Drg_Cat_1_ID,Prsn_Death_Date,Prsn_Death_Time,Incap_Injry_Cnt.x,Nonincap_Injry_Cnt.x,Poss_Injry_Cnt.x,Non_Injry_Cnt.x,Unkn_Injry_Cnt.x,Tot_Injry_Cnt.x,Death_Cnt.x,Crash_Fatal_Fl,Cmv_Involv_Fl,Schl_Bus_Fl,Rr_Relat_Fl,Medical_Advisory_Fl,Amend_Supp_Fl,Active_School_Zone_Fl,Crash_Date,Crash_Time,Rpt_CRIS_Cnty_ID,Rpt_City_ID,Rpt_Outside_City_Limit_Fl,Thousand_Damage_Fl,Rpt_Latitude,Rpt_Longitude,Rpt_Rdwy_Sys_ID,Rpt_Hwy_Num,Rpt_Hwy_Sfx,Rpt_Road_Part_ID,Rpt_Block_Num,Rpt_Street_Pfx,Rpt_Street_Name,Rpt_Street_Sfx,Private_Dr_Fl,Toll_Road_Fl,Crash_Speed_Limit,Road_Constr_Zone_Fl,Road_Constr_Zone_Wrkr_Fl,Rpt_Street_Desc,At_Intrsct_Fl,Rpt_Sec_Rdwy_Sys_ID,Rpt_Sec_Hwy_Num,Rpt_Sec_Hwy_Sfx,Rpt_Sec_Road_Part_ID,Rpt_Sec_Block_Num,Rpt_Sec_Street_Pfx,Rpt_Sec_Street_Name,Rpt_Sec_Street_Sfx,Rpt_Ref_Mark_Offset_Amt,Rpt_Ref_Mark_Dist_Uom,Rpt_Ref_Mark_Dir,Rpt_Ref_Mark_Nbr,Rpt_Sec_Street_Desc,Rpt_CrossingNumber,Wthr_Cond_ID,Light_Cond_ID,Entr_Road_ID,Road_Type_ID,Road_Algn_ID,Surf_Cond_ID,Traffic_Cntl_ID,Investigat_Notify_Time,Investigat_Notify_Meth,Investigat_Arrv_Time,Report_Date,Investigat_Comp_Fl,Investigat_Agency_ID,Investigat_Area_ID,Investigat_District_ID,Investigat_Region_ID,Bridge_Detail_ID,Harm_Evnt_ID,Intrsct_Relat_ID,FHE_Collsn_ID,Obj_Struck_ID,Othr_Factr_ID,Road_Part_Adj_ID,Road_Cls_ID,Road_Relat_ID,Phys_Featr_1_ID,Phys_Featr_2_ID,Cnty_ID,City_ID,Latitude,Longitude,Hwy_Sys,Hwy_Nbr,Hwy_Sfx,Dfo,Street_Name,Street_Nbr,Control,Section,Milepoint,Ref_Mark_Nbr,Ref_Mark_Displ,Hwy_Sys_2,Hwy_Nbr_2,Hwy_Sfx_2,Street_Name_2,Street_Nbr_2,Control_2,Section_2,Milepoint_2,Txdot_Rptable_Fl,Onsys_Fl,Rural_Fl,Crash_Sev_ID,Pop_Group_ID,Located_Fl,Day_of_Week,Hwy_Dsgn_Lane_ID,Hwy_Dsgn_Hrt_ID,Hp_Shldr_Left,Hp_Shldr_Right,Hp_Median_Width,Base_Type_ID,Nbr_Of_Lane,Row_Width_Usual,Roadbed_Width,Surf_Width,Surf_Type_ID,Curb_Type_Left_ID,Curb_Type_Right_ID,Shldr_Type_Left_ID,Shldr_Width_Left,Shldr_Use_Left_ID,Shldr_Type_Right_ID,Shldr_Width_Right,Shldr_Use_Right_ID,Median_Type_ID,Median_Width,Rural_Urban_Type_ID,Func_Sys_ID,Adt_Curnt_Amt,Adt_Curnt_Year,Adt_Adj_Curnt_Amt,Pct_Single_Trk_Adt,Pct_Combo_Trk_Adt,Trk_Aadt_Pct,Curve_Type_ID,Curve_Lngth,Cd_Degr,Delta_Left_Right_ID,Dd_Degr,Feature_Crossed,Structure_Number,I_R_Min_Vert_Clear,Approach_Width,Bridge_Median_ID,Bridge_Loading_Type_ID,Bridge_Loading_In_1000_Lbs,Bridge_Srvc_Type_On_ID,Bridge_Srvc_Type_Under_ID,Culvert_Type_ID,Roadway_Width,Deck_Width,Bridge_Dir_Of_Traffic_ID,Bridge_Rte_Struct_Func_ID,Bridge_IR_Struct_Func_ID,CrossingNumber,RRCo,Poscrossing_ID,WDCode_ID,Standstop,Yield,Incap_Injry_Cnt.y,Nonincap_Injry_Cnt.y,Poss_Injry_Cnt.y,Non_Injry_Cnt.y,Unkn_Injry_Cnt.y,Tot_Injry_Cnt.y,Death_Cnt.y,MPO_ID,Unit_ID,Unit_Prsn_ID
13891822,AUS_13891822,30.34921473,-97.693766,2,1,3,16,2,32,3,1,4,11,1,4,N,4,NA,NA,4,97,97,,,0,1,0,0,0,1,0,N,N,N,N,N,N,N,6/3/2014,2:58 PM,227,22,N,N,NA,NA,1,35,I,2,8500,N,N IH 35 SVRD NB,HWY,N,N,55,N,N,,Y,19,,,1,N,,HERMITAGE,DR,NA,,,,,,6,1,98,2,1,1,8,2:58 PM,DISPATCH,3:27 PM,6/3/2014,Y,74,63,123,143,8,5,1,2,64,54,2,1,1,21,21,227,22,30.34921473,-97.693766,IH,35,,240.153,IH0035,,15,13,24.049,241,0.004,,,,HERMITAGE DR,NA,NA,NA,NA,Y,Y,N,2,9,Y,TUE,5,0,10,10,23,2,6,300,112,72,4,0,0,2,20,5,2,20,5,2,3,4,11,120470,2012,120470,3.2,8.5,11.7,NA,NA,NA,NA,NA,NA,NA,NA,NA,NA,NA,NA,NA,NA,NA,NA,NA,NA,NA,NA,,,NA,NA,NA,NA,0,1,0,1,0,1,0,90,138918222,1389182221
13892585,AUS_13892585,NA,NA,2,1,3,16,2,27,1,1,4,11,1,4,N,4,NA,NA,4,97,97,,,0,1,0,0,0,1,0,N,N,N,N,N,N,N,6/4/2014,8:05 PM,227,22,N,N,NA,NA,19,,,1,,,HOME LN,LN,N,N,30,N,N,,Y,19,,,1,,,W 38TH ST,ST,NA,,,,,,11,1,2,NA,3,1,8,8:05 PM,DISPATCH,8:06 PM,6/4/2014,Y,74,1061,10,14,8,5,1,3,64,54,1,5,1,21,21,227,22,NA,NA,,,,NA,HOME LN LN,,NA,NA,NA,NA,NA,,,,W 38TH ST ST,NA,NA,NA,NA,Y,N,N,2,9,N,WED,NA,NA,NA,NA,NA,NA,NA,NA,NA,NA,NA,NA,NA,NA,NA,NA,NA,NA,NA,NA,NA,NA,NA,NA,NA,NA,NA,NA,NA,NA,NA,NA,NA,NA,NA,NA,NA,NA,NA,NA,NA,NA,NA,NA,NA,NA,NA,NA,NA,,,NA,NA,NA,NA,0,1,0,1,0,1,0,NA,138925852,1389258521
13893244,AUS_13893244,NA,NA,2,1,3,16,2,44,1,1,4,11,1,4,N,4,NA,NA,4,97,97,,,0,1,0,0,0,1,0,N,N,N,N,N,N,N,6/6/2014,4:45 PM,227,22,N,N,NA,NA,19,,,1,,W,W 40TH ST,ST,N,N,30,N,N,,Y,19,,,1,,N,N LAMAR BLVD,BLVD,NA,,,,,,11,1,0,NA,1,1,5,4:45 PM,DISPATCH,4:51 PM,6/6/2014,Y,74,1061,10,14,8,5,2,3,64,3,1,5,1,21,21,227,22,NA,NA,,,,NA,W W 40TH ST ST,,NA,NA,NA,NA,NA,,,,N N LAMAR BLVD BLVD,NA,NA,NA,NA,Y,N,N,2,9,N,FRI,NA,NA,NA,NA,NA,NA,NA,NA,NA,NA,NA,NA,NA,NA,NA,NA,NA,NA,NA,NA,NA,NA,NA,NA,NA,NA,NA,NA,NA,NA,NA,NA,NA,NA,NA,NA,NA,NA,NA,NA,NA,NA,NA,NA,NA,NA,NA,NA,NA,,,NA,NA,NA,NA,0,1,0,1,0,1,0,NA,138932442,1389324421
13893315,AUS_13893315,30.17962,-97.74693,2,1,3,16,3,12,2,1,4,11,1,5,N,4,NA,NA,4,97,97,,,0,0,1,0,0,1,0,N,N,N,N,N,N,N,6/6/2014,10:54 AM,227,22,N,N,30.17967,-97.74689,19,,,1,,,E WILLIAM CANNON DR,DR,N,N,40,N,N,,Y,19,,,1,,,S PLEASANT VALLEY RD,RD,NA,,,,,,11,1,4,NA,3,1,5,10:54 AM,DISPATCH,10:56 AM,6/6/2014,Y,74,1042,99,130,8,5,2,1,64,3,1,5,1,21,21,227,22,30.17962,-97.74693,,,,NA,E WILLIAM CANNON DR,,NA,NA,NA,NA,NA,,,,UNKNOWN,NA,NA,NA,NA,Y,N,N,3,9,Y,FRI,NA,NA,NA,NA,NA,NA,NA,NA,NA,NA,NA,NA,NA,NA,NA,NA,NA,NA,NA,NA,NA,NA,NA,NA,NA,NA,NA,NA,NA,NA,NA,NA,NA,NA,NA,NA,NA,NA,NA,NA,NA,NA,NA,NA,NA,NA,NA,NA,NA,,,NA,NA,NA,NA,0,0,1,1,0,1,0,90,138933152,1389331521
13893354,AUS_13893354,30.43625459,-97.73465935,2,1,3,16,2,72,1,1,4,11,1,5,N,4,NA,NA,4,97,97,,,0,1,0,0,0,1,0,N,N,N,N,N,N,N,6/7/2014,5:00 PM,227,1792,Y,N,NA,NA,19,,,1,5300,W,PARMER LN,LN,N,N,-1,N,N,,N,19,,,NA,,,RIATA VISTA CIR,,NA,,,,,,11,1,2,NA,1,1,20,9:57 PM,DISPATCH,10:30 PM,6/7/2014,Y,74,NA,46,64,8,5,4,1,64,54,1,5,1,21,21,227,22,30.43625459,-97.73465935,,,,NA,W PARMER LN,,NA,NA,NA,NA,NA,,,,N/A,NA,NA,NA,NA,Y,N,N,2,9,Y,SAT,NA,NA,NA,NA,NA,NA,NA,NA,NA,NA,NA,NA,NA,NA,NA,NA,NA,NA,NA,NA,NA,NA,NA,NA,NA,NA,NA,NA,NA,NA,NA,NA,NA,NA,NA,NA,NA,NA,NA,NA,NA,NA,NA,NA,NA,NA,NA,NA,NA,,,NA,NA,NA,NA,0,1,0,0,1,1,0,90,138933542,1389335421
13893377,AUS_13893377,30.29993487,-97.71648563,2,1,3,16,2,NA,1,1,4,11,1,4,N,4,NA,NA,4,97,97,,,0,1,0,0,0,1,0,N,N,N,N,N,N,N,6/7/2014,12:14 PM,227,22,N,Y,NA,NA,19,,,1,4200,,CLARKSON AVE,AVE,N,N,-1,N,N,,Y,1,35,,2,,,NOT REPORTED,,NA,,,,,,11,1,3,2,1,1,8,12:14 PM,BY CITIZEN,12:14 PM,6/7/2014,Y,74,1061,10,14,8,5,1,2,64,54,2,1,1,21,21,227,22,30.29993487,-97.71648563,IH,35,,236.456,IH0035,,15,13,20.339,237,0.301,,,,CLARKSON AVE,NA,NA,NA,NA,Y,Y,N,2,9,Y,SAT,5,0,2,10,7,2,8,310,182,96,4,0,0,2,20,5,2,40,5,2,3,4,11,191460,2012,191460,2.5,6.6,9.1,NA,NA,NA,NA,NA,NA,NA,NA,NA,NA,NA,NA,NA,NA,NA,NA,NA,NA,NA,NA,,,NA,NA,NA,NA,0,1,0,1,0,1,0,90,138933772,1389337721
13893539,AUS_13893539,30.4613924,-97.79409403,2,1,3,16,2,41,1,1,4,11,1,4,N,4,NA,NA,4,97,97,,,0,1,0,0,0,1,0,N,N,N,N,N,N,N,6/8/2014,8:30 AM,246,22,N,N,NA,NA,2,183,I,2,,N,US 183,HWY,N,N,50,N,N,SVRD NB,Y,19,,,1,,,LAKE CREEK,PKWY,NA,,,,,,0,0,4,2,1,1,5,7:44 AM,DISPATCH,8:00 AM,6/10/2014,Y,74,NA,46,64,8,5,2,1,64,54,2,2,1,21,21,246,22,30.4613924,-97.79409403,US,183,,307.6,US0183,,151,5,27.359,502,-0.659,,,,LAKE CREEK PKY,NA,NA,NA,NA,Y,Y,N,2,9,Y,SUN,5,0,10,10,32,2,8,220,136,96,5,0,0,2,20,5,2,20,5,3,12,4,12,86500,2012,86500,2.2,0.6,2.8,NA,NA,NA,NA,NA,NA,NA,NA,NA,NA,NA,NA,NA,NA,NA,NA,NA,NA,NA,NA,,,NA,NA,NA,NA,0,1,0,0,1,1,0,90,138935392,1389353921
13893664,AUS_13893664,30.28979,-97.74141,2,1,3,16,2,34,1,2,4,11,1,5,N,4,NA,NA,4,97,97,,,0,1,0,0,0,1,0,N,N,N,N,N,N,N,6/8/2014,10:04 AM,227,22,N,N,NA,NA,19,,,1,2500,,GUADALUPE ST,ST,N,N,-1,N,N,,Y,19,,,1,,,W DEAN KEETON ST,ST,NA,,,,,,11,1,2,NA,1,1,5,10:06 AM,DISPATCH,10:30 AM,6/9/2014,Y,74,1061,10,14,8,5,1,3,64,54,1,5,1,21,21,227,22,30.28979,-97.74141,,,,NA,GUADALUPE ST,2525,NA,NA,NA,NA,NA,,,,W DEAN KEETON ST,NA,NA,NA,NA,Y,N,N,2,9,Y,SUN,NA,NA,NA,NA,NA,NA,NA,NA,NA,NA,NA,NA,NA,NA,NA,NA,NA,NA,NA,NA,NA,NA,NA,NA,NA,NA,NA,NA,NA,NA,NA,NA,NA,NA,NA,NA,NA,NA,NA,NA,NA,NA,NA,NA,NA,NA,NA,NA,NA,,,NA,NA,NA,NA,0,1,0,1,0,1,0,90,138936642,1389366421
13896555,AUS_13896555,30.22586368,-97.70288736,2,1,3,16,2,NA,5,1,4,11,1,97,N,4,NA,NA,4,97,97,,,0,1,0,0,0,1,0,N,N,N,N,N,N,N,6/10/2014,5:44 AM,227,22,N,N,NA,NA,19,,,1,1800,,MONTOPOLIS DR,DR,N,N,35,N,N,,N,19,,,NA,,,KASPER ST,ST,NA,,,,,,11,4,0,NA,1,1,20,5:44 AM,DISPATCH,5:47 AM,6/10/2014,Y,74,1045,98,129,8,5,4,1,64,3,1,5,1,21,21,227,22,30.22586368,-97.70288736,,,,NA,MONTOPOLIS DR,1882,NA,NA,NA,NA,NA,,,,N/A,NA,NA,NA,NA,Y,N,N,2,9,Y,TUE,NA,NA,NA,NA,NA,NA,NA,NA,NA,NA,NA,NA,NA,NA,NA,NA,NA,NA,NA,NA,NA,NA,NA,NA,NA,NA,NA,NA,NA,NA,NA,NA,NA,NA,NA,NA,NA,NA,NA,NA,NA,NA,NA,NA,NA,NA,NA,NA,NA,,,NA,NA,NA,NA,0,1,0,0,1,1,0,90,138965552,1389655521
13897016,AUS_13897016,30.22396,-97.70116,2,1,3,16,2,25,1,1,4,11,1,4,N,4,NA,NA,4,97,97,,,0,1,0,0,0,1,0,N,N,N,N,N,N,N,6/12/2014,10:11 PM,227,22,N,Y,NA,NA,19,,,1,,,E RIVERSIDE DR,DR,N,N,45,N,N,,Y,19,,,1,,,VARGAS RD,RD,NA,,,,,,11,3,2,NA,1,1,8,10:11 PM,DISPATCH,10:13 PM,6/12/2014,Y,74,1045,98,129,8,5,1,3,64,3,1,5,1,21,21,227,22,30.22396,-97.70116,,,,NA,E RIVERSIDE DR,,NA,NA,NA,NA,NA,,,,VARGAS RD,NA,NA,NA,NA,Y,N,N,2,9,Y,THU,NA,NA,NA,NA,NA,NA,NA,NA,NA,NA,NA,NA,NA,NA,NA,NA,NA,NA,NA,NA,NA,NA,NA,NA,NA,NA,NA,NA,NA,NA,NA,NA,NA,NA,NA,NA,NA,NA,NA,NA,NA,NA,NA,NA,NA,NA,NA,NA,NA,,,NA,NA,NA,NA,0,1,0,2,0,1,0,90,138970162,1389701621
13897064,AUS_13897064,NA,NA,2,1,3,16,3,27,2,1,4,11,1,97,N,4,NA,NA,4,97,97,,,0,0,1,0,0,1,0,N,N,N,N,N,N,N,6/13/2014,9:02 PM,227,22,N,N,NA,NA,19,,,1,700,W,WILLIAM CANNON,DR,Y,N,40,Y,N,,N,19,,,NA,,,1ST,,NA,,,,,,11,4,2,NA,4,1,8,8:47 PM,DISPATCH,9:02 PM,6/13/2014,Y,74,1042,99,130,8,5,3,3,64,49,7,9,5,1,21,227,22,NA,NA,,,,NA,W WILLIAM CANNON DR,,NA,NA,NA,NA,NA,,,,N/A,NA,NA,NA,NA,N,N,N,3,9,N,FRI,NA,NA,NA,NA,NA,NA,NA,NA,NA,NA,NA,NA,NA,NA,NA,NA,NA,NA,NA,NA,NA,NA,NA,NA,NA,NA,NA,NA,NA,NA,NA,NA,NA,NA,NA,NA,NA,NA,NA,NA,NA,NA,NA,NA,NA,NA,NA,NA,NA,,,NA,NA,NA,NA,0,0,1,1,0,1,0,NA,138970642,1389706421
13899537,AUS_13899537,30.270625,-97.69232,2,1,3,16,3,7,2,2,4,11,1,97,N,4,NA,NA,4,97,97,,,0,0,1,0,0,1,0,N,N,N,N,N,N,N,6/15/2014,7:30 PM,227,22,N,N,NA,NA,19,,,1,1050,,SPRINGDALE RD,RD,N,N,-1,N,N,,N,19,,,NA,,,PROCK LN,LN,NA,,,,,,11,1,7,NA,1,1,1,7:33 PM,DISPATCH,7:36 PM,6/16/2014,Y,74,NA,34,48,8,5,4,1,64,54,1,5,1,21,21,227,22,30.270625,-97.69232,,,,NA,SPRINGDALE RD,1050,NA,NA,NA,NA,NA,,,,N/A,NA,NA,NA,NA,Y,N,N,3,9,Y,SUN,NA,NA,NA,NA,NA,NA,NA,NA,NA,NA,NA,NA,NA,NA,NA,NA,NA,NA,NA,NA,NA,NA,NA,NA,NA,NA,NA,NA,NA,NA,NA,NA,NA,NA,NA,NA,NA,NA,NA,NA,NA,NA,NA,NA,NA,NA,NA,NA,NA,,,NA,NA,NA,NA,0,0,1,1,0,1,0,90,138995372,1389953721
13899608,AUS_13899608,30.21655999,-97.75392001,2,1,3,16,3,38,1,1,4,11,1,4,N,4,NA,NA,4,97,97,,,0,0,1,0,0,1,0,N,N,N,N,N,N,N,6/16/2014,11:05 AM,227,22,N,N,NA,NA,19,,,1,4100,,SANTIAGO ST,ST,N,N,-1,N,N,,Y,19,,,2,,,E BEN WHITE BLVD SVRD EB,,NA,,,,,,11,1,2,NA,1,1,8,11:05 AM,DISPATCH,11:14 AM,6/16/2014,Y,74,1043,93,112,8,5,2,1,64,3,2,5,1,21,21,227,22,30.21655999,-97.75392001,,,,NA,SANTIAGO ST,4100,NA,NA,NA,NA,NA,,,,UNKNOWN,NA,NA,NA,NA,Y,N,N,3,9,Y,MON,NA,NA,NA,NA,NA,NA,NA,NA,NA,NA,NA,NA,NA,NA,NA,NA,NA,NA,NA,NA,NA,NA,NA,NA,NA,NA,NA,NA,NA,NA,NA,NA,NA,NA,NA,NA,NA,NA,NA,NA,NA,NA,NA,NA,NA,NA,NA,NA,NA,,,NA,NA,NA,NA,0,0,1,1,0,1,0,90,138996082,1389960821
13899855,AUS_13899855,30.27696525,-97.75169765,2,1,3,16,2,21,1,2,4,11,1,1,N,4,NA,NA,4,97,97,,,0,1,0,0,0,1,0,N,N,N,N,N,N,N,6/23/2014,11:15 AM,227,22,N,N,NA,NA,19,,,1,1000,W,12TH,ST,N,N,30,N,N,,N,19,,,NA,,N,LAMAR,BLVD,NA,,,,,,12,1,0,NA,2,1,11,1:32 PM,DISPATCH,1:46 PM,6/23/2014,Y,74,1061,10,14,8,5,3,2,64,13,1,5,1,32,21,227,22,30.27696525,-97.75169765,,,,NA,W 12TH ST,1003,NA,NA,NA,NA,NA,,,,N/A,NA,NA,NA,NA,Y,N,N,2,9,Y,MON,NA,NA,NA,NA,NA,NA,NA,NA,NA,NA,NA,NA,NA,NA,NA,NA,NA,NA,NA,NA,NA,NA,NA,NA,NA,NA,NA,NA,NA,NA,NA,NA,NA,NA,NA,NA,NA,NA,NA,NA,NA,NA,NA,NA,NA,NA,NA,NA,NA,,,NA,NA,NA,NA,0,1,0,0,1,1,0,90,138998552,1389985521
13901397,AUS_13901397,30.17411,-97.80409,2,1,3,16,3,33,2,1,4,11,1,4,N,4,NA,NA,4,97,97,,,0,0,1,0,0,1,0,N,N,N,N,N,N,N,6/25/2014,12:56 PM,227,1792,Y,N,NA,NA,19,,,1,750,W,SLAUGHTER,LN,N,N,45,N,N,,Y,19,,,1,,,760 SIMONETTI,DR,NA,,,,,,11,1,2,NA,2,1,8,12:57 PM,DISPATCH,1:04 PM,6/25/2014,Y,74,1042,99,130,8,5,2,2,64,54,1,4,1,21,21,227,22,30.17411,-97.80409,,,,NA,W SLAUGHTER LN,750,NA,NA,NA,NA,NA,,,,UNKNOWN,NA,NA,NA,NA,Y,N,N,3,9,Y,WED,NA,NA,NA,NA,NA,NA,NA,NA,NA,NA,NA,NA,NA,NA,NA,NA,NA,NA,NA,NA,NA,NA,NA,NA,NA,NA,NA,NA,NA,NA,NA,NA,NA,NA,NA,NA,NA,NA,NA,NA,NA,NA,NA,NA,NA,NA,NA,NA,NA,,,NA,NA,NA,NA,0,0,1,1,0,1,0,90,139013972,1390139721
13904040,AUS_13904040,30.27086,-97.74177,2,1,3,16,2,36,1,1,4,11,1,5,N,4,NA,NA,4,97,97,,,0,1,0,0,0,1,0,N,N,N,N,N,N,N,6/17/2014,4:09 PM,227,22,N,N,NA,NA,19,,,1,,,CONGRESS,,N,N,-1,N,N,,Y,19,,,1,,E,E 9TH ST,ST,NA,,,,,,11,1,4,NA,1,1,5,4:09 PM,DISPATCH,4:16 PM,6/17/2014,Y,74,36,67,282,8,5,2,1,64,36,1,5,1,21,21,227,22,30.27086,-97.74177,,,,NA,CONGRESS AVE,899,NA,NA,NA,NA,NA,,,,E 9TH ST,NA,NA,NA,NA,Y,N,N,2,9,Y,TUE,NA,NA,NA,NA,NA,NA,NA,NA,NA,NA,NA,NA,NA,NA,NA,NA,NA,NA,NA,NA,NA,NA,NA,NA,NA,NA,NA,NA,NA,NA,NA,NA,NA,NA,NA,NA,NA,NA,NA,NA,NA,NA,NA,NA,NA,NA,NA,NA,NA,,,NA,NA,NA,NA,0,1,0,2,0,1,0,90,139040402,1390404021
13904251,AUS_13904251,NA,NA,2,1,3,16,3,NA,1,2,4,11,1,4,N,4,NA,NA,4,97,97,,,0,0,1,0,0,1,0,N,N,N,N,N,N,N,6/18/2014,5:19 PM,227,22,N,Y,NA,NA,11,1,,2,7200,,N MOPAC EXPY SVRD SB,,N,N,40,N,N,,N,19,,,NA,,,FAR WEST BLVD,BLVD,NA,,,,,,11,1,2,NA,2,1,1,5:19 PM,DISPATCH,5:40 PM,6/18/2014,Y,74,1061,10,14,8,5,4,1,64,14,7,9,5,32,21,227,22,NA,NA,SL,1,,NA,SL0001,,NA,NA,NA,NA,NA,,,,N/A,NA,NA,NA,NA,N,Y,N,3,9,N,WED,NA,NA,NA,NA,NA,NA,NA,NA,NA,NA,NA,NA,NA,NA,NA,NA,NA,NA,NA,NA,NA,NA,NA,NA,NA,NA,NA,NA,NA,NA,NA,NA,NA,NA,NA,NA,NA,NA,NA,NA,NA,NA,NA,NA,NA,NA,NA,NA,NA,,,NA,NA,NA,NA,0,0,1,1,0,1,0,NA,139042512,1390425121
13904460,AUS_13904460,30.41620756,-97.74889394,2,1,3,16,2,40,1,1,4,11,1,97,N,4,NA,NA,4,97,97,,,0,1,0,0,0,1,0,N,N,N,N,N,N,N,6/20/2014,8:36 AM,227,22,N,N,NA,NA,19,,,7,11500,,JOLLIVILLE,RD,N,N,45,N,N,,N,19,,,NA,5300,,THUNDER CREEK,RD,NA,,,,,,12,1,0,NA,1,1,20,8:36 AM,DISPATCH,8:43 AM,6/20/2014,Y,74,NA,46,64,8,5,3,1,64,14,1,5,1,32,21,227,22,30.41620756,-97.74889394,,,,NA,JOLLYVILLE RD,11591,NA,NA,NA,NA,NA,,,,N/A,NA,NA,NA,NA,Y,N,N,2,9,Y,FRI,NA,NA,NA,NA,NA,NA,NA,NA,NA,NA,NA,NA,NA,NA,NA,NA,NA,NA,NA,NA,NA,NA,NA,NA,NA,NA,NA,NA,NA,NA,NA,NA,NA,NA,NA,NA,NA,NA,NA,NA,NA,NA,NA,NA,NA,NA,NA,NA,NA,,,NA,NA,NA,NA,0,1,0,1,0,1,0,90,139044602,1390446021
13907189,AUS_13907189,30.17748279,-97.82169557,2,1,3,16,2,21,1,1,4,11,1,4,N,4,NA,NA,4,97,97,,,0,1,0,0,0,1,0,N,N,N,N,N,N,N,5/30/2014,10:06 PM,227,22,N,Y,NA,NA,19,,,1,9500,,MANCHACA,RD,N,N,45,N,N,,N,19,,,NA,,,CROWNSPOINT,DR,NA,,,,,,11,4,0,3,1,1,1,10:06 PM,DISPATCH,10:10 PM,5/30/2014,Y,74,1042,99,130,8,5,4,1,64,54,1,3,1,21,21,227,22,30.17748279,-97.82169557,FM,2304,,1.769,FM2304,9514,2689,1,4.792,446,-0.205,,,,N/A,NA,NA,NA,NA,Y,Y,N,2,9,Y,FRI,2,0,0,12,0,2,4,100,76,48,4,2,2,1,0,0,2,12,5,0,0,4,14,28000,2012,28000,1.7,0.3,2,NA,NA,NA,NA,NA,NA,NA,NA,NA,NA,NA,NA,NA,NA,NA,NA,NA,NA,NA,NA,,,NA,NA,NA,NA,0,1,0,1,0,1,0,90,139071892,1390718921
13907864,AUS_13907864,30.46205817,-97.79231251,2,1,3,16,2,26,3,2,4,11,1,5,N,4,NA,NA,4,97,97,,,0,1,0,0,0,1,0,N,N,N,N,N,N,N,6/21/2014,11:30 AM,246,1811,Y,Y,NA,NA,19,,,2,10400,,LAKE CREEK,PKWY,N,N,-1,N,N,SIDE WALK,N,2,183,,NA,,,NOT REPORTED,,NA,,,,PAVED ROAD,,12,1,0,NA,1,1,1,12:16 PM,DISPATCH,12:45 PM,6/23/2014,Y,74,NA,46,64,8,5,3,1,64,14,2,2,1,32,21,246,22,30.46205817,-97.79231251,,,,NA,LAKE CREEK PKY,,NA,NA,NA,NA,NA,,,,N/A,NA,NA,NA,NA,Y,N,N,2,9,Y,SAT,NA,NA,NA,NA,NA,NA,NA,NA,NA,NA,NA,NA,NA,NA,NA,NA,NA,NA,NA,NA,NA,NA,NA,NA,NA,NA,NA,NA,NA,NA,NA,NA,NA,NA,NA,NA,NA,NA,NA,NA,NA,NA,NA,NA,NA,NA,NA,NA,NA,,,NA,NA,NA,NA,0,1,0,0,1,1,0,90,139078642,1390786421
13907883,AUS_13907883,NA,NA,2,1,3,16,2,35,1,1,4,11,1,4,N,4,NA,NA,4,97,97,,,0,1,0,0,0,1,0,N,N,N,N,N,N,N,6/22/2014,2:47 AM,227,22,N,N,NA,NA,19,,,1,,N,CONGRESS AVE,AVE,N,N,-1,N,N,,Y,19,,,1,,E,E CESAR CHAVEZ ST,ST,NA,,,,,,11,4,4,NA,1,1,5,2:47 AM,BY CITIZEN,2:49 AM,6/22/2014,Y,74,36,67,282,8,5,1,3,64,54,1,5,1,21,21,227,22,NA,NA,,,,NA,N CONGRESS AVE AVE,,NA,NA,NA,NA,NA,,,,E E CESAR CHAVEZ ST ST,NA,NA,NA,NA,Y,N,N,2,9,N,SUN,NA,NA,NA,NA,NA,NA,NA,NA,NA,NA,NA,NA,NA,NA,NA,NA,NA,NA,NA,NA,NA,NA,NA,NA,NA,NA,NA,NA,NA,NA,NA,NA,NA,NA,NA,NA,NA,NA,NA,NA,NA,NA,NA,NA,NA,NA,NA,NA,NA,,,NA,NA,NA,NA,0,1,0,2,0,1,0,NA,139078832,1390788321
13908065,AUS_13908065,30.34522048,-97.75230242,2,1,3,16,2,44,1,1,4,11,1,3,N,4,NA,NA,4,97,97,,,0,1,0,0,0,1,0,N,N,N,N,N,N,N,6/27/2014,5:00 PM,227,22,N,N,NA,NA,19,,,1,6400,,HART,LN,N,N,-1,N,N,,N,19,,,NA,6400,,BALCONES,DR,NA,,,,,,11,1,0,NA,3,1,20,5:00 PM,DISPATCH,5:25 PM,6/27/2014,Y,74,1061,10,14,8,5,3,1,64,54,1,5,1,32,21,227,22,30.34522048,-97.75230242,,,,NA,HART LN,6406,NA,NA,NA,NA,NA,,,,N/A,NA,NA,NA,NA,Y,N,N,2,9,Y,FRI,NA,NA,NA,NA,NA,NA,NA,NA,NA,NA,NA,NA,NA,NA,NA,NA,NA,NA,NA,NA,NA,NA,NA,NA,NA,NA,NA,NA,NA,NA,NA,NA,NA,NA,NA,NA,NA,NA,NA,NA,NA,NA,NA,NA,NA,NA,NA,NA,NA,,,NA,NA,NA,NA,0,1,0,1,0,1,0,90,139080652,1390806521