CrashID,CrashID1,Latitude,Longitude,Unit_Nbr,Prsn_Nbr,Prsn_Type_ID,Prsn_Occpnt_Pos_ID,Prsn_Injry_Sev_ID,Prsn_Age,Prsn_Ethnicity_ID,Prsn_Gndr_ID,Prsn_Ejct_ID,Prsn_Rest_ID,Prsn_Airbag_ID,Prsn_Helmet_ID,Prsn_Sol_Fl,Prsn_Alc_Spec_Type_ID,Prsn_Alc_Rslt_ID,Prsn_Bac_Test_Rslt,Prsn_Drg_Spec_Type_ID,Prsn_Drg_Rslt_ID,Drvr_Drg_Cat_1_ID,Prsn_Death_Date,Prsn_Death_Time,Incap_Injry_Cnt.x,Nonincap_Injry_Cnt.x,Poss_Injry_Cnt.x,Non_Injry_Cnt.x,Unkn_Injry_Cnt.x,Tot_Injry_Cnt.x,Death_Cnt.x,Crash_Fatal_Fl,Cmv_Involv_Fl,Schl_Bus_Fl,Rr_Relat_Fl,Medical_Advisory_Fl,Amend_Supp_Fl,Active_School_Zone_Fl,Crash_Date,Crash_Time,Rpt_CRIS_Cnty_ID,Rpt_City_ID,Rpt_Outside_City_Limit_Fl,Thousand_Damage_Fl,Rpt_Latitude,Rpt_Longitude,Rpt_Rdwy_Sys_ID,Rpt_Hwy_Num,Rpt_Hwy_Sfx,Rpt_Road_Part_ID,Rpt_Block_Num,Rpt_Street_Pfx,Rpt_Street_Name,Rpt_Street_Sfx,Private_Dr_Fl,Toll_Road_Fl,Crash_Speed_Limit,Road_Constr_Zone_Fl,Road_Constr_Zone_Wrkr_Fl,Rpt_Street_Desc,At_Intrsct_Fl,Rpt_Sec_Rdwy_Sys_ID,Rpt_Sec_Hwy_Num,Rpt_Sec_Hwy_Sfx,Rpt_Sec_Road_Part_ID,Rpt_Sec_Block_Num,Rpt_Sec_Street_Pfx,Rpt_Sec_Street_Name,Rpt_Sec_Street_Sfx,Rpt_Ref_Mark_Offset_Amt,Rpt_Ref_Mark_Dist_Uom,Rpt_Ref_Mark_Dir,Rpt_Ref_Mark_Nbr,Rpt_Sec_Street_Desc,Rpt_CrossingNumber,Wthr_Cond_ID,Light_Cond_ID,Entr_Road_ID,Road_Type_ID,Road_Algn_ID,Surf_Cond_ID,Traffic_Cntl_ID,Investigat_Notify_Time,Investigat_Notify_Meth,Investigat_Arrv_Time,Report_Date,Investigat_Comp_Fl,Investigat_Agency_ID,Investigat_Area_ID,Investigat_District_ID,Investigat_Region_ID,Bridge_Detail_ID,Harm_Evnt_ID,Intrsct_Relat_ID,FHE_Collsn_ID,Obj_Struck_ID,Othr_Factr_ID,Road_Part_Adj_ID,Road_Cls_ID,Road_Relat_ID,Phys_Featr_1_ID,Phys_Featr_2_ID,Cnty_ID,City_ID,Latitude,Longitude,Hwy_Sys,Hwy_Nbr,Hwy_Sfx,Dfo,Street_Name,Street_Nbr,Control,Section,Milepoint,Ref_Mark_Nbr,Ref_Mark_Displ,Hwy_Sys_2,Hwy_Nbr_2,Hwy_Sfx_2,Street_Name_2,Street_Nbr_2,Control_2,Section_2,Milepoint_2,Txdot_Rptable_Fl,Onsys_Fl,Rural_Fl,Crash_Sev_ID,Pop_Group_ID,Located_Fl,Day_of_Week,Hwy_Dsgn_Lane_ID,Hwy_Dsgn_Hrt_ID,Hp_Shldr_Left,Hp_Shldr_Right,Hp_Median_Width,Base_Type_ID,Nbr_Of_Lane,Row_Width_Usual,Roadbed_Width,Surf_Width,Surf_Type_ID,Curb_Type_Left_ID,Curb_Type_Right_ID,Shldr_Type_Left_ID,Shldr_Width_Left,Shldr_Use_Left_ID,Shldr_Type_Right_ID,Shldr_Width_Right,Shldr_Use_Right_ID,Median_Type_ID,Median_Width,Rural_Urban_Type_ID,Func_Sys_ID,Adt_Curnt_Amt,Adt_Curnt_Year,Adt_Adj_Curnt_Amt,Pct_Single_Trk_Adt,Pct_Combo_Trk_Adt,Trk_Aadt_Pct,Curve_Type_ID,Curve_Lngth,Cd_Degr,Delta_Left_Right_ID,Dd_Degr,Feature_Crossed,Structure_Number,I_R_Min_Vert_Clear,Approach_Width,Bridge_Median_ID,Bridge_Loading_Type_ID,Bridge_Loading_In_1000_Lbs,Bridge_Srvc_Type_On_ID,Bridge_Srvc_Type_Under_ID,Culvert_Type_ID,Roadway_Width,Deck_Width,Bridge_Dir_Of_Traffic_ID,Bridge_Rte_Struct_Func_ID,Bridge_IR_Struct_Func_ID,CrossingNumber,RRCo,Poscrossing_ID,WDCode_ID,Standstop,Yield,Incap_Injry_Cnt.y,Nonincap_Injry_Cnt.y,Poss_Injry_Cnt.y,Non_Injry_Cnt.y,Unkn_Injry_Cnt.y,Tot_Injry_Cnt.y,Death_Cnt.y,MPO_ID,Unit_ID,Unit_Prsn_ID
14134312,AUS_14134312,30.45634,-97.80461,2,1,3,16,3,51,1,2,4,11,1,97,N,4,NA,NA,4,97,97,,,0,0,1,0,0,1,0,N,N,N,N,N,N,N,10/29/2014,5:43 PM,246,1811,Y,N,NA,NA,19,,,1,,,LAKE CREEK,PKWY,N,N,40,N,N,,Y,19,,,1,,,MILLWRIGHT,PKWY,NA,,,,,,11,1,2,NA,4,1,8,5:43 PM,DISPATCH,5:50 PM,10/29/2014,Y,74,NA,46,64,8,5,1,1,64,54,1,5,1,21,21,246,22,30.45634,-97.80461,,,,NA,LAKE CREEK PKY,,NA,NA,NA,NA,NA,,,,MILLWRIGHT PKY,NA,NA,NA,NA,Y,N,N,3,9,Y,WED,NA,NA,NA,NA,NA,NA,NA,NA,NA,NA,NA,NA,NA,NA,NA,NA,NA,NA,NA,NA,NA,NA,NA,NA,NA,NA,NA,NA,NA,NA,NA,NA,NA,NA,NA,NA,NA,NA,NA,NA,NA,NA,NA,NA,NA,NA,NA,NA,NA,,,NA,NA,NA,NA,0,0,1,1,0,1,0,90,141343122,1413431221
14137679,AUS_14137679,30.39475,-97.70681,2,1,3,16,2,30,1,1,4,11,1,97,N,4,NA,NA,4,97,97,,,0,1,0,0,0,1,0,N,N,N,N,N,N,N,10/27/2014,4:00 PM,227,1792,Y,Y,NA,NA,19,,,1,11900,,METRIC,BLVD,N,N,45,N,N,,Y,19,,,1,,,STONEHOLLOW,DR,NA,,,,,,11,1,4,NA,1,1,5,3:59 PM,BY CITIZEN,4:25 PM,11/4/2014,Y,74,36,67,282,8,5,2,1,64,3,1,5,1,21,21,227,22,30.39475,-97.70681,,,,NA,METRIC BLVD,,NA,NA,NA,NA,NA,,,,STONEHOLLOW DR,NA,NA,NA,NA,Y,N,N,2,9,Y,MON,NA,NA,NA,NA,NA,NA,NA,NA,NA,NA,NA,NA,NA,NA,NA,NA,NA,NA,NA,NA,NA,NA,NA,NA,NA,NA,NA,NA,NA,NA,NA,NA,NA,NA,NA,NA,NA,NA,NA,NA,NA,NA,NA,NA,NA,NA,NA,NA,NA,,,NA,NA,NA,NA,0,1,0,1,0,1,0,90,141376792,1413767921
14140404,AUS_14140404,NA,NA,2,1,3,16,2,32,1,1,4,11,1,97,N,4,NA,NA,4,97,97,,,0,1,0,0,0,1,0,N,N,N,N,N,N,N,11/22/2014,12:46 PM,227,22,N,Y,NA,NA,19,,,1,700,W,ST ELMO,ST,N,N,30,N,N,,N,19,,,NA,4400,S,3RD,ST,NA,,,,,,2,1,0,NA,1,2,1,9:58 AM,DISPATCH,10:10 AM,11/22/2014,Y,74,1043,93,112,8,5,1,1,64,1,1,5,1,21,21,227,22,NA,NA,,,,NA,W ST ELMO ST,,NA,NA,NA,NA,NA,,,,S 3RD ST,NA,NA,NA,NA,Y,N,N,2,9,N,SAT,NA,NA,NA,NA,NA,NA,NA,NA,NA,NA,NA,NA,NA,NA,NA,NA,NA,NA,NA,NA,NA,NA,NA,NA,NA,NA,NA,NA,NA,NA,NA,NA,NA,NA,NA,NA,NA,NA,NA,NA,NA,NA,NA,NA,NA,NA,NA,NA,NA,,,NA,NA,NA,NA,0,1,1,1,0,2,0,NA,141404042,1414040421
14141581,AUS_14141581,30.3105,-97.71194,2,1,3,16,2,30,1,2,4,11,1,4,N,4,NA,NA,4,97,97,,,0,1,0,0,0,1,0,N,N,N,N,N,N,N,11/20/2014,6:43 PM,227,22,N,N,NA,NA,19,,,1,,E,51ST,ST,N,N,-1,N,N,,Y,19,,,1,,,HARMON,AVE,NA,,,,,,2,3,4,NA,1,2,8,6:43 PM,DISPATCH,6:46 PM,11/20/2014,Y,74,1061,10,14,8,5,1,1,64,54,1,5,1,21,21,227,22,30.3105,-97.71194,,,,NA,E 51ST ST,1000,NA,NA,NA,NA,NA,,,,HARMON AVE,NA,NA,NA,NA,Y,N,N,2,9,Y,THU,NA,NA,NA,NA,NA,NA,NA,NA,NA,NA,NA,NA,NA,NA,NA,NA,NA,NA,NA,NA,NA,NA,NA,NA,NA,NA,NA,NA,NA,NA,NA,NA,NA,NA,NA,NA,NA,NA,NA,NA,NA,NA,NA,NA,NA,NA,NA,NA,NA,,,NA,NA,NA,NA,0,1,0,1,0,1,0,90,141415812,1414158121
14142151,AUS_14142151,30.28521,-97.74493,2,1,3,16,2,20,1,1,4,11,1,4,N,4,NA,NA,4,97,97,,,0,1,0,0,0,1,0,N,N,N,N,N,N,N,11/22/2014,8:10 PM,227,22,N,N,NA,NA,19,,,1,2200,,RIO GRANDE,ST,N,N,30,N,N,,Y,19,,,1,700,W,22ND HALF,ST,NA,,,,,,2,4,2,NA,2,2,16,8:10 PM,DISPATCH,8:14 PM,11/22/2014,Y,74,1061,10,14,8,5,1,3,64,54,1,5,1,21,21,227,22,30.28521,-97.74493,,,,NA,RIO GRANDE ST,2201,NA,NA,NA,NA,NA,,,,W 22ND ST,NA,NA,NA,NA,Y,N,N,2,9,Y,SAT,NA,NA,NA,NA,NA,NA,NA,NA,NA,NA,NA,NA,NA,NA,NA,NA,NA,NA,NA,NA,NA,NA,NA,NA,NA,NA,NA,NA,NA,NA,NA,NA,NA,NA,NA,NA,NA,NA,NA,NA,NA,NA,NA,NA,NA,NA,NA,NA,NA,,,NA,NA,NA,NA,0,1,0,2,0,1,0,90,141421512,1414215121
14144433,AUS_14144433,30.28381,-97.74192,2,1,3,16,2,NA,1,1,4,11,1,97,N,4,NA,NA,4,97,97,,,0,1,0,0,0,1,0,N,N,N,N,N,N,N,11/5/2014,4:56 PM,227,1792,Y,N,NA,NA,19,,,1,,,GUADALUPE,ST,N,N,35,N,N,,Y,19,,,1,,W,21ST,ST,NA,,,,,,2,1,4,NA,1,2,16,4:56 PM,DISPATCH,5:13 PM,11/5/2014,Y,74,1061,10,14,8,5,1,2,64,54,1,5,1,21,21,227,22,30.28381,-97.74192,,,,NA,GUADALUPE ST,2099,NA,NA,NA,NA,NA,,,,W 21ST ST,NA,NA,NA,NA,Y,N,N,2,9,Y,WED,NA,NA,NA,NA,NA,NA,NA,NA,NA,NA,NA,NA,NA,NA,NA,NA,NA,NA,NA,NA,NA,NA,NA,NA,NA,NA,NA,NA,NA,NA,NA,NA,NA,NA,NA,NA,NA,NA,NA,NA,NA,NA,NA,NA,NA,NA,NA,NA,NA,,,NA,NA,NA,NA,0,1,0,1,0,1,0,90,141444332,1414443321
14144553,AUS_14144553,30.27705435,-97.74333101,2,1,3,16,2,23,1,1,4,11,1,4,N,4,NA,NA,4,97,97,,,0,1,0,0,0,1,0,N,N,N,N,N,N,N,11/24/2014,5:35 PM,227,22,N,N,NA,NA,19,,,1,1300,,GUADALUPE,ST,N,N,-1,N,N,,N,19,,,NA,,,14TH,ST,NA,,,,,,11,5,0,NA,1,1,20,5:35 PM,DISPATCH,5:45 PM,11/24/2014,Y,74,1061,10,14,8,5,4,2,64,54,1,5,1,11,21,227,22,30.27705435,-97.74333101,,,,NA,GUADALUPE ST,1412,NA,NA,NA,NA,NA,,,,N/A,NA,NA,NA,NA,Y,N,N,2,9,Y,MON,NA,NA,NA,NA,NA,NA,NA,NA,NA,NA,NA,NA,NA,NA,NA,NA,NA,NA,NA,NA,NA,NA,NA,NA,NA,NA,NA,NA,NA,NA,NA,NA,NA,NA,NA,NA,NA,NA,NA,NA,NA,NA,NA,NA,NA,NA,NA,NA,NA,,,NA,NA,NA,NA,0,1,0,1,0,1,0,90,141445532,1414455321
14151048,AUS_14151048,30.41002,-97.74758,2,1,3,16,2,35,1,1,4,11,1,97,N,4,NA,NA,4,97,97,,,0,1,0,0,0,1,0,N,N,N,N,N,N,N,11/26/2014,3:44 PM,227,22,N,N,NA,NA,19,,,1,11200,,TAYLOR DRAPER,LN,N,N,-1,N,N,,Y,19,,,1,11200,,JOLLYVILLE,RD,NA,,,,,,12,1,2,NA,1,1,8,3:44 PM,DISPATCH,4:03 PM,11/26/2014,Y,74,NA,46,64,8,5,1,3,64,54,1,5,1,21,21,227,22,30.41002,-97.74758,,,,NA,TAYLOR DRAPER LN,11201,NA,NA,NA,NA,NA,,,,JOLLYVILLE RD,NA,NA,NA,NA,Y,N,N,2,9,Y,WED,NA,NA,NA,NA,NA,NA,NA,NA,NA,NA,NA,NA,NA,NA,NA,NA,NA,NA,NA,NA,NA,NA,NA,NA,NA,NA,NA,NA,NA,NA,NA,NA,NA,NA,NA,NA,NA,NA,NA,NA,NA,NA,NA,NA,NA,NA,NA,NA,NA,,,NA,NA,NA,NA,0,1,0,1,0,1,0,90,141510482,1415104821
14155252,AUS_14155252,30.24050564,-97.72735494,2,1,3,16,2,29,1,1,4,11,1,4,N,4,NA,NA,4,97,97,,,0,1,0,0,0,1,0,N,N,N,N,N,N,N,11/6/2014,8:45 AM,227,1792,Y,N,NA,NA,19,,,1,2200,E,RIVERSIDE,DR,N,N,35,N,N,,N,19,,,NA,,,BURTON,DR,NA,,,,,,2,1,0,NA,1,2,20,8:45 AM,ON SIGHT,8:45 AM,11/6/2014,Y,74,1045,98,129,8,5,4,1,64,54,1,5,1,21,21,227,22,30.24050564,-97.72735494,,,,NA,E RIVERSIDE DR,,NA,NA,NA,NA,NA,,,,N/A,NA,NA,NA,NA,Y,N,N,2,9,Y,THU,NA,NA,NA,NA,NA,NA,NA,NA,NA,NA,NA,NA,NA,NA,NA,NA,NA,NA,NA,NA,NA,NA,NA,NA,NA,NA,NA,NA,NA,NA,NA,NA,NA,NA,NA,NA,NA,NA,NA,NA,NA,NA,NA,NA,NA,NA,NA,NA,NA,,,NA,NA,NA,NA,0,1,0,1,0,1,0,90,141552522,1415525221
14163153,AUS_14163153,30.23357,-97.72379,2,1,3,16,2,NA,1,1,4,11,1,4,N,4,NA,NA,4,97,97,,,0,1,0,0,0,1,0,N,N,N,N,N,N,N,11/11/2014,2:34 PM,227,22,N,Y,NA,NA,19,,,1,1900,S,PLEASANT VALLEY,RD,N,N,35,N,N,,Y,19,,,1,2500,E,RIVERSIDE,DR,NA,,,,,,11,1,4,NA,2,1,5,2:34 PM,DISPATCH,2:37 PM,11/11/2014,Y,74,1045,98,129,8,5,1,3,64,3,1,5,1,21,21,227,22,30.23357,-97.72379,,,,NA,S PLEASANT VALLEY RD,,NA,NA,NA,NA,NA,,,,E RIVERSIDE DR,NA,NA,NA,NA,Y,N,N,2,9,Y,TUE,NA,NA,NA,NA,NA,NA,NA,NA,NA,NA,NA,NA,NA,NA,NA,NA,NA,NA,NA,NA,NA,NA,NA,NA,NA,NA,NA,NA,NA,NA,NA,NA,NA,NA,NA,NA,NA,NA,NA,NA,NA,NA,NA,NA,NA,NA,NA,NA,NA,,,NA,NA,NA,NA,0,1,0,1,0,1,0,90,141631532,1416315321
14163296,AUS_14163296,30.28379,-97.72207,2,1,3,16,2,34,1,1,4,11,1,1,N,4,NA,NA,4,97,97,,,0,1,0,0,0,1,0,N,N,N,N,N,N,N,12/1/2014,7:00 AM,227,22,N,N,NA,NA,19,,,1,1800,,MANOR,RD,N,N,35,N,N,,Y,19,,,1,2200,,CHICON,ST,NA,,,,,,12,4,4,NA,1,1,6,7:00 AM,DISPATCH,7:00 AM,12/1/2014,N,74,NA,34,48,8,5,1,3,64,54,1,5,1,21,21,227,22,30.28379,-97.72207,,,,NA,MANOR RD,1819,NA,NA,NA,NA,NA,,,,CHICON ST,NA,NA,NA,NA,Y,N,N,2,9,Y,MON,NA,NA,NA,NA,NA,NA,NA,NA,NA,NA,NA,NA,NA,NA,NA,NA,NA,NA,NA,NA,NA,NA,NA,NA,NA,NA,NA,NA,NA,NA,NA,NA,NA,NA,NA,NA,NA,NA,NA,NA,NA,NA,NA,NA,NA,NA,NA,NA,NA,,,NA,NA,NA,NA,0,1,0,1,0,1,0,90,141632962,1416329621
14163477,AUS_14163477,NA,NA,2,1,3,16,2,28,1,1,4,11,1,4,N,4,NA,NA,4,97,97,,,0,1,0,0,0,1,0,N,N,N,N,N,N,N,12/5/2014,3:17 PM,227,22,N,Y,NA,NA,19,,,1,100,W,W MARTIN LUTHER KING JR BLVD,BLVD,N,N,30,N,N,GOOD BLACK TOP,N,19,,,NA,,,CONGRESS AVE,AVE,NA,,,,,,11,1,0,NA,2,1,20,3:19 PM,DISPATCH,3:30 PM,12/5/2014,Y,74,1061,10,14,8,5,3,3,64,13,1,5,2,32,21,227,22,NA,NA,,,,NA,W W MARTIN LUTHER KING JR BLVD BLVD,,NA,NA,NA,NA,NA,,,,N/A,NA,NA,NA,NA,Y,N,N,2,9,N,FRI,NA,NA,NA,NA,NA,NA,NA,NA,NA,NA,NA,NA,NA,NA,NA,NA,NA,NA,NA,NA,NA,NA,NA,NA,NA,NA,NA,NA,NA,NA,NA,NA,NA,NA,NA,NA,NA,NA,NA,NA,NA,NA,NA,NA,NA,NA,NA,NA,NA,,,NA,NA,NA,NA,0,1,0,1,0,1,0,NA,141634772,1416347721
14163481,AUS_14163481,NA,NA,2,1,3,16,5,31,1,2,4,11,1,4,N,4,NA,NA,4,97,97,,,0,0,0,1,0,0,0,N,N,N,N,N,N,N,12/5/2014,4:31 PM,227,22,N,N,NA,NA,19,,,2,12860,N,N US 183 HWY SVRD SB,,N,N,55,N,N,,N,19,,,NA,,,POND SPRINGS RD,RD,NA,,,,,,11,1,98,NA,1,1,20,4:33 PM,DISPATCH,5:06 PM,12/5/2014,Y,74,NA,46,64,8,5,3,1,64,14,7,9,5,32,33,227,22,NA,NA,,,,NA,N N US 183 HWY SVRD SB,,NA,NA,NA,NA,NA,,,,N/A,NA,NA,NA,NA,N,N,N,5,9,N,FRI,NA,NA,NA,NA,NA,NA,NA,NA,NA,NA,NA,NA,NA,NA,NA,NA,NA,NA,NA,NA,NA,NA,NA,NA,NA,NA,NA,NA,NA,NA,NA,NA,NA,NA,NA,NA,NA,NA,NA,NA,NA,NA,NA,NA,NA,NA,NA,NA,NA,,,NA,NA,NA,NA,0,0,0,2,0,0,0,NA,141634812,1416348121
14167262,AUS_14167262,30.24812,-97.73579,2,1,3,16,3,26,1,1,4,11,1,4,N,4,NA,NA,4,97,97,,,0,0,1,0,0,1,0,N,N,N,N,N,N,N,12/9/2014,7:22 PM,227,22,N,N,NA,NA,19,,,2,1000,S,IH 35 SVRD NB,,N,N,40,N,N,,Y,19,,,2,,E,RIVERSIDE,DR,NA,,,,,,11,4,4,NA,1,1,5,7:22 PM,DISPATCH,7:25 PM,12/9/2014,Y,74,1045,98,129,6,5,4,1,64,54,2,5,1,21,21,227,22,30.24812,-97.73579,,,,NA,S I 35,,NA,NA,NA,NA,NA,,,,N/A,NA,NA,NA,NA,Y,N,N,3,9,Y,TUE,NA,NA,NA,NA,NA,NA,NA,NA,NA,NA,NA,NA,NA,NA,NA,NA,NA,NA,NA,NA,NA,NA,NA,NA,NA,NA,NA,NA,NA,NA,NA,NA,NA,NA,NA,NA,NA,NA,NA,NA,NA,NA,NA,NA,NA,NA,NA,NA,NA,,,NA,NA,NA,NA,0,0,1,0,0,1,0,90,141672622,1416726221
14167290,AUS_14167290,NA,NA,2,1,3,16,2,21,3,1,4,11,1,97,N,4,NA,NA,4,97,97,,,0,1,0,0,0,1,0,N,N,N,N,N,N,N,10/10/2014,5:36 PM,227,22,N,N,NA,NA,19,,,1,800,S,S PLEASANT VALLEY RD,RD,N,N,45,N,N,,N,19,,,NA,,S,S LAKESHORE BLVD,BLVD,NA,,,,,,11,1,0,NA,1,1,12,5:36 PM,DISPATCH,5:37 PM,10/10/2014,Y,74,1045,98,129,8,5,4,1,64,54,1,5,1,21,21,227,22,NA,NA,,,,NA,S S PLEASANT VALLEY RD RD,,NA,NA,NA,NA,NA,,,,N/A,NA,NA,NA,NA,Y,N,N,2,9,N,FRI,NA,NA,NA,NA,NA,NA,NA,NA,NA,NA,NA,NA,NA,NA,NA,NA,NA,NA,NA,NA,NA,NA,NA,NA,NA,NA,NA,NA,NA,NA,NA,NA,NA,NA,NA,NA,NA,NA,NA,NA,NA,NA,NA,NA,NA,NA,NA,NA,NA,,,NA,NA,NA,NA,0,1,0,1,0,1,0,NA,141672902,1416729021
14171183,AUS_14171183,30.26873,-97.74875,2,1,3,16,2,31,1,1,4,11,1,2,N,4,NA,NA,4,97,97,,,0,1,0,0,0,1,0,N,N,N,N,N,N,N,11/21/2014,12:18 PM,227,1792,Y,N,NA,NA,19,,,1,400,,NUECES,ST,N,N,35,N,N,,Y,19,,,1,,W,5TH,ST,NA,,,,,,12,1,4,NA,1,1,5,12:18 PM,ON SIGHT,12:18 PM,11/21/2014,Y,74,36,67,282,8,5,1,2,64,54,1,5,1,21,21,227,22,30.26873,-97.74875,,,,NA,NUECES ST,499,NA,NA,NA,NA,NA,,,,W 5TH ST,NA,NA,NA,NA,Y,N,N,2,9,Y,FRI,NA,NA,NA,NA,NA,NA,NA,NA,NA,NA,NA,NA,NA,NA,NA,NA,NA,NA,NA,NA,NA,NA,NA,NA,NA,NA,NA,NA,NA,NA,NA,NA,NA,NA,NA,NA,NA,NA,NA,NA,NA,NA,NA,NA,NA,NA,NA,NA,NA,,,NA,NA,NA,NA,0,1,0,3,0,1,0,90,141711832,1417118321
14178673,AUS_14178673,30.26709,-97.73934,2,1,3,16,2,NA,1,1,4,11,1,97,N,4,NA,NA,4,97,97,,,0,1,0,0,0,1,0,N,N,N,N,N,N,N,11/20/2014,7:28 PM,227,1792,Y,N,NA,NA,19,,,1,,,6TH,ST,N,N,-1,N,N,,Y,19,,,1,,,TRINITY,ST,NA,,,,,,2,4,98,NA,1,2,5,7:28 PM,ON SIGHT,7:28 PM,11/24/2014,Y,74,36,67,282,8,5,2,3,64,54,1,5,1,21,21,227,22,30.26709,-97.73934,,,,NA,E 6TH ST,398,NA,NA,NA,NA,NA,,,,TRINITY ST,NA,NA,NA,NA,Y,N,N,2,9,Y,THU,NA,NA,NA,NA,NA,NA,NA,NA,NA,NA,NA,NA,NA,NA,NA,NA,NA,NA,NA,NA,NA,NA,NA,NA,NA,NA,NA,NA,NA,NA,NA,NA,NA,NA,NA,NA,NA,NA,NA,NA,NA,NA,NA,NA,NA,NA,NA,NA,NA,,,NA,NA,NA,NA,0,1,0,1,0,1,0,90,141786732,1417867321
14179060,AUS_14179060,30.28311216,-97.72720978,2,1,3,16,2,21,1,1,4,11,1,4,N,4,NA,NA,4,97,97,,,0,1,0,0,0,1,0,N,N,N,N,N,N,N,12/16/2014,7:07 PM,227,22,N,N,NA,NA,1,35,,2,2200,N,N IH 35 SVRD NB,,N,N,40,N,N,,Y,19,,,1,,,MANOR RD,,NA,,,,,,11,4,4,2,1,1,5,7:07 PM,DISPATCH,7:10 PM,12/16/2014,Y,74,NA,34,48,8,5,1,3,64,54,2,1,1,21,21,227,22,30.28311216,-97.72720978,IH,35,,235.134,IH0035,,15,13,18.997,236,-0.031,,,,MANOR RD,NA,NA,NA,NA,Y,Y,N,2,9,Y,TUE,5,0,2,10,7,2,8,310,182,96,4,0,0,2,20,5,2,40,5,2,3,4,11,191460,2012,191460,2.5,6.6,9.1,NA,NA,NA,NA,NA,NA,NA,NA,NA,NA,NA,NA,NA,NA,NA,NA,NA,NA,NA,NA,,,NA,NA,NA,NA,0,1,0,1,0,1,0,90,141790602,1417906021
14179123,AUS_14179123,30.32199,-97.73934,2,1,3,16,2,23,1,1,4,11,1,4,N,4,NA,NA,4,97,97,,,0,1,0,0,0,1,0,N,N,N,N,N,N,N,12/16/2014,8:33 PM,227,22,N,N,NA,NA,19,,,1,5000,,BURNET,RD,N,N,35,N,N,,Y,19,,,1,2100,,HANCOCK,DR,NA,,,,,,11,4,2,NA,2,1,5,8:34 PM,DISPATCH,8:37 PM,12/16/2014,Y,74,1061,10,14,8,5,1,1,64,54,1,5,1,21,21,227,22,30.32199,-97.73934,,,,NA,BURNET RD,5011,NA,NA,NA,NA,NA,,,,HANCOCK DR,NA,NA,NA,NA,Y,N,N,2,9,Y,TUE,NA,NA,NA,NA,NA,NA,NA,NA,NA,NA,NA,NA,NA,NA,NA,NA,NA,NA,NA,NA,NA,NA,NA,NA,NA,NA,NA,NA,NA,NA,NA,NA,NA,NA,NA,NA,NA,NA,NA,NA,NA,NA,NA,NA,NA,NA,NA,NA,NA,,,NA,NA,NA,NA,0,1,0,0,0,1,0,90,141791232,1417912321
14181473,AUS_14181473,30.26604487,-97.76805385,2,1,3,16,2,28,1,1,4,11,1,3,N,4,NA,NA,4,97,97,,,0,1,0,0,0,1,0,N,N,N,N,N,N,N,11/23/2014,3:16 PM,227,22,N,N,NA,NA,19,,,1,2200,,BARTON SPRINGS,RD,N,N,35,N,N,,N,19,,,NA,,,ANDREW ZILKER,RD,NA,,,,,,11,1,2,NA,2,1,16,3:16 PM,ON SIGHT,3:16 PM,11/23/2014,Y,74,1043,93,112,8,5,2,2,64,54,1,5,2,21,21,227,22,30.26604487,-97.76805385,,,,NA,BARTON SPRINGS RD,2200,NA,NA,NA,NA,NA,,,,UNKNOWN,NA,NA,NA,NA,Y,N,N,2,9,Y,SUN,NA,NA,NA,NA,NA,NA,NA,NA,NA,NA,NA,NA,NA,NA,NA,NA,NA,NA,NA,NA,NA,NA,NA,NA,NA,NA,NA,NA,NA,NA,NA,NA,NA,NA,NA,NA,NA,NA,NA,NA,NA,NA,NA,NA,NA,NA,NA,NA,NA,,,NA,NA,NA,NA,0,1,0,1,0,1,0,90,141814732,1418147321
14181766,AUS_14181766,30.26894607,-97.74952784,2,1,3,16,2,47,1,1,4,11,1,5,N,4,NA,NA,4,97,97,,,0,1,0,0,0,1,0,N,N,N,N,N,N,N,12/14/2014,2:12 AM,227,22,N,N,NA,NA,19,,,1,500,W,5TH ST,ST,N,N,-1,N,N,,N,19,,,NA,,,RIO GRANDE,,NA,,,,,,11,4,98,NA,1,1,20,2:12 AM,DISPATCH,2:18 AM,12/14/2014,Y,74,36,67,282,8,5,4,1,64,54,1,5,1,21,21,227,22,30.26894607,-97.74952784,,,,NA,W 5TH ST,671,NA,NA,NA,NA,NA,,,,N/A,NA,NA,NA,NA,Y,N,N,2,9,Y,SUN,NA,NA,NA,NA,NA,NA,NA,NA,NA,NA,NA,NA,NA,NA,NA,NA,NA,NA,NA,NA,NA,NA,NA,NA,NA,NA,NA,NA,NA,NA,NA,NA,NA,NA,NA,NA,NA,NA,NA,NA,NA,NA,NA,NA,NA,NA,NA,NA,NA,,,NA,NA,NA,NA,0,1,0,1,0,1,0,90,141817662,1418176621
14183968,AUS_14183968,30.24727632,-97.77526824,2,1,3,16,3,28,1,1,4,11,1,2,N,4,NA,NA,4,97,97,,,0,0,1,0,0,1,0,N,N,N,N,N,N,N,11/25/2014,2:25 PM,227,1792,Y,N,NA,NA,19,,,1,2200,S,LAMAR,BLVD,N,N,40,N,N,,N,19,,,NA,,,DEL CURTO,BLVD,NA,,,,,,11,1,0,NA,1,1,20,2:25 PM,DISPATCH,2:41 PM,11/25/2014,Y,74,1043,93,112,8,5,3,2,64,13,1,4,2,32,21,227,22,30.24727632,-97.77526824,,,,NA,S LAMAR BLVD,2301,NA,NA,NA,NA,NA,,,,N/A,NA,NA,NA,NA,Y,N,N,3,9,Y,TUE,NA,NA,NA,NA,NA,NA,NA,NA,NA,NA,NA,NA,NA,NA,NA,NA,NA,NA,NA,NA,NA,NA,NA,NA,NA,NA,NA,NA,NA,NA,NA,NA,NA,NA,NA,NA,NA,NA,NA,NA,NA,NA,NA,NA,NA,NA,NA,NA,NA,,,NA,NA,NA,NA,0,0,1,1,0,1,0,90,141839682,1418396821