CrashID,CrashID1,Latitude,Longitude,Unit_Nbr,Prsn_Nbr,Prsn_Type_ID,Prsn_Occpnt_Pos_ID,Prsn_Injry_Sev_ID,Prsn_Age,Prsn_Ethnicity_ID,Prsn_Gndr_ID,Prsn_Ejct_ID,Prsn_Rest_ID,Prsn_Airbag_ID,Prsn_Helmet_ID,Prsn_Sol_Fl,Prsn_Alc_Spec_Type_ID,Prsn_Alc_Rslt_ID,Prsn_Bac_Test_Rslt,Prsn_Drg_Spec_Type_ID,Prsn_Drg_Rslt_ID,Drvr_Drg_Cat_1_ID,Prsn_Death_Date,Prsn_Death_Time,Incap_Injry_Cnt.x,Nonincap_Injry_Cnt.x,Poss_Injry_Cnt.x,Non_Injry_Cnt.x,Unkn_Injry_Cnt.x,Tot_Injry_Cnt.x,Death_Cnt.x,Crash_Fatal_Fl,Cmv_Involv_Fl,Schl_Bus_Fl,Rr_Relat_Fl,Medical_Advisory_Fl,Amend_Supp_Fl,Active_School_Zone_Fl,Crash_Date,Crash_Time,Rpt_CRIS_Cnty_ID,Rpt_City_ID,Rpt_Outside_City_Limit_Fl,Thousand_Damage_Fl,Rpt_Latitude,Rpt_Longitude,Rpt_Rdwy_Sys_ID,Rpt_Hwy_Num,Rpt_Hwy_Sfx,Rpt_Road_Part_ID,Rpt_Block_Num,Rpt_Street_Pfx,Rpt_Street_Name,Rpt_Street_Sfx,Private_Dr_Fl,Toll_Road_Fl,Crash_Speed_Limit,Road_Constr_Zone_Fl,Road_Constr_Zone_Wrkr_Fl,Rpt_Street_Desc,At_Intrsct_Fl,Rpt_Sec_Rdwy_Sys_ID,Rpt_Sec_Hwy_Num,Rpt_Sec_Hwy_Sfx,Rpt_Sec_Road_Part_ID,Rpt_Sec_Block_Num,Rpt_Sec_Street_Pfx,Rpt_Sec_Street_Name,Rpt_Sec_Street_Sfx,Rpt_Ref_Mark_Offset_Amt,Rpt_Ref_Mark_Dist_Uom,Rpt_Ref_Mark_Dir,Rpt_Ref_Mark_Nbr,Rpt_Sec_Street_Desc,Rpt_CrossingNumber,Wthr_Cond_ID,Light_Cond_ID,Entr_Road_ID,Road_Type_ID,Road_Algn_ID,Surf_Cond_ID,Traffic_Cntl_ID,Investigat_Notify_Time,Investigat_Notify_Meth,Investigat_Arrv_Time,Report_Date,Investigat_Comp_Fl,Investigat_Agency_ID,Investigat_Area_ID,Investigat_District_ID,Investigat_Region_ID,Bridge_Detail_ID,Harm_Evnt_ID,Intrsct_Relat_ID,FHE_Collsn_ID,Obj_Struck_ID,Othr_Factr_ID,Road_Part_Adj_ID,Road_Cls_ID,Road_Relat_ID,Phys_Featr_1_ID,Phys_Featr_2_ID,Cnty_ID,City_ID,Latitude,Longitude,Hwy_Sys,Hwy_Nbr,Hwy_Sfx,Dfo,Street_Name,Street_Nbr,Control,Section,Milepoint,Ref_Mark_Nbr,Ref_Mark_Displ,Hwy_Sys_2,Hwy_Nbr_2,Hwy_Sfx_2,Street_Name_2,Street_Nbr_2,Control_2,Section_2,Milepoint_2,Txdot_Rptable_Fl,Onsys_Fl,Rural_Fl,Crash_Sev_ID,Pop_Group_ID,Located_Fl,Day_of_Week,Hwy_Dsgn_Lane_ID,Hwy_Dsgn_Hrt_ID,Hp_Shldr_Left,Hp_Shldr_Right,Hp_Median_Width,Base_Type_ID,Nbr_Of_Lane,Row_Width_Usual,Roadbed_Width,Surf_Width,Surf_Type_ID,Curb_Type_Left_ID,Curb_Type_Right_ID,Shldr_Type_Left_ID,Shldr_Width_Left,Shldr_Use_Left_ID,Shldr_Type_Right_ID,Shldr_Width_Right,Shldr_Use_Right_ID,Median_Type_ID,Median_Width,Rural_Urban_Type_ID,Func_Sys_ID,Adt_Curnt_Amt,Adt_Curnt_Year,Adt_Adj_Curnt_Amt,Pct_Single_Trk_Adt,Pct_Combo_Trk_Adt,Trk_Aadt_Pct,Curve_Type_ID,Curve_Lngth,Cd_Degr,Delta_Left_Right_ID,Dd_Degr,Feature_Crossed,Structure_Number,I_R_Min_Vert_Clear,Approach_Width,Bridge_Median_ID,Bridge_Loading_Type_ID,Bridge_Loading_In_1000_Lbs,Bridge_Srvc_Type_On_ID,Bridge_Srvc_Type_Under_ID,Culvert_Type_ID,Roadway_Width,Deck_Width,Bridge_Dir_Of_Traffic_ID,Bridge_Rte_Struct_Func_ID,Bridge_IR_Struct_Func_ID,CrossingNumber,RRCo,Poscrossing_ID,WDCode_ID,Standstop,Yield,Incap_Injry_Cnt.y,Nonincap_Injry_Cnt.y,Poss_Injry_Cnt.y,Non_Injry_Cnt.y,Unkn_Injry_Cnt.y,Tot_Injry_Cnt.y,Death_Cnt.y,MPO_ID,Unit_ID,Unit_Prsn_ID
13246993,AUS_13246993,30.20664013,-97.85954578,2,1,3,16,2,48,1,0,4,11,1,5,N,4,NA,NA,4,97,97,,,0,1,0,0,0,1,0,N,N,N,N,N,N,N,4/23/2013,7:52 PM,227,22,N,N,NA,NA,19,,,1,5000,,DAVIS,LN,N,N,40,N,N,,N,19,,,NA,,S,MOPAC SVRD NB,EXPY,NA,,,,,,12,4,0,NA,1,1,11,7:54 PM,DISPATCHED,8:06 PM,4/23/2013,N,74,37,99,130,8,5,4,1,64,54,1,5,1,21,21,227,22,30.20664013,-97.85954578,,,,NA,DAVIS LN,5000,NA,NA,NA,NA,NA,,,,N/A,NA,NA,NA,NA,Y,N,N,2,9,Y,TUE,NA,NA,NA,NA,NA,NA,NA,NA,NA,NA,NA,NA,NA,NA,NA,NA,NA,NA,NA,NA,NA,NA,NA,NA,NA,NA,NA,NA,NA,NA,NA,NA,NA,NA,NA,NA,NA,NA,NA,NA,NA,NA,NA,NA,NA,NA,NA,NA,NA,,,NA,NA,NA,NA,0,1,0,0,2,1,0,90,132469932,1324699321
13246995,AUS_13246995,30.29116411,-97.72706263,2,1,3,16,2,27,1,1,4,11,1,2,N,4,NA,NA,4,97,97,,,0,1,0,0,0,1,0,N,N,N,N,N,N,N,4/23/2013,9:06 AM,227,22,N,Y,NA,NA,19,,,1,3200,,RED RIVER,ST,N,N,35,N,N,,N,19,,,NA,,E,32ND,ST,NA,,,,,,11,1,98,NA,2,1,16,9:06 AM,DISPATCH,9:11 AM,4/23/2013,Y,74,NA,NA,187,8,5,3,3,64,14,1,5,1,32,21,227,22,30.29116411,-97.72706263,,,,NA,RED RIVER ST,3215,NA,NA,NA,NA,NA,,,,N/A,NA,NA,NA,NA,Y,N,N,2,9,Y,TUE,NA,NA,NA,NA,NA,NA,NA,NA,NA,NA,NA,NA,NA,NA,NA,NA,NA,NA,NA,NA,NA,NA,NA,NA,NA,NA,NA,NA,NA,NA,NA,NA,NA,NA,NA,NA,NA,NA,NA,NA,NA,NA,NA,NA,NA,NA,NA,NA,NA,,,NA,NA,NA,NA,0,1,0,1,0,1,0,90,132469952,1324699521
13247017,AUS_13247017,30.21376613,-97.80068623,1,1,3,16,1,44,1,2,4,11,1,1,N,4,NA,NA,4,97,97,,,1,0,0,0,0,1,0,N,N,N,N,N,N,N,4/22/2013,6:38 PM,227,22,N,Y,NA,NA,19,,,1,5800,,MANCHACA,RD,N,N,35,N,N,,N,19,,,NA,,,BROOKHILL,DR,NA,,,,,,11,1,0,NA,1,1,1,6:38 PM,DISPATCH,6:40 PM,4/22/2013,Y,74,17,169,130,8,5,4,1,64,54,1,5,1,21,21,227,22,30.21376613,-97.80068623,,,,NA,MANCHACA RD,5816,NA,NA,NA,NA,NA,,,,N/A,NA,NA,NA,NA,Y,N,N,1,9,Y,MON,NA,NA,NA,NA,NA,NA,NA,NA,NA,NA,NA,NA,NA,NA,NA,NA,NA,NA,NA,NA,NA,NA,NA,NA,NA,NA,NA,NA,NA,NA,NA,NA,NA,NA,NA,NA,NA,NA,NA,NA,NA,NA,NA,NA,NA,NA,NA,NA,NA,,,NA,NA,NA,NA,1,0,0,1,0,1,0,90,132470171,1324701711
13247105,AUS_13247105,30.27918774,-97.74488239,2,1,3,16,3,37,1,1,4,11,2,3,N,4,NA,NA,4,97,97,,,0,0,1,0,0,1,0,N,N,N,N,N,N,N,4/18/2013,5:15 PM,227,22,N,N,NA,NA,19,,,1,1500,,NUECES,ST,N,N,30,N,N,,N,19,,,NA,500,,16TH,ST,NA,,,,,,11,1,0,NA,1,1,1,5:15 PM,ACD,5:18 PM,4/18/2013,Y,74,11,10,14,8,5,4,1,64,3,1,5,1,21,21,227,22,30.27918774,-97.74488239,,,,NA,NUECES ST,1570,NA,NA,NA,NA,NA,,,,N/A,NA,NA,NA,NA,Y,N,N,3,9,Y,THU,NA,NA,NA,NA,NA,NA,NA,NA,NA,NA,NA,NA,NA,NA,NA,NA,NA,NA,NA,NA,NA,NA,NA,NA,NA,NA,NA,NA,NA,NA,NA,NA,NA,NA,NA,NA,NA,NA,NA,NA,NA,NA,NA,NA,NA,NA,NA,NA,NA,,,NA,NA,NA,NA,0,0,1,1,0,1,0,90,132471052,1324710521
13247136,AUS_13247136,30.26185492,-97.73890724,1,1,3,16,2,25,1,1,4,11,1,4,N,4,NA,NA,4,97,97,,,0,1,0,0,0,1,0,N,N,N,N,N,N,N,4/21/2013,2:13 AM,227,22,N,N,NA,NA,19,,,1,500,E,CEASAR CHAVEZ,ST,N,N,0,N,N,,N,19,,,NA,100,,RED RIVER,ST,NA,,,,,,11,6,4,3,1,1,20,2:13 AM,DISPATCH,2:16 AM,4/21/2013,Y,74,12,115,144,8,5,3,2,64,13,1,2,1,32,21,227,22,30.26185492,-97.73890724,SL,343,,4.89,SL0343,595,113,12,6.145,568,0.572,,,,N/A,NA,NA,NA,NA,Y,Y,N,2,9,Y,SUN,2,0,10,10,0,9,4,80,68,48,6,0,0,2,10,5,2,10,5,0,0,4,14,28000,2012,28000,0.9,0.3,1.2,NA,NA,NA,NA,NA,NA,NA,NA,NA,NA,NA,NA,NA,NA,NA,NA,NA,NA,NA,NA,,,NA,NA,NA,NA,0,1,0,1,0,1,0,90,132471361,1324713611
13247148,AUS_13247148,30.29566,-97.73791,2,1,3,16,3,24,1,1,4,11,1,1,N,4,NA,NA,4,97,97,,,0,0,1,0,0,1,0,N,N,N,N,N,N,N,4/19/2013,5:37 PM,227,22,N,N,NA,NA,19,,,1,200,W,31ST,ST,N,N,30,N,N,,N,19,,,NA,3100,,WALLING,DR,NA,,,,,,11,1,2,NA,2,1,20,5:38 PM,CAD,5:45 PM,4/19/2013,Y,74,129,10,14,8,5,3,4,64,14,1,5,1,32,21,227,22,30.29566,-97.73791,,,,NA,W 31ST ST,200,NA,NA,NA,NA,NA,,,,N/A,NA,NA,NA,NA,Y,N,N,3,9,Y,FRI,NA,NA,NA,NA,NA,NA,NA,NA,NA,NA,NA,NA,NA,NA,NA,NA,NA,NA,NA,NA,NA,NA,NA,NA,NA,NA,NA,NA,NA,NA,NA,NA,NA,NA,NA,NA,NA,NA,NA,NA,NA,NA,NA,NA,NA,NA,NA,NA,NA,,,NA,NA,NA,NA,0,0,1,1,0,1,0,90,132471482,1324714821
13252323,AUS_13252323,30.2843,-97.71914,2,1,3,16,3,26,1,2,4,11,1,4,N,4,NA,NA,4,97,97,,,0,0,1,0,0,1,0,N,N,N,N,N,N,N,3/30/2013,7:54 PM,227,22,N,N,NA,NA,19,,,1,,,MANOR,RD,N,N,0,N,N,,Y,19,,,NA,,,COLETO,ST,NA,,,,,,11,5,2,NA,1,1,20,7:54 PM,DISPATCHED,7:56 PM,3/30/2013,Y,74,NA,34,48,8,5,1,3,64,54,1,5,1,21,21,227,22,30.2843,-97.71914,,,,NA,MANOR RD,2201,NA,NA,NA,NA,NA,,,,COLETO ST,NA,NA,NA,NA,Y,N,N,3,9,Y,SAT,NA,NA,NA,NA,NA,NA,NA,NA,NA,NA,NA,NA,NA,NA,NA,NA,NA,NA,NA,NA,NA,NA,NA,NA,NA,NA,NA,NA,NA,NA,NA,NA,NA,NA,NA,NA,NA,NA,NA,NA,NA,NA,NA,NA,NA,NA,NA,NA,NA,,,NA,NA,NA,NA,0,0,1,1,0,1,0,90,132523232,1325232321
13252327,AUS_13252327,30.41363945,-97.7476495,2,1,3,16,2,50,1,2,4,11,1,3,N,4,NA,NA,4,97,97,,,0,1,0,0,0,1,0,N,N,N,N,N,N,N,2/23/2013,1:00 PM,227,22,N,N,NA,NA,19,,,1,11570,,JOLLYVILLE,RD,N,N,45,N,N,,N,19,,,NA,,,THUNDER CREEK,RD,NA,,,,,,11,1,98,NA,1,1,16,6:30 PM,DISPATCHED,6:55 PM,2/25/2013,Y,74,129,10,14,8,5,3,1,64,14,1,5,1,32,21,227,22,30.41363945,-97.7476495,,,,NA,JOLLYVILLE RD,11446,NA,NA,NA,NA,NA,,,,N/A,NA,NA,NA,NA,Y,N,N,2,9,Y,SAT,NA,NA,NA,NA,NA,NA,NA,NA,NA,NA,NA,NA,NA,NA,NA,NA,NA,NA,NA,NA,NA,NA,NA,NA,NA,NA,NA,NA,NA,NA,NA,NA,NA,NA,NA,NA,NA,NA,NA,NA,NA,NA,NA,NA,NA,NA,NA,NA,NA,,,NA,NA,NA,NA,0,1,0,1,0,1,0,90,132523272,1325232721
13252340,AUS_13252340,30.26198192,-97.71985053,1,1,3,16,2,53,2,1,4,11,1,4,N,4,NA,NA,4,97,97,,,0,1,0,0,0,1,0,N,N,N,N,N,N,N,1/26/2013,12:09 PM,227,22,N,Y,NA,NA,19,,,1,2120,E,7TH,ST,N,N,30,N,N,,N,19,,,NA,700,,ROBERT T MARTINEZ,,NA,,,,,,12,1,0,NA,1,1,20,12:09 PM,OBSERVED COLLISION (,12:09 PM,1/26/2013,Y,74,NA,34,48,8,5,3,2,64,14,1,5,1,32,21,227,22,30.26198192,-97.71985053,,,,NA,E 7TH ST,2034,NA,NA,NA,NA,NA,,,,N/A,NA,NA,NA,NA,Y,N,N,2,9,Y,SAT,NA,NA,NA,NA,NA,NA,NA,NA,NA,NA,NA,NA,NA,NA,NA,NA,NA,NA,NA,NA,NA,NA,NA,NA,NA,NA,NA,NA,NA,NA,NA,NA,NA,NA,NA,NA,NA,NA,NA,NA,NA,NA,NA,NA,NA,NA,NA,NA,NA,,,NA,NA,NA,NA,0,1,0,1,0,1,0,90,132523401,1325234011
13252341,AUS_13252341,30.38992924,-97.74616027,2,1,3,16,2,22,1,1,4,11,1,4,N,4,NA,NA,4,97,97,,,0,1,0,0,0,1,0,N,N,N,N,N,N,N,1/31/2013,8:30 AM,227,22,N,Y,NA,NA,19,,,2,9700,,RESEARCH SR SVRD,BLVD,N,N,55,N,N,,N,3,,,NA,9500,N,CAPITAL OF TEXAS,HWY,NA,,,,,,11,1,98,NA,2,1,20,8:31 AM,DISPATCHED,8:33 AM,1/31/2013,Y,74,8,81,106,8,5,3,2,64,13,2,5,1,32,21,227,22,30.38992924,-97.74616027,,,,NA,RESEARCH BLVD,,NA,NA,NA,NA,NA,,,,N/A,NA,NA,NA,NA,Y,N,N,2,9,Y,THU,NA,NA,NA,NA,NA,NA,NA,NA,NA,NA,NA,NA,NA,NA,NA,NA,NA,NA,NA,NA,NA,NA,NA,NA,NA,NA,NA,NA,NA,NA,NA,NA,NA,NA,NA,NA,NA,NA,NA,NA,NA,NA,NA,NA,NA,NA,NA,NA,NA,,,NA,NA,NA,NA,0,1,0,1,0,1,0,90,132523412,1325234121
13252342,AUS_13252342,30.27853699,-97.72991679,2,1,3,16,2,29,1,1,4,11,1,4,N,4,NA,NA,4,97,97,,,0,1,0,0,0,1,0,N,N,N,N,N,N,N,2/7/2013,3:17 PM,227,22,N,N,NA,NA,1,35,,2,,N,EAST FRONTAGE,,N,N,0,N,N,,Y,19,,,NA,,E,MLK JR,BLVD,NA,,,,,,11,1,0,2,3,1,5,3:19 PM,DISPATCHED,3:22 PM,2/7/2013,Y,74,12,81,106,8,5,1,1,64,54,2,1,1,21,21,227,22,30.27853699,-97.72991679,IH,35,,234.78,IH0035,,15,13,18.639,236,-0.385,SL,343,,SL0343,NA,NA,NA,NA,Y,Y,N,2,9,Y,THU,5,0,4,10,11,2,8,300,124,96,4,0,0,2,8,5,2,20,5,2,3,4,11,191460,2012,191460,2.5,6.6,9.1,NA,NA,NA,NA,NA,NA,NA,NA,NA,NA,NA,NA,NA,NA,NA,NA,NA,NA,NA,NA,,,NA,NA,NA,NA,0,1,0,1,0,1,0,90,132523422,1325234221
13252377,AUS_13252377,30.26469605,-97.7440671,2,1,3,16,2,NA,1,1,4,11,1,4,N,4,NA,NA,4,97,97,,,0,1,0,0,0,1,0,N,N,N,N,N,N,N,4/14/2013,2:25 AM,227,22,N,Y,NA,NA,19,,,7,100,S,CONGRESS BRIDGE,AVE,N,N,35,N,N,,N,19,,,NA,,,CESAR CHAVEZ,ST,NA,,,,,,11,4,0,NA,1,1,11,2:26 AM,DISPATCHED,2:30 AM,4/14/2013,N,74,17,105,112,8,5,4,1,64,3,1,5,1,21,21,227,22,30.26469605,-97.7440671,,,,NA,CONGRESS AVE,241,NA,NA,NA,NA,NA,,,,N/A,NA,NA,NA,NA,Y,N,N,2,9,Y,SUN,NA,NA,NA,NA,NA,NA,NA,NA,NA,NA,NA,NA,NA,NA,NA,NA,NA,NA,NA,NA,NA,NA,NA,NA,NA,NA,NA,NA,NA,NA,NA,NA,NA,NA,NA,NA,NA,NA,NA,NA,NA,NA,NA,NA,NA,NA,NA,NA,NA,,,NA,NA,NA,NA,0,1,0,2,1,1,0,90,132523772,1325237721
13252383,AUS_13252383,30.29347,-97.74517,2,1,3,16,3,21,1,2,4,11,1,4,N,4,NA,NA,4,97,97,,,0,0,1,0,0,1,0,N,N,N,N,N,N,N,4/10/2013,2:14 PM,227,22,N,N,NA,NA,19,,,1,2800,,SALADO,ST,N,N,0,N,N,,Y,19,,,NA,800,N,28TH,ST,NA,,,,,,11,1,4,NA,3,1,8,2:14 PM,DISPATCH,2:25 PM,4/10/2013,Y,74,252,10,14,8,5,1,1,64,54,1,5,1,21,21,227,22,30.29347,-97.74517,,,,NA,SALADO ST,2801,NA,NA,NA,NA,NA,,,,W 28TH ST,NA,NA,NA,NA,Y,N,N,3,9,Y,WED,NA,NA,NA,NA,NA,NA,NA,NA,NA,NA,NA,NA,NA,NA,NA,NA,NA,NA,NA,NA,NA,NA,NA,NA,NA,NA,NA,NA,NA,NA,NA,NA,NA,NA,NA,NA,NA,NA,NA,NA,NA,NA,NA,NA,NA,NA,NA,NA,NA,,,NA,NA,NA,NA,0,0,1,1,0,1,0,90,132523832,1325238321
13252397,AUS_13252397,30.24424,-97.74036,2,1,3,16,2,34,2,1,4,11,1,4,N,4,NA,NA,6,97,97,,,0,1,0,0,0,1,0,N,N,N,N,N,N,N,1/23/2013,7:11 AM,227,22,N,Y,NA,NA,19,,,1,,,REAGAN TER,,N,N,35,N,N,,Y,19,,,NA,,,KENWOOD,AVE,NA,,,,,,5,2,4,NA,3,1,8,7:12 AM,DISPATCHED,7:17 AM,1/23/2013,Y,74,NA,105,112,8,5,2,1,64,3,1,5,1,21,21,227,22,30.24424,-97.74036,,,,NA,REAGAN TER,1101,NA,NA,NA,NA,NA,,,,KENWOOD AVE,NA,NA,NA,NA,Y,N,N,2,9,Y,WED,NA,NA,NA,NA,NA,NA,NA,NA,NA,NA,NA,NA,NA,NA,NA,NA,NA,NA,NA,NA,NA,NA,NA,NA,NA,NA,NA,NA,NA,NA,NA,NA,NA,NA,NA,NA,NA,NA,NA,NA,NA,NA,NA,NA,NA,NA,NA,NA,NA,,,NA,NA,NA,NA,0,1,0,1,0,1,0,90,132523972,1325239721
13256047,AUS_13256047,30.25396739,-97.76278203,2,1,3,16,2,29,1,1,4,11,1,1,N,4,NA,NA,4,97,97,,,0,1,0,0,0,1,0,N,N,N,N,N,N,N,4/22/2013,10:15 AM,227,22,N,Y,NA,NA,19,,,1,1311,S,LAMAR,BLVD,N,N,40,Y,N,,N,19,,,NA,,,LAMAR SQUARE,DR,NA,,,,,,11,1,0,3,1,1,20,10:15 AM,DISPATCH,10:18 AM,4/22/2013,Y,74,NA,NA,NA,8,5,3,3,64,49,1,2,1,32,20,227,22,30.25396739,-97.76278203,SL,343,,2.835,SL0343,1259,113,10,0.303,566,0.345,,,,N/A,NA,NA,NA,NA,Y,Y,N,2,9,Y,MON,2,0,0,0,0,2,4,80,60,60,4,1,1,1,0,0,1,0,0,0,0,4,14,40000,2012,40000,0.8,0.3,1.1,1,73,3,1,11,NA,NA,NA,NA,NA,NA,NA,NA,NA,NA,NA,NA,NA,NA,NA,,,NA,NA,NA,NA,0,1,0,1,0,1,0,90,132560472,1325604721
13256056,AUS_13256056,NA,NA,2,1,3,16,2,26,1,2,4,11,1,4,N,4,NA,NA,4,97,97,,,0,1,0,0,0,1,0,N,N,N,N,N,N,N,4/30/2013,8:19 PM,227,22,N,N,NA,NA,19,,,1,710,E,BEN WHITE WB,BLVD,Y,N,35,N,N,,N,19,,,NA,,S,CONGRESS,AVE,NA,,,,,,11,4,0,NA,1,1,8,8:19 PM,DISPATCH,8:21 PM,4/30/2013,Y,74,42,93,112,8,5,3,2,64,14,7,9,5,33,21,227,22,NA,NA,,,,NA,E BEN WHITE WB BLVD,,NA,NA,NA,NA,NA,,,,N/A,NA,NA,NA,NA,N,N,N,2,9,N,TUE,NA,NA,NA,NA,NA,NA,NA,NA,NA,NA,NA,NA,NA,NA,NA,NA,NA,NA,NA,NA,NA,NA,NA,NA,NA,NA,NA,NA,NA,NA,NA,NA,NA,NA,NA,NA,NA,NA,NA,NA,NA,NA,NA,NA,NA,NA,NA,NA,NA,,,NA,NA,NA,NA,0,1,0,1,0,1,0,NA,132560562,1325605621
13256110,AUS_13256110,30.24051101,-97.76066277,1,1,3,16,NA,NA,1,1,4,11,1,4,N,4,NA,NA,4,97,97,,,0,0,0,0,1,0,0,N,N,N,N,N,N,N,4/27/2013,3:29 PM,227,22,N,Y,NA,NA,19,,,1,2400,S,1ST,ST,N,N,35,N,N,,N,19,,,NA,500,,WEST OLTORF,ST,NA,,,,,,12,1,0,NA,1,1,20,3:30 PM,DISPATCHED,3:35 PM,4/27/2013,Y,74,NA,NA,153,8,5,4,1,64,54,1,5,1,21,21,227,22,30.24051101,-97.76066277,,,,NA,S 1ST ST,2523,NA,NA,NA,NA,NA,,,,N/A,NA,NA,NA,NA,Y,N,N,5,9,Y,SAT,NA,NA,NA,NA,NA,NA,NA,NA,NA,NA,NA,NA,NA,NA,NA,NA,NA,NA,NA,NA,NA,NA,NA,NA,NA,NA,NA,NA,NA,NA,NA,NA,NA,NA,NA,NA,NA,NA,NA,NA,NA,NA,NA,NA,NA,NA,NA,NA,NA,,,NA,NA,NA,NA,0,0,0,3,1,0,0,90,132561101,1325611011
13257053,AUS_13257053,30.26912985,-97.74241918,1,1,3,16,2,24,1,2,4,11,1,4,N,4,NA,NA,4,97,97,,,0,1,0,0,0,1,0,N,N,N,N,N,N,N,4/26/2013,3:40 PM,227,22,N,N,NA,NA,19,,,1,700,,CONGRESS,AVE,N,N,25,N,N,,N,19,,,NA,,E,7TH,ST,NA,,,,,,11,1,0,NA,1,1,5,3:42 PM,DISPATCHED,3:44 PM,4/26/2013,Y,74,22,131,411,8,5,2,1,64,3,1,5,1,21,21,227,22,30.26912985,-97.74241918,,,,NA,CONGRESS AVE,715,NA,NA,NA,NA,NA,,,,W 7TH ST,NA,NA,NA,NA,Y,N,N,2,9,Y,FRI,NA,NA,NA,NA,NA,NA,NA,NA,NA,NA,NA,NA,NA,NA,NA,NA,NA,NA,NA,NA,NA,NA,NA,NA,NA,NA,NA,NA,NA,NA,NA,NA,NA,NA,NA,NA,NA,NA,NA,NA,NA,NA,NA,NA,NA,NA,NA,NA,NA,,,NA,NA,NA,NA,0,1,0,1,0,1,0,90,132570531,1325705311
13257054,AUS_13257054,30.19893463,-97.77651548,2,1,3,16,2,NA,1,1,4,11,1,4,N,4,NA,NA,4,97,97,,,0,1,0,0,0,1,0,N,N,N,N,N,N,N,4/26/2013,4:16 PM,227,22,N,N,NA,NA,19,,,1,6100,S,CONGRESS,AVE,N,N,45,N,N,,N,19,,,NA,,,NORTH BLUFF,DR,NA,,,,,,2,1,0,NA,1,2,11,4:16 PM,DISPATCHED,4:16 PM,4/26/2013,Y,74,12,131,9,8,5,4,1,64,9,1,5,1,21,21,227,22,30.19893463,-97.77651548,,,,NA,S CONGRESS AVE,6234,NA,NA,NA,NA,NA,,,,N/A,NA,NA,NA,NA,Y,N,N,2,9,Y,FRI,NA,NA,NA,NA,NA,NA,NA,NA,NA,NA,NA,NA,NA,NA,NA,NA,NA,NA,NA,NA,NA,NA,NA,NA,NA,NA,NA,NA,NA,NA,NA,NA,NA,NA,NA,NA,NA,NA,NA,NA,NA,NA,NA,NA,NA,NA,NA,NA,NA,,,NA,NA,NA,NA,0,1,0,4,0,1,0,90,132570542,1325705421
13258008,AUS_13258008,30.24831,-97.76209,1,1,3,16,2,37,1,1,4,11,1,4,N,4,NA,NA,4,97,97,,,0,1,0,0,0,1,0,N,N,N,N,N,N,N,3/29/2013,6:30 PM,227,22,N,N,NA,NA,19,,,1,500,W,MARY,,N,N,30,N,N,,Y,19,,,NA,,,5TH,ST,NA,,,,,,11,1,4,NA,1,1,8,6:26 PM,DISPATCH,6:30 PM,3/29/2013,Y,74,NA,93,112,8,5,1,1,64,16,1,5,1,21,21,227,22,30.24831,-97.76209,,,,NA,W MARY ST,998,NA,NA,NA,NA,NA,,,,5TH ST S,NA,NA,NA,NA,Y,N,N,2,9,Y,FRI,NA,NA,NA,NA,NA,NA,NA,NA,NA,NA,NA,NA,NA,NA,NA,NA,NA,NA,NA,NA,NA,NA,NA,NA,NA,NA,NA,NA,NA,NA,NA,NA,NA,NA,NA,NA,NA,NA,NA,NA,NA,NA,NA,NA,NA,NA,NA,NA,NA,,,NA,NA,NA,NA,0,1,0,1,0,1,0,90,132580081,1325800811
13258021,AUS_13258021,NA,NA,2,1,3,16,2,22,1,1,4,11,1,4,N,4,NA,NA,4,97,97,,,0,1,0,0,0,1,0,N,N,N,N,N,N,N,3/31/2013,11:48 PM,227,22,N,N,30.24663,-97.73,19,,,7,1500,E,RIVERSIDE,DR,N,N,0,N,N,,N,19,,,NA,1709,,LAKESHORE,BLVD,NA,,,,,,11,4,0,NA,1,1,1,11:48 PM,DISPATCH,11:53 PM,3/31/2013,Y,74,NA,98,129,8,5,3,1,64,14,7,9,1,32,21,227,22,NA,NA,,,,NA,E RIVERSIDE DR,,NA,NA,NA,NA,NA,,,,N/A,NA,NA,NA,NA,N,N,N,2,9,N,SUN,NA,NA,NA,NA,NA,NA,NA,NA,NA,NA,NA,NA,NA,NA,NA,NA,NA,NA,NA,NA,NA,NA,NA,NA,NA,NA,NA,NA,NA,NA,NA,NA,NA,NA,NA,NA,NA,NA,NA,NA,NA,NA,NA,NA,NA,NA,NA,NA,NA,,,NA,NA,NA,NA,0,1,0,1,0,1,0,NA,132580212,1325802121
13258070,AUS_13258070,30.30034,-97.73969,2,1,3,16,2,34,1,1,4,11,1,4,N,4,NA,NA,4,97,97,,,0,1,0,0,0,1,0,N,N,N,N,N,N,N,3/22/2013,4:10 PM,227,22,N,N,NA,NA,19,,,1,600,W,34TH,ST,N,N,0,N,N,,Y,19,,,NA,3400,,GUADALUPE,ST,NA,,,,,,11,1,4,NA,1,1,5,4:10 PM,DISPATCH,4:10 PM,3/22/2013,Y,74,NA,120,14,8,5,2,2,64,54,1,5,1,21,21,227,22,30.30034,-97.73969,,,,NA,W 34TH ST,600,NA,NA,NA,NA,NA,,,,GUADALUPE ST,NA,NA,NA,NA,Y,N,N,2,9,Y,FRI,NA,NA,NA,NA,NA,NA,NA,NA,NA,NA,NA,NA,NA,NA,NA,NA,NA,NA,NA,NA,NA,NA,NA,NA,NA,NA,NA,NA,NA,NA,NA,NA,NA,NA,NA,NA,NA,NA,NA,NA,NA,NA,NA,NA,NA,NA,NA,NA,NA,,,NA,NA,NA,NA,0,1,0,1,0,1,0,90,132580702,1325807021