CrashID,CrashID1,Latitude,Longitude,Unit_Nbr,Prsn_Nbr,Prsn_Type_ID,Prsn_Occpnt_Pos_ID,Prsn_Injry_Sev_ID,Prsn_Age,Prsn_Ethnicity_ID,Prsn_Gndr_ID,Prsn_Ejct_ID,Prsn_Rest_ID,Prsn_Airbag_ID,Prsn_Helmet_ID,Prsn_Sol_Fl,Prsn_Alc_Spec_Type_ID,Prsn_Alc_Rslt_ID,Prsn_Bac_Test_Rslt,Prsn_Drg_Spec_Type_ID,Prsn_Drg_Rslt_ID,Drvr_Drg_Cat_1_ID,Prsn_Death_Date,Prsn_Death_Time,Incap_Injry_Cnt.x,Nonincap_Injry_Cnt.x,Poss_Injry_Cnt.x,Non_Injry_Cnt.x,Unkn_Injry_Cnt.x,Tot_Injry_Cnt.x,Death_Cnt.x,Crash_Fatal_Fl,Cmv_Involv_Fl,Schl_Bus_Fl,Rr_Relat_Fl,Medical_Advisory_Fl,Amend_Supp_Fl,Active_School_Zone_Fl,Crash_Date,Crash_Time,Rpt_CRIS_Cnty_ID,Rpt_City_ID,Rpt_Outside_City_Limit_Fl,Thousand_Damage_Fl,Rpt_Latitude,Rpt_Longitude,Rpt_Rdwy_Sys_ID,Rpt_Hwy_Num,Rpt_Hwy_Sfx,Rpt_Road_Part_ID,Rpt_Block_Num,Rpt_Street_Pfx,Rpt_Street_Name,Rpt_Street_Sfx,Private_Dr_Fl,Toll_Road_Fl,Crash_Speed_Limit,Road_Constr_Zone_Fl,Road_Constr_Zone_Wrkr_Fl,Rpt_Street_Desc,At_Intrsct_Fl,Rpt_Sec_Rdwy_Sys_ID,Rpt_Sec_Hwy_Num,Rpt_Sec_Hwy_Sfx,Rpt_Sec_Road_Part_ID,Rpt_Sec_Block_Num,Rpt_Sec_Street_Pfx,Rpt_Sec_Street_Name,Rpt_Sec_Street_Sfx,Rpt_Ref_Mark_Offset_Amt,Rpt_Ref_Mark_Dist_Uom,Rpt_Ref_Mark_Dir,Rpt_Ref_Mark_Nbr,Rpt_Sec_Street_Desc,Rpt_CrossingNumber,Wthr_Cond_ID,Light_Cond_ID,Entr_Road_ID,Road_Type_ID,Road_Algn_ID,Surf_Cond_ID,Traffic_Cntl_ID,Investigat_Notify_Time,Investigat_Notify_Meth,Investigat_Arrv_Time,Report_Date,Investigat_Comp_Fl,Investigat_Agency_ID,Investigat_Area_ID,Investigat_District_ID,Investigat_Region_ID,Bridge_Detail_ID,Harm_Evnt_ID,Intrsct_Relat_ID,FHE_Collsn_ID,Obj_Struck_ID,Othr_Factr_ID,Road_Part_Adj_ID,Road_Cls_ID,Road_Relat_ID,Phys_Featr_1_ID,Phys_Featr_2_ID,Cnty_ID,City_ID,Latitude,Longitude,Hwy_Sys,Hwy_Nbr,Hwy_Sfx,Dfo,Street_Name,Street_Nbr,Control,Section,Milepoint,Ref_Mark_Nbr,Ref_Mark_Displ,Hwy_Sys_2,Hwy_Nbr_2,Hwy_Sfx_2,Street_Name_2,Street_Nbr_2,Control_2,Section_2,Milepoint_2,Txdot_Rptable_Fl,Onsys_Fl,Rural_Fl,Crash_Sev_ID,Pop_Group_ID,Located_Fl,Day_of_Week,Hwy_Dsgn_Lane_ID,Hwy_Dsgn_Hrt_ID,Hp_Shldr_Left,Hp_Shldr_Right,Hp_Median_Width,Base_Type_ID,Nbr_Of_Lane,Row_Width_Usual,Roadbed_Width,Surf_Width,Surf_Type_ID,Curb_Type_Left_ID,Curb_Type_Right_ID,Shldr_Type_Left_ID,Shldr_Width_Left,Shldr_Use_Left_ID,Shldr_Type_Right_ID,Shldr_Width_Right,Shldr_Use_Right_ID,Median_Type_ID,Median_Width,Rural_Urban_Type_ID,Func_Sys_ID,Adt_Curnt_Amt,Adt_Curnt_Year,Adt_Adj_Curnt_Amt,Pct_Single_Trk_Adt,Pct_Combo_Trk_Adt,Trk_Aadt_Pct,Curve_Type_ID,Curve_Lngth,Cd_Degr,Delta_Left_Right_ID,Dd_Degr,Feature_Crossed,Structure_Number,I_R_Min_Vert_Clear,Approach_Width,Bridge_Median_ID,Bridge_Loading_Type_ID,Bridge_Loading_In_1000_Lbs,Bridge_Srvc_Type_On_ID,Bridge_Srvc_Type_Under_ID,Culvert_Type_ID,Roadway_Width,Deck_Width,Bridge_Dir_Of_Traffic_ID,Bridge_Rte_Struct_Func_ID,Bridge_IR_Struct_Func_ID,CrossingNumber,RRCo,Poscrossing_ID,WDCode_ID,Standstop,Yield,Incap_Injry_Cnt.y,Nonincap_Injry_Cnt.y,Poss_Injry_Cnt.y,Non_Injry_Cnt.y,Unkn_Injry_Cnt.y,Tot_Injry_Cnt.y,Death_Cnt.y,MPO_ID,Unit_ID,Unit_Prsn_ID
13258084,AUS_13258084,30.34157,-97.70752,2,1,3,16,2,26,3,1,4,11,1,2,N,4,NA,NA,4,97,97,,,0,1,0,0,0,1,0,N,N,N,N,N,N,N,4/7/2013,9:33 PM,227,22,N,N,NA,NA,19,,,1,7700,,NORTHCREST,BLVD,N,N,30,N,N,,Y,19,,,NA,200,,PRINCE,DR,NA,,,,,,12,4,0,NA,1,1,16,9:57 PM,DISPATCHED,10:01 PM,4/7/2013,N,74,NA,140,95,8,5,1,1,64,3,1,5,1,21,21,227,22,30.34157,-97.70752,,,,NA,NORTHCREST BLVD,7701,NA,NA,NA,NA,NA,,,,PRINCE DR,NA,NA,NA,NA,Y,N,N,2,9,Y,SUN,NA,NA,NA,NA,NA,NA,NA,NA,NA,NA,NA,NA,NA,NA,NA,NA,NA,NA,NA,NA,NA,NA,NA,NA,NA,NA,NA,NA,NA,NA,NA,NA,NA,NA,NA,NA,NA,NA,NA,NA,NA,NA,NA,NA,NA,NA,NA,NA,NA,,,NA,NA,NA,NA,0,1,0,0,2,1,0,90,132580842,1325808421
13262902,AUS_13262902,30.31765,-97.72847,1,1,3,16,2,19,2,1,4,11,1,4,N,6,NA,NA,4,97,97,,,0,1,0,0,0,1,0,N,N,N,N,N,N,N,3/17/2013,12:06 AM,227,22,N,Y,NA,NA,19,,,1,,,GUADALUPE,ST,N,N,30,N,N,,Y,19,,,NA,,W,51ST,ST,NA,,,,,,11,4,4,NA,1,1,6,12:06 AM,DISPATCH,12:11 AM,3/17/2013,Y,74,22,120,14,8,5,1,1,64,54,1,5,1,21,21,227,22,30.31765,-97.72847,,,,NA,GUADALUPE ST,5101,NA,NA,NA,NA,NA,,,,W 51ST ST,NA,NA,NA,NA,Y,N,N,2,9,Y,SUN,NA,NA,NA,NA,NA,NA,NA,NA,NA,NA,NA,NA,NA,NA,NA,NA,NA,NA,NA,NA,NA,NA,NA,NA,NA,NA,NA,NA,NA,NA,NA,NA,NA,NA,NA,NA,NA,NA,NA,NA,NA,NA,NA,NA,NA,NA,NA,NA,NA,,,NA,NA,NA,NA,0,1,0,2,0,1,0,90,132629021,1326290211
13262903,AUS_13262903,30.33526244,-97.80641597,2,1,3,16,1,39,1,1,4,11,2,3,N,4,NA,NA,4,97,97,,,1,0,0,0,0,1,0,N,N,N,N,N,N,N,3/16/2013,8:37 AM,227,22,N,N,NA,NA,19,,,1,3200,N,CAPITAL OF TX SB,HWY,N,N,0,N,N,,N,19,,,NA,4400,,WESTLAKE,DR,NA,,,,,,12,1,2,NA,2,1,8,8:37 AM,DISPATCHED,8:41 AM,3/16/2013,Y,74,1,120,14,8,5,2,2,64,54,1,5,1,21,21,227,22,30.33526244,-97.80641597,,,,NA,N CAPITAL OF TEXAS HWY,,NA,NA,NA,NA,NA,,,,UNKNOWN,NA,NA,NA,NA,Y,N,N,1,9,Y,SAT,NA,NA,NA,NA,NA,NA,NA,NA,NA,NA,NA,NA,NA,NA,NA,NA,NA,NA,NA,NA,NA,NA,NA,NA,NA,NA,NA,NA,NA,NA,NA,NA,NA,NA,NA,NA,NA,NA,NA,NA,NA,NA,NA,NA,NA,NA,NA,NA,NA,,,NA,NA,NA,NA,1,0,0,1,0,1,0,90,132629032,1326290321
13262917,AUS_13262917,30.19918,-97.79359,2,1,3,16,3,51,1,1,4,11,1,4,N,4,NA,NA,4,97,97,,,0,0,1,0,0,1,0,N,N,N,N,N,N,N,3/17/2013,7:06 PM,227,22,N,N,NA,NA,19,,,1,,W,WILLIAM CANNON,DR,N,N,40,N,N,,Y,19,,,NA,,,EMERAL FOREST,,NA,,,,,,11,1,2,NA,5,1,5,7:06 PM,DISPATCHED,7:10 PM,3/17/2013,Y,74,12,169,130,8,5,1,1,64,3,1,5,1,21,21,227,22,30.19918,-97.79359,,,,NA,W WILLIAM CANNON DR,,NA,NA,NA,NA,NA,,,,EMERALD FOREST DR,NA,NA,NA,NA,Y,N,N,3,9,Y,SUN,NA,NA,NA,NA,NA,NA,NA,NA,NA,NA,NA,NA,NA,NA,NA,NA,NA,NA,NA,NA,NA,NA,NA,NA,NA,NA,NA,NA,NA,NA,NA,NA,NA,NA,NA,NA,NA,NA,NA,NA,NA,NA,NA,NA,NA,NA,NA,NA,NA,,,NA,NA,NA,NA,0,0,1,1,0,1,0,90,132629172,1326291721
13262922,AUS_13262922,30.26992,-97.74211,2,1,3,16,2,25,3,2,4,11,1,4,N,4,NA,NA,4,97,97,,,0,1,0,0,0,1,0,N,N,N,N,N,N,N,3/16/2013,7:00 PM,227,22,N,N,NA,NA,19,,,1,,,CONGRESS,AVE,N,N,0,N,N,,Y,19,,,NA,,E,8TH,ST,NA,,,,,,11,1,4,NA,1,1,5,7:00 PM,DISPATCH,7:00 PM,3/16/2013,Y,74,NA,75,95,8,5,1,3,64,54,1,5,1,21,21,227,22,30.26992,-97.74211,,,,NA,CONGRESS AVE,801,NA,NA,NA,NA,NA,,,,W 8TH ST,NA,NA,NA,NA,Y,N,N,2,9,Y,SAT,NA,NA,NA,NA,NA,NA,NA,NA,NA,NA,NA,NA,NA,NA,NA,NA,NA,NA,NA,NA,NA,NA,NA,NA,NA,NA,NA,NA,NA,NA,NA,NA,NA,NA,NA,NA,NA,NA,NA,NA,NA,NA,NA,NA,NA,NA,NA,NA,NA,,,NA,NA,NA,NA,0,1,0,1,0,1,0,90,132629222,1326292221
13269522,AUS_13269522,30.24284044,-97.71701094,2,1,3,16,2,33,1,2,4,11,1,4,N,4,NA,NA,4,97,97,,,0,1,0,0,0,1,0,N,N,N,N,N,N,N,5/4/2013,6:17 AM,227,22,N,Y,NA,NA,19,,,1,400,S,PLEASANT VALLEY,RD,N,N,0,N,N,,N,19,,,NA,2500,,LAKESHORE,BLVD,NA,,,,,,11,6,0,NA,2,1,20,6:17 AM,DISPATCH,6:18 AM,5/4/2013,Y,74,20,98,129,8,5,4,1,4,54,1,5,1,21,21,227,22,30.24284044,-97.71701094,,,,NA,S PLEASANT VALLEY RD,963,NA,NA,NA,NA,NA,,,,N/A,NA,NA,NA,NA,Y,N,N,2,9,Y,SAT,NA,NA,NA,NA,NA,NA,NA,NA,NA,NA,NA,NA,NA,NA,NA,NA,NA,NA,NA,NA,NA,NA,NA,NA,NA,NA,NA,NA,NA,NA,NA,NA,NA,NA,NA,NA,NA,NA,NA,NA,NA,NA,NA,NA,NA,NA,NA,NA,NA,,,NA,NA,NA,NA,0,1,0,0,1,1,0,90,132695222,1326952221
13269559,AUS_13269559,30.20631,-97.77962,2,1,3,16,1,26,1,1,4,11,1,4,N,4,NA,NA,4,97,97,,,1,0,0,0,0,1,0,N,N,N,N,N,N,N,5/5/2013,8:46 PM,227,22,N,Y,NA,NA,19,,,1,502,,BRAMBLE,DR,N,N,30,N,N,,Y,19,,,NA,,,CEDARDALE,DR,NA,,,,,,11,3,2,NA,5,1,1,8:46 PM,DISPATCHED,8:50 PM,5/5/2013,Y,74,NA,NA,290,8,5,1,1,64,3,1,5,1,21,21,227,22,30.20631,-97.77962,,,,NA,BRAMBLE DR,498,NA,NA,NA,NA,NA,,,,CEDARDALE DR,NA,NA,NA,NA,Y,N,N,1,9,Y,SUN,NA,NA,NA,NA,NA,NA,NA,NA,NA,NA,NA,NA,NA,NA,NA,NA,NA,NA,NA,NA,NA,NA,NA,NA,NA,NA,NA,NA,NA,NA,NA,NA,NA,NA,NA,NA,NA,NA,NA,NA,NA,NA,NA,NA,NA,NA,NA,NA,NA,,,NA,NA,NA,NA,1,0,0,1,0,1,0,90,132695592,1326955921
13269569,AUS_13269569,30.30054,-97.68417,2,1,3,16,2,12,3,1,4,11,1,4,N,4,NA,NA,4,97,97,,,0,1,0,0,0,1,0,N,N,N,N,N,N,N,5/5/2013,2:30 PM,227,22,N,N,NA,NA,19,,,1,2900,,PECAN SPRINGS,RD,N,N,25,N,N,,Y,19,,,NA,5400,,OVERBROOK,DR,NA,,,,,,11,1,4,NA,2,1,8,2:31 PM,DISPATCHED,2:36 PM,5/5/2013,Y,74,NA,NA,NA,8,5,1,1,64,54,1,5,1,21,21,227,22,30.30054,-97.68417,,,,NA,PECAN SPRINGS RD,2906,NA,NA,NA,NA,NA,,,,OVERBROOK DR,NA,NA,NA,NA,Y,N,N,2,9,Y,SUN,NA,NA,NA,NA,NA,NA,NA,NA,NA,NA,NA,NA,NA,NA,NA,NA,NA,NA,NA,NA,NA,NA,NA,NA,NA,NA,NA,NA,NA,NA,NA,NA,NA,NA,NA,NA,NA,NA,NA,NA,NA,NA,NA,NA,NA,NA,NA,NA,NA,,,NA,NA,NA,NA,0,1,0,1,0,1,0,90,132695692,1326956921
13269578,AUS_13269578,NA,NA,2,1,3,16,2,27,1,1,4,11,1,NA,N,4,NA,NA,4,97,97,,,0,1,0,0,0,1,0,N,N,N,N,N,N,N,5/6/2013,12:04 PM,227,22,N,N,NA,NA,19,,,7,7439,N,LAMAR,BLVD,Y,N,0,N,N,,N,19,,,NA,700,,BANVON,ST,NA,,,,,,11,1,0,NA,1,1,17,12:11 PM,DISPATCHED,12:29 PM,5/6/2013,Y,74,NA,NA,281,8,5,3,1,64,14,7,9,5,33,21,227,22,NA,NA,,,,NA,N LAMAR BLVD,,NA,NA,NA,NA,NA,,,,N/A,NA,NA,NA,NA,N,N,N,2,9,N,MON,NA,NA,NA,NA,NA,NA,NA,NA,NA,NA,NA,NA,NA,NA,NA,NA,NA,NA,NA,NA,NA,NA,NA,NA,NA,NA,NA,NA,NA,NA,NA,NA,NA,NA,NA,NA,NA,NA,NA,NA,NA,NA,NA,NA,NA,NA,NA,NA,NA,,,NA,NA,NA,NA,0,1,0,3,0,1,0,NA,132695782,1326957821
13269650,AUS_13269650,30.21930408,-97.7567703,1,1,3,16,3,55,2,1,4,11,1,4,N,4,NA,NA,4,97,97,,,0,0,1,0,0,1,0,N,N,N,N,N,N,N,5/1/2013,8:42 AM,227,22,N,N,NA,NA,19,,,2,,E,BEN WHITE,BLVD,N,N,45,N,N,,Y,19,,,NA,,,PAYLOAD PASS,,NA,,,,,,11,1,2,2,1,1,1,8:42 AM,DISPATCHED,8:53 AM,5/1/2013,Y,74,NA,NA,90,8,5,1,2,64,54,2,2,1,21,21,227,22,30.21930408,-97.7567703,US,290,,116.805,US0290,,113,13,2.969,578,-0.226,,,,PAYLOAD PASS,NA,NA,NA,NA,Y,Y,N,3,9,Y,WED,5,0,10,10,40,2,6,380,112,72,5,1,0,2,20,5,2,20,5,1,20,4,12,131990,2012,131990,1.9,2.6,4.5,NA,NA,NA,NA,NA,NA,NA,NA,NA,NA,NA,NA,NA,NA,NA,NA,NA,NA,NA,NA,,,NA,NA,NA,NA,0,0,1,2,0,1,0,90,132696501,1326965011
13270074,AUS_13270074,30.1950055,-97.75816293,2,1,3,16,3,10,2,1,4,11,1,4,N,4,NA,NA,4,97,97,,,0,0,1,0,0,1,0,N,N,N,N,N,N,N,5/1/2013,7:31 PM,227,22,N,N,NA,NA,19,,,1,5700,,PONCIANA,DR,N,N,35,N,N,,N,19,,,1,2000,E,STASSNEY,LN,NA,,,,,,11,1,2,NA,1,1,8,7:31 PM,DROVE ON SCENE,7:31 PM,5/1/2013,Y,74,NA,18,234,8,5,2,1,64,54,1,5,1,21,21,227,22,30.1950055,-97.75816293,,,,NA,PONCIANA DR,,NA,NA,NA,NA,NA,,,,E STASSNEY LN,NA,NA,NA,NA,Y,N,N,3,9,Y,WED,NA,NA,NA,NA,NA,NA,NA,NA,NA,NA,NA,NA,NA,NA,NA,NA,NA,NA,NA,NA,NA,NA,NA,NA,NA,NA,NA,NA,NA,NA,NA,NA,NA,NA,NA,NA,NA,NA,NA,NA,NA,NA,NA,NA,NA,NA,NA,NA,NA,,,NA,NA,NA,NA,0,0,1,1,0,1,0,90,132700742,1327007421
13270400,AUS_13270400,30.22806498,-97.7750887,2,1,3,16,2,35,1,1,4,11,1,4,N,4,NA,NA,4,97,97,,,0,1,0,0,0,1,0,N,N,N,N,N,N,N,5/3/2013,2:53 PM,227,22,N,N,NA,NA,19,,,2,1000,W,BEN WHITE EB SVC,,N,N,45,N,N,,N,19,,,NA,,,JAMES,PKWY,NA,,,,,,11,1,0,NA,5,1,8,2:54 PM,DISPATCH,2:57 PM,5/3/2013,Y,74,NA,NA,NA,8,5,4,1,64,54,2,5,1,21,21,227,22,30.22806498,-97.7750887,,,,NA,W BEN WHITE BLVD,1000,NA,NA,NA,NA,NA,,,,N/A,NA,NA,NA,NA,Y,N,N,2,9,Y,FRI,NA,NA,NA,NA,NA,NA,NA,NA,NA,NA,NA,NA,NA,NA,NA,NA,NA,NA,NA,NA,NA,NA,NA,NA,NA,NA,NA,NA,NA,NA,NA,NA,NA,NA,NA,NA,NA,NA,NA,NA,NA,NA,NA,NA,NA,NA,NA,NA,NA,,,NA,NA,NA,NA,0,1,0,1,0,1,0,90,132704002,1327040021
13270454,AUS_13270454,30.28838,-97.7291,2,1,3,16,3,45,1,1,4,11,1,5,N,4,NA,NA,4,97,97,,,0,0,1,0,0,1,0,N,N,N,N,N,N,N,4/23/2013,3:27 PM,227,22,N,Y,NA,NA,19,,,1,,E,DEAN KEETON,ST,N,N,0,N,N,,Y,19,,,NA,,,MEDICAL ARTS,ST,NA,,,,,,11,1,4,NA,2,1,5,3:27 PM,DISPATCH,3:40 PM,4/23/2013,Y,74,22,219,292,8,5,1,2,64,3,1,5,1,21,21,227,22,30.28838,-97.7291,,,,NA,E DEAN KEETON ST,826,NA,NA,NA,NA,NA,,,,MEDICAL ARTS ST,NA,NA,NA,NA,Y,N,N,3,9,Y,TUE,NA,NA,NA,NA,NA,NA,NA,NA,NA,NA,NA,NA,NA,NA,NA,NA,NA,NA,NA,NA,NA,NA,NA,NA,NA,NA,NA,NA,NA,NA,NA,NA,NA,NA,NA,NA,NA,NA,NA,NA,NA,NA,NA,NA,NA,NA,NA,NA,NA,,,NA,NA,NA,NA,0,0,1,1,0,1,0,90,132704542,1327045421
13278488,AUS_13278488,NA,NA,2,1,3,16,2,22,2,1,4,11,1,4,N,4,NA,NA,4,97,97,,,0,1,0,0,0,1,0,N,N,N,N,N,N,N,5/13/2013,7:05 AM,227,22,N,N,NA,NA,19,,,2,,E,ANDERSON SVRD WB,LN,N,N,30,N,N,,Y,19,,,NA,,,GEORGIAN,DR,NA,,,,,,11,1,4,NA,1,1,5,7:06 AM,RADIO DISPATCH,7:11 AM,5/13/2013,Y,74,17,114,143,8,5,1,2,64,54,2,5,1,21,21,227,22,NA,NA,,,,NA,E ANDERSON SVRD WB LN,,NA,NA,NA,NA,NA,,,,GEORGIAN DR,NA,NA,NA,NA,Y,N,N,2,9,N,MON,NA,NA,NA,NA,NA,NA,NA,NA,NA,NA,NA,NA,NA,NA,NA,NA,NA,NA,NA,NA,NA,NA,NA,NA,NA,NA,NA,NA,NA,NA,NA,NA,NA,NA,NA,NA,NA,NA,NA,NA,NA,NA,NA,NA,NA,NA,NA,NA,NA,,,NA,NA,NA,NA,0,1,0,2,0,1,0,NA,132784882,1327848821
13278489,AUS_13278489,30.30011,-97.68588,2,1,3,16,2,28,1,1,4,11,1,4,N,4,NA,NA,4,97,97,,,0,1,0,0,0,1,0,N,N,N,N,N,N,N,5/13/2013,10:13 AM,227,22,N,Y,NA,NA,19,,,1,,,MANOR,RD,N,N,35,N,N,,Y,19,,,NA,,,WESTMINISTER,DR,NA,,,,,,11,1,3,NA,3,1,20,8:35 AM,DISPATCH,8:41 AM,5/13/2013,Y,74,NA,273,95,8,5,1,3,64,54,1,5,1,21,21,227,22,30.30011,-97.68588,,,,NA,MANOR RD,,NA,NA,NA,NA,NA,,,,WESTMINSTER DR,NA,NA,NA,NA,Y,N,N,2,9,Y,MON,NA,NA,NA,NA,NA,NA,NA,NA,NA,NA,NA,NA,NA,NA,NA,NA,NA,NA,NA,NA,NA,NA,NA,NA,NA,NA,NA,NA,NA,NA,NA,NA,NA,NA,NA,NA,NA,NA,NA,NA,NA,NA,NA,NA,NA,NA,NA,NA,NA,,,NA,NA,NA,NA,0,1,0,1,0,1,0,90,132784892,1327848921
13278588,AUS_13278588,30.24175628,-97.81583554,2,1,3,16,2,60,1,1,4,11,1,3,N,4,NA,NA,4,97,97,,,0,1,0,0,0,1,0,N,N,N,N,N,N,N,5/5/2013,8:06 AM,227,22,N,Y,NA,NA,19,,,2,4400,,GAINES RANCH,LOOP,N,N,45,N,N,,Y,19,,,NA,4400,S,MOPAC SVRD SB,EXPY,NA,,,,,,11,1,0,NA,3,1,8,8:06 AM,DISPATCHED,8:09 AM,5/5/2013,Y,74,NA,NA,NA,8,5,1,2,64,54,2,2,1,21,21,227,22,30.24175628,-97.81583554,,,,NA,GAINES RANCH LOOP,4400,NA,NA,NA,NA,NA,,,,UNKNOWN,NA,NA,NA,NA,Y,N,N,2,9,Y,SUN,NA,NA,NA,NA,NA,NA,NA,NA,NA,NA,NA,NA,NA,NA,NA,NA,NA,NA,NA,NA,NA,NA,NA,NA,NA,NA,NA,NA,NA,NA,NA,NA,NA,NA,NA,NA,NA,NA,NA,NA,NA,NA,NA,NA,NA,NA,NA,NA,NA,,,NA,NA,NA,NA,0,1,0,1,0,1,0,90,132785882,1327858821
13278622,AUS_13278622,30.35773452,-97.73040819,2,1,3,16,2,39,1,1,4,11,1,2,N,4,NA,NA,4,97,97,,,0,1,0,0,0,1,0,N,N,N,N,N,N,N,5/7/2013,4:25 PM,227,22,N,N,NA,NA,19,,,7,7950,,BURNET,RD,N,N,0,N,N,,N,19,,,NA,,W,ANDERSON,LN,NA,,,,,,11,1,98,NA,1,1,1,4:31 PM,DISPATCH,4:37 PM,5/7/2013,Y,74,NA,46,64,8,5,3,1,64,14,1,3,1,32,21,227,22,30.35773452,-97.73040819,,,,NA,BURNET RD,7952,NA,NA,NA,NA,NA,,,,N/A,NA,NA,NA,NA,Y,N,N,2,9,Y,TUE,NA,NA,NA,NA,NA,NA,NA,NA,NA,NA,NA,NA,NA,NA,NA,NA,NA,NA,NA,NA,NA,NA,NA,NA,NA,NA,NA,NA,NA,NA,NA,NA,NA,NA,NA,NA,NA,NA,NA,NA,NA,NA,NA,NA,NA,NA,NA,NA,NA,,,NA,NA,NA,NA,0,1,0,1,0,1,0,90,132786222,1327862221
13278739,AUS_13278739,30.26339788,-97.74450517,2,1,3,16,3,26,1,1,4,11,1,4,N,4,NA,NA,4,97,97,,,0,0,1,0,0,1,0,N,N,N,N,N,N,N,4/28/2013,12:15 AM,227,22,N,N,NA,NA,19,,,1,,,CONGRESS,AVE,N,N,30,N,N,,Y,19,,,NA,,W,CESAR CHAVEZ,ST,NA,,,,,,11,4,0,3,1,1,5,12:15 AM,DISPATCHED,12:18 AM,4/29/2013,Y,74,1,115,144,8,5,1,3,64,3,1,2,1,21,21,227,22,30.26339788,-97.74450517,SL,343,,4.54,SL0343,100,113,12,5.782,568,0.222,,,,CONGRESS AVE,NA,NA,NA,NA,Y,Y,N,3,9,Y,SUN,1,0,10,10,0,9,4,80,68,48,6,0,0,2,10,5,2,10,5,0,0,4,14,26000,2012,26000,1,0.3,1.3,NA,NA,NA,NA,NA,NA,NA,NA,NA,NA,NA,NA,NA,NA,NA,NA,NA,NA,NA,NA,,,NA,NA,NA,NA,0,0,1,1,0,1,0,90,132787392,1327873921
13293999,AUS_13293999,NA,NA,2,1,3,16,1,15,2,1,4,11,1,4,N,4,NA,NA,4,97,97,,,1,0,0,0,0,1,0,N,N,N,N,N,N,N,5/17/2013,5:18 PM,227,22,N,N,NA,NA,19,,,1,2424,S,LAMAR,BLVD,N,N,40,N,N,,N,19,,,NA,2000,,MONTCLAIRE,ST,NA,,,,,,11,1,0,NA,3,1,1,5:18 PM,DISPATCHED,5:44 PM,5/17/2013,Y,74,NA,105,112,8,5,3,1,64,14,7,9,1,32,21,227,22,NA,NA,,,,NA,S LAMAR BLVD,,NA,NA,NA,NA,NA,,,,N/A,NA,NA,NA,NA,N,N,N,1,9,N,FRI,NA,NA,NA,NA,NA,NA,NA,NA,NA,NA,NA,NA,NA,NA,NA,NA,NA,NA,NA,NA,NA,NA,NA,NA,NA,NA,NA,NA,NA,NA,NA,NA,NA,NA,NA,NA,NA,NA,NA,NA,NA,NA,NA,NA,NA,NA,NA,NA,NA,,,NA,NA,NA,NA,1,0,0,1,0,1,0,NA,132939992,1329399921
13294040,AUS_13294040,30.24516,-97.75133,2,1,3,16,2,40,1,1,4,11,1,4,N,4,NA,NA,4,97,97,,,0,1,0,0,0,1,0,N,N,N,N,N,N,N,5/17/2013,9:01 AM,227,22,N,N,NA,NA,19,,,1,1800,S,CONGRESS,AVE,N,N,0,N,N,,Y,19,,,NA,100,W,MARY,ST,NA,,,,,,11,1,4,NA,3,1,5,9:01 AM,DISPATCHED,9:10 AM,5/17/2013,Y,74,17,105,112,8,5,1,1,64,3,1,5,1,21,21,227,22,30.24516,-97.75133,,,,NA,S CONGRESS AVE,1899,NA,NA,NA,NA,NA,,,,W MARY ST,NA,NA,NA,NA,Y,N,N,2,9,Y,FRI,NA,NA,NA,NA,NA,NA,NA,NA,NA,NA,NA,NA,NA,NA,NA,NA,NA,NA,NA,NA,NA,NA,NA,NA,NA,NA,NA,NA,NA,NA,NA,NA,NA,NA,NA,NA,NA,NA,NA,NA,NA,NA,NA,NA,NA,NA,NA,NA,NA,,,NA,NA,NA,NA,0,1,0,1,0,1,0,90,132940402,1329404021
13294164,AUS_13294164,30.27684873,-97.70033201,2,1,3,16,1,27,1,1,4,11,1,4,N,4,NA,NA,4,97,97,,,1,0,0,0,0,1,0,N,N,N,N,N,N,N,5/16/2013,9:58 PM,227,22,N,Y,NA,NA,19,,,1,1200,,AIRPORT,BLVD,N,N,0,N,N,,Y,19,,,NA,,E,12TH,ST,NA,,,,,,11,4,4,3,1,1,5,9:58 PM,DISPATCH,10:02 PM,5/16/2013,Y,74,64,34,48,8,5,2,3,64,54,1,2,1,21,21,227,22,30.27684873,-97.70033201,SL,111,,0.449,SL0111,1201,151,6,12.125,438,0.125,,,,E 12TH ST,NA,NA,NA,NA,Y,Y,N,1,9,Y,THU,2,0,1,2,0,2,4,160,51,48,4,0,0,2,1,5,2,2,5,0,0,4,14,24000,2012,24000,0.9,0.4,1.3,1,98,2,1,10,NA,NA,NA,NA,NA,NA,NA,NA,NA,NA,NA,NA,NA,NA,NA,,,NA,NA,NA,NA,1,0,0,1,0,1,0,90,132941642,1329416421