CrashID,CrashID1,Latitude,Longitude,Unit_Nbr,Prsn_Nbr,Prsn_Type_ID,Prsn_Occpnt_Pos_ID,Prsn_Injry_Sev_ID,Prsn_Age,Prsn_Ethnicity_ID,Prsn_Gndr_ID,Prsn_Ejct_ID,Prsn_Rest_ID,Prsn_Airbag_ID,Prsn_Helmet_ID,Prsn_Sol_Fl,Prsn_Alc_Spec_Type_ID,Prsn_Alc_Rslt_ID,Prsn_Bac_Test_Rslt,Prsn_Drg_Spec_Type_ID,Prsn_Drg_Rslt_ID,Drvr_Drg_Cat_1_ID,Prsn_Death_Date,Prsn_Death_Time,Incap_Injry_Cnt.x,Nonincap_Injry_Cnt.x,Poss_Injry_Cnt.x,Non_Injry_Cnt.x,Unkn_Injry_Cnt.x,Tot_Injry_Cnt.x,Death_Cnt.x,Crash_Fatal_Fl,Cmv_Involv_Fl,Schl_Bus_Fl,Rr_Relat_Fl,Medical_Advisory_Fl,Amend_Supp_Fl,Active_School_Zone_Fl,Crash_Date,Crash_Time,Rpt_CRIS_Cnty_ID,Rpt_City_ID,Rpt_Outside_City_Limit_Fl,Thousand_Damage_Fl,Rpt_Latitude,Rpt_Longitude,Rpt_Rdwy_Sys_ID,Rpt_Hwy_Num,Rpt_Hwy_Sfx,Rpt_Road_Part_ID,Rpt_Block_Num,Rpt_Street_Pfx,Rpt_Street_Name,Rpt_Street_Sfx,Private_Dr_Fl,Toll_Road_Fl,Crash_Speed_Limit,Road_Constr_Zone_Fl,Road_Constr_Zone_Wrkr_Fl,Rpt_Street_Desc,At_Intrsct_Fl,Rpt_Sec_Rdwy_Sys_ID,Rpt_Sec_Hwy_Num,Rpt_Sec_Hwy_Sfx,Rpt_Sec_Road_Part_ID,Rpt_Sec_Block_Num,Rpt_Sec_Street_Pfx,Rpt_Sec_Street_Name,Rpt_Sec_Street_Sfx,Rpt_Ref_Mark_Offset_Amt,Rpt_Ref_Mark_Dist_Uom,Rpt_Ref_Mark_Dir,Rpt_Ref_Mark_Nbr,Rpt_Sec_Street_Desc,Rpt_CrossingNumber,Wthr_Cond_ID,Light_Cond_ID,Entr_Road_ID,Road_Type_ID,Road_Algn_ID,Surf_Cond_ID,Traffic_Cntl_ID,Investigat_Notify_Time,Investigat_Notify_Meth,Investigat_Arrv_Time,Report_Date,Investigat_Comp_Fl,Investigat_Agency_ID,Investigat_Area_ID,Investigat_District_ID,Investigat_Region_ID,Bridge_Detail_ID,Harm_Evnt_ID,Intrsct_Relat_ID,FHE_Collsn_ID,Obj_Struck_ID,Othr_Factr_ID,Road_Part_Adj_ID,Road_Cls_ID,Road_Relat_ID,Phys_Featr_1_ID,Phys_Featr_2_ID,Cnty_ID,City_ID,Latitude,Longitude,Hwy_Sys,Hwy_Nbr,Hwy_Sfx,Dfo,Street_Name,Street_Nbr,Control,Section,Milepoint,Ref_Mark_Nbr,Ref_Mark_Displ,Hwy_Sys_2,Hwy_Nbr_2,Hwy_Sfx_2,Street_Name_2,Street_Nbr_2,Control_2,Section_2,Milepoint_2,Txdot_Rptable_Fl,Onsys_Fl,Rural_Fl,Crash_Sev_ID,Pop_Group_ID,Located_Fl,Day_of_Week,Hwy_Dsgn_Lane_ID,Hwy_Dsgn_Hrt_ID,Hp_Shldr_Left,Hp_Shldr_Right,Hp_Median_Width,Base_Type_ID,Nbr_Of_Lane,Row_Width_Usual,Roadbed_Width,Surf_Width,Surf_Type_ID,Curb_Type_Left_ID,Curb_Type_Right_ID,Shldr_Type_Left_ID,Shldr_Width_Left,Shldr_Use_Left_ID,Shldr_Type_Right_ID,Shldr_Width_Right,Shldr_Use_Right_ID,Median_Type_ID,Median_Width,Rural_Urban_Type_ID,Func_Sys_ID,Adt_Curnt_Amt,Adt_Curnt_Year,Adt_Adj_Curnt_Amt,Pct_Single_Trk_Adt,Pct_Combo_Trk_Adt,Trk_Aadt_Pct,Curve_Type_ID,Curve_Lngth,Cd_Degr,Delta_Left_Right_ID,Dd_Degr,Feature_Crossed,Structure_Number,I_R_Min_Vert_Clear,Approach_Width,Bridge_Median_ID,Bridge_Loading_Type_ID,Bridge_Loading_In_1000_Lbs,Bridge_Srvc_Type_On_ID,Bridge_Srvc_Type_Under_ID,Culvert_Type_ID,Roadway_Width,Deck_Width,Bridge_Dir_Of_Traffic_ID,Bridge_Rte_Struct_Func_ID,Bridge_IR_Struct_Func_ID,CrossingNumber,RRCo,Poscrossing_ID,WDCode_ID,Standstop,Yield,Incap_Injry_Cnt.y,Nonincap_Injry_Cnt.y,Poss_Injry_Cnt.y,Non_Injry_Cnt.y,Unkn_Injry_Cnt.y,Tot_Injry_Cnt.y,Death_Cnt.y,MPO_ID,Unit_ID,Unit_Prsn_ID
13294180,AUS_13294180,30.32279101,-97.81431652,3,1,3,16,3,39,1,1,4,11,1,2,N,4,NA,NA,4,97,97,,,0,0,1,0,0,1,0,N,N,N,N,N,N,N,5/21/2013,5:18 PM,227,22,N,N,NA,NA,19,,,1,2300,N,CAPITAL OF TEXAS NB,HWY,N,N,60,N,N,,Y,19,,,NA,6000,,BOLD RULER,WAY,NA,,,,,,11,1,2,2,3,1,8,5:18 PM,DISPATCHED,5:32 PM,5/21/2013,Y,74,11,10,14,8,5,1,2,64,3,1,2,1,21,21,227,22,30.32279101,-97.81431652,SL,360,,6.707,SL0360,,113,13,17.822,438,0.778,RM,2244,,RM2244,NA,NA,NA,NA,Y,Y,N,3,9,Y,TUE,3,0,4,10,68,2,4,350,76,48,4,0,0,2,8,5,2,20,5,3,60,4,14,45000,2012,45000,2.9,0.4,3.3,1,189,3,2,30,NA,NA,NA,NA,NA,NA,NA,NA,NA,NA,NA,NA,NA,NA,NA,,,NA,NA,NA,NA,0,0,1,2,0,1,0,90,132941803,1329418031
13294183,AUS_13294183,30.29422139,-97.72004519,2,1,3,16,2,57,1,1,4,11,1,2,N,4,NA,NA,4,97,97,,,0,1,0,0,0,1,0,N,N,N,N,N,N,N,5/18/2013,12:51 PM,227,22,N,N,NA,NA,1,35,,2,3800,N,SB SVRD,,N,N,35,N,N,,N,19,,,NA,,E,38TH,ST,NA,,,,,,11,1,4,2,1,1,5,12:52 PM,DISPATCH,12:55 PM,5/18/2013,Y,74,216,10,14,8,5,1,2,64,3,2,1,1,21,21,227,22,30.29422139,-97.72004519,IH,35,,236.009,IH0035,,15,13,19.887,237,-0.146,,,,E 38TH ST,NA,NA,NA,NA,Y,Y,N,2,9,Y,SAT,5,0,2,10,7,2,8,310,182,96,4,0,0,2,20,5,2,40,5,2,3,4,11,191460,2012,191460,2.5,6.6,9.1,NA,NA,NA,NA,NA,NA,NA,NA,NA,NA,NA,NA,NA,NA,NA,NA,NA,NA,NA,NA,,,NA,NA,NA,NA,0,1,0,1,0,1,0,90,132941832,1329418321
13294192,AUS_13294192,30.2566,-97.71111,1,1,3,16,1,22,1,2,4,11,1,1,N,4,NA,NA,4,97,97,,,1,0,0,0,0,1,0,N,N,N,N,N,N,N,5/18/2013,10:05 AM,227,22,N,N,NA,NA,19,,,1,,N,PLEASANT VALLEY,RD,N,N,0,Y,N,,Y,19,,,NA,,E,5TH,ST,NA,,,,,,11,1,0,NA,1,1,5,10:05 AM,DISPATCHED,10:09 AM,5/18/2013,Y,74,17,34,48,8,5,1,1,64,49,1,5,1,21,21,227,22,30.2566,-97.71111,,,,NA,N PLEASANT VALLEY RD,501,NA,NA,NA,NA,NA,,,,E 5TH ST,NA,NA,NA,NA,Y,N,N,1,9,Y,SAT,NA,NA,NA,NA,NA,NA,NA,NA,NA,NA,NA,NA,NA,NA,NA,NA,NA,NA,NA,NA,NA,NA,NA,NA,NA,NA,NA,NA,NA,NA,NA,NA,NA,NA,NA,NA,NA,NA,NA,NA,NA,NA,NA,NA,NA,NA,NA,NA,NA,,,NA,NA,NA,NA,1,0,0,2,0,1,0,90,132941921,1329419211
13299391,AUS_13299391,30.31741256,-97.7286287,2,1,3,16,2,30,1,1,4,11,1,5,N,4,NA,NA,4,97,97,,,0,1,0,0,0,1,0,N,N,N,N,N,N,N,5/29/2013,5:40 PM,227,22,N,N,NA,NA,19,,,1,5000,,GUADALUPE,ST,N,N,30,N,N,,N,19,,,NA,,,51ST,ST,NA,,,,,,11,1,0,NA,1,1,1,5:40 PM,DISPATCH,5:43 PM,5/29/2013,Y,74,NA,120,14,8,5,3,1,64,54,1,5,1,21,21,227,22,30.31741256,-97.7286287,,,,NA,GUADALUPE ST,5075,NA,NA,NA,NA,NA,,,,N/A,NA,NA,NA,NA,Y,N,N,2,9,Y,WED,NA,NA,NA,NA,NA,NA,NA,NA,NA,NA,NA,NA,NA,NA,NA,NA,NA,NA,NA,NA,NA,NA,NA,NA,NA,NA,NA,NA,NA,NA,NA,NA,NA,NA,NA,NA,NA,NA,NA,NA,NA,NA,NA,NA,NA,NA,NA,NA,NA,,,NA,NA,NA,NA,0,1,0,1,0,1,0,90,132993912,1329939121
13302583,AUS_13302583,30.34669367,-97.78479286,3,1,3,16,5,45,1,1,4,11,1,2,N,4,NA,NA,4,97,97,,,0,0,0,1,0,0,0,N,N,N,N,N,N,N,5/23/2013,5:34 PM,227,22,N,Y,NA,NA,4,2222,,1,4800,,NOT REPORTED,,N,N,45,N,N,,N,19,,,NA,,,PARADOX,CV,NA,,,,,,12,1,0,3,6,1,1,5:34 PM,DISPATCH,5:41 PM,5/23/2013,Y,74,1,120,14,8,2,4,20,64,39,1,3,1,21,21,227,22,30.34669367,-97.78479286,RM,2222,,6.454,RM2222,4868,2100,1,6.482,532,0.451,,,,N/A,NA,NA,NA,NA,Y,Y,N,5,9,Y,THU,2,0,0,0,0,2,4,100,48,48,4,0,0,1,0,0,1,0,0,0,0,4,14,23000,2012,23000,1.9,0.3,2.2,1,63,10,NA,33,NA,NA,NA,NA,NA,NA,NA,NA,NA,NA,NA,NA,NA,NA,NA,,,NA,NA,NA,NA,0,0,0,4,0,0,0,90,133025833,1330258331
13302594,AUS_13302594,30.31867261,-97.70725752,2,1,3,16,2,26,1,1,4,11,1,4,N,4,NA,NA,4,97,97,,,0,1,0,0,0,1,0,N,N,N,N,N,N,N,5/16/2013,4:30 PM,227,22,N,N,NA,NA,1,35,,2,5800,N,SVRD NB,,N,N,45,N,N,,Y,19,,,NA,1000,,REINLI,ST,NA,,,,,,11,1,2,2,1,1,8,4:32 PM,DISPATCHED,4:39 PM,5/20/2013,Y,74,NA,75,95,8,5,2,1,64,54,2,1,1,21,21,227,22,30.31867261,-97.70725752,IH,35,,237.872,IH0035,,15,13,21.762,239,-0.282,,,,REINLI ST,NA,NA,NA,NA,Y,Y,N,2,9,Y,THU,5,0,4,10,32,2,8,300,124,96,4,0,0,2,8,5,2,20,5,2,24,4,11,184540,2012,184540,2.5,6.8,9.3,1,274,0,1,14,NA,NA,NA,NA,NA,NA,NA,NA,NA,NA,NA,NA,NA,NA,NA,,,NA,NA,NA,NA,0,1,0,1,0,1,0,90,133025942,1330259421
13302632,AUS_13302632,30.3218326,-97.81545545,2,1,3,16,2,57,1,1,4,11,1,1,N,4,NA,NA,4,97,97,,,0,1,0,0,0,1,0,N,N,N,N,N,N,N,5/22/2013,7:34 AM,227,22,N,N,NA,NA,19,,,1,2100,N,CAPITAL OF TEXAS SB,HWY,N,N,60,N,N,,N,19,,,NA,6100,,BOLD RULER,WAY,NA,,,,,,11,1,0,2,2,1,20,7:35 AM,DISPATCHED,7:50 AM,5/22/2013,Y,74,NA,NA,107,8,5,4,1,64,3,1,2,3,21,21,227,22,30.3218326,-97.81545545,SL,360,,6.801,SL0360,,113,13,17.919,438,0.872,,,,N/A,NA,NA,NA,NA,Y,Y,N,2,9,Y,WED,3,0,4,10,68,2,4,350,76,48,4,0,0,2,8,5,2,20,5,3,60,4,14,45000,2012,45000,2.9,0.4,3.3,1,189,3,2,30,NA,NA,NA,NA,NA,NA,NA,NA,NA,NA,NA,NA,NA,NA,NA,,,NA,NA,NA,NA,0,1,0,2,0,1,0,90,133026322,1330263221
13302669,AUS_13302669,30.307,-97.72458,2,1,3,16,2,23,1,2,4,11,1,4,N,4,NA,NA,4,97,97,,,0,1,0,0,0,1,0,N,N,N,N,N,N,N,4/25/2013,8:37 AM,227,22,N,N,NA,NA,19,,,1,,E,45TH,,N,N,30,N,N,,Y,19,,,NA,,,DUVAL,ST,NA,,,,,,12,1,4,NA,1,1,5,8:37 AM,DISPATCH,8:39 AM,4/25/2013,Y,74,NA,NA,125,8,5,2,2,64,54,1,5,1,21,21,227,22,30.307,-97.72458,,,,NA,E 45TH ST,,NA,NA,NA,NA,NA,,,,DUVAL ST,NA,NA,NA,NA,Y,N,N,2,9,Y,THU,NA,NA,NA,NA,NA,NA,NA,NA,NA,NA,NA,NA,NA,NA,NA,NA,NA,NA,NA,NA,NA,NA,NA,NA,NA,NA,NA,NA,NA,NA,NA,NA,NA,NA,NA,NA,NA,NA,NA,NA,NA,NA,NA,NA,NA,NA,NA,NA,NA,,,NA,NA,NA,NA,0,1,0,0,1,1,0,90,133026692,1330266921
13302761,AUS_13302761,30.34304,-97.72503,2,1,3,16,2,27,1,1,4,11,1,2,N,4,NA,NA,4,97,97,,,0,1,0,0,0,1,0,N,N,N,N,N,N,N,4/29/2013,4:56 PM,227,22,N,Y,NA,NA,19,,,1,,,WOODROW,AVE,N,N,0,N,N,,Y,19,,,NA,,,PIEDMONT,AVE,NA,,,,,,11,1,2,NA,1,1,1,4:56 PM,DISPATCH,5:03 PM,4/29/2013,Y,74,NA,75,95,8,5,3,2,64,13,1,5,1,32,21,227,22,30.34304,-97.72503,,,,NA,WOODROW AVE,7199,NA,NA,NA,NA,NA,,,,N/A,NA,NA,NA,NA,Y,N,N,2,9,Y,MON,NA,NA,NA,NA,NA,NA,NA,NA,NA,NA,NA,NA,NA,NA,NA,NA,NA,NA,NA,NA,NA,NA,NA,NA,NA,NA,NA,NA,NA,NA,NA,NA,NA,NA,NA,NA,NA,NA,NA,NA,NA,NA,NA,NA,NA,NA,NA,NA,NA,,,NA,NA,NA,NA,0,1,0,1,0,1,0,90,133027612,1330276121
13302770,AUS_13302770,30.26962,-97.74843,2,1,3,16,2,22,1,1,4,11,1,4,N,4,NA,NA,4,97,97,,,0,1,0,0,0,1,0,N,N,N,N,N,N,N,5/4/2013,12:10 AM,227,22,N,N,NA,NA,19,,,1,,W,6TH,ST,N,N,35,N,N,,Y,19,,,NA,,,NUECES,ST,NA,,,,,,11,4,4,NA,1,1,5,1:26 PM,DISPATCH,2:50 PM,5/5/2013,Y,74,1,131,411,8,5,1,1,64,3,1,5,1,21,21,227,22,30.26962,-97.74843,,,,NA,W 6TH ST,600,NA,NA,NA,NA,NA,,,,NUECES ST,NA,NA,NA,NA,Y,N,N,2,9,Y,SAT,NA,NA,NA,NA,NA,NA,NA,NA,NA,NA,NA,NA,NA,NA,NA,NA,NA,NA,NA,NA,NA,NA,NA,NA,NA,NA,NA,NA,NA,NA,NA,NA,NA,NA,NA,NA,NA,NA,NA,NA,NA,NA,NA,NA,NA,NA,NA,NA,NA,,,NA,NA,NA,NA,0,1,0,0,1,1,0,90,133027702,1330277021
13303297,AUS_13303297,30.4372368,-97.77138395,2,1,3,16,3,23,1,1,4,11,1,4,N,4,NA,NA,4,97,97,,,0,0,1,0,0,1,0,N,N,N,N,N,N,N,5/25/2013,1:22 PM,246,22,N,Y,NA,NA,19,,,1,12800,,POND SPRINGS,RD,N,N,35,N,N,,N,19,,,NA,,,SAN FELIPE,BLVD,NA,,,,,,2,1,0,NA,1,2,20,1:22 PM,RADIO,1:29 PM,5/25/2013,Y,74,1,46,64,8,5,3,1,64,14,1,5,5,32,21,246,22,30.4372368,-97.77138395,,,,NA,POND SPRINGS RD,12884,NA,NA,NA,NA,NA,,,,N/A,NA,NA,NA,NA,Y,N,N,3,9,Y,SAT,NA,NA,NA,NA,NA,NA,NA,NA,NA,NA,NA,NA,NA,NA,NA,NA,NA,NA,NA,NA,NA,NA,NA,NA,NA,NA,NA,NA,NA,NA,NA,NA,NA,NA,NA,NA,NA,NA,NA,NA,NA,NA,NA,NA,NA,NA,NA,NA,NA,,,NA,NA,NA,NA,0,0,1,1,0,1,0,90,133032972,1330329721
13303330,AUS_13303330,30.30903437,-97.70966075,1,1,3,16,2,28,1,2,4,11,1,4,N,4,NA,NA,4,97,97,,,0,1,0,0,0,1,0,N,N,N,N,N,N,N,5/27/2013,1:58 PM,227,22,N,N,NA,NA,19,,,1,1100,E,51ST,ST,N,N,0,N,N,,N,19,,,NA,,,CAMERON,RD,NA,,,,,,11,1,0,NA,1,1,5,1:59 PM,DISPATCH,2:03 PM,5/27/2013,Y,74,12,139,95,8,5,2,1,64,54,1,5,1,21,21,227,22,30.30903437,-97.70966075,,,,NA,E 51ST ST,,NA,NA,NA,NA,NA,,,,CAMERON RD,NA,NA,NA,NA,Y,N,N,2,9,Y,MON,NA,NA,NA,NA,NA,NA,NA,NA,NA,NA,NA,NA,NA,NA,NA,NA,NA,NA,NA,NA,NA,NA,NA,NA,NA,NA,NA,NA,NA,NA,NA,NA,NA,NA,NA,NA,NA,NA,NA,NA,NA,NA,NA,NA,NA,NA,NA,NA,NA,,,NA,NA,NA,NA,0,1,0,0,1,1,0,90,133033301,1330333011
13303368,AUS_13303368,30.3229603,-97.72822908,1,1,3,16,1,40,1,1,4,11,1,4,N,4,NA,NA,4,97,97,,,1,0,0,0,0,1,0,N,N,N,N,N,N,N,5/20/2013,5:08 PM,227,22,N,Y,NA,NA,19,,,1,,N,LAMAR,BLVD,N,N,35,N,N,,Y,19,,,NA,,,NELROY,BLVD,NA,,,,,,11,1,2,NA,1,1,20,5:08 PM,DISPATCH,5:13 PM,5/20/2013,Y,74,NA,75,95,8,5,1,1,64,54,1,5,1,21,21,227,22,30.3229603,-97.72822908,,,,NA,N LAMAR BLVD,,NA,NA,NA,NA,NA,,,,UNKNOWN,NA,NA,NA,NA,Y,N,N,1,9,Y,MON,NA,NA,NA,NA,NA,NA,NA,NA,NA,NA,NA,NA,NA,NA,NA,NA,NA,NA,NA,NA,NA,NA,NA,NA,NA,NA,NA,NA,NA,NA,NA,NA,NA,NA,NA,NA,NA,NA,NA,NA,NA,NA,NA,NA,NA,NA,NA,NA,NA,,,NA,NA,NA,NA,1,0,0,1,0,1,0,90,133033681,1330336811
13304350,AUS_13304350,30.35191,-97.72202,1,1,3,16,3,58,1,1,4,11,1,4,N,4,NA,NA,4,97,97,,,0,0,1,0,0,1,0,N,N,N,N,N,N,N,4/15/2013,7:02 PM,227,22,N,N,NA,NA,19,,,1,,,BURRELL,DR,N,N,30,N,N,,Y,19,,,NA,,W,ANDERSON,LN,NA,,,,,,11,1,0,NA,1,1,16,7:04 PM,RADIO,7:50 PM,4/15/2013,Y,74,NA,NA,NA,8,5,1,2,64,54,1,5,1,21,21,227,22,30.35191,-97.72202,,,,NA,BURRELL DR,7901,NA,NA,NA,NA,NA,,,,W ANDERSON LN,NA,NA,NA,NA,Y,N,N,3,9,Y,MON,NA,NA,NA,NA,NA,NA,NA,NA,NA,NA,NA,NA,NA,NA,NA,NA,NA,NA,NA,NA,NA,NA,NA,NA,NA,NA,NA,NA,NA,NA,NA,NA,NA,NA,NA,NA,NA,NA,NA,NA,NA,NA,NA,NA,NA,NA,NA,NA,NA,,,NA,NA,NA,NA,0,0,1,3,0,1,0,90,133043501,1330435011
13304398,AUS_13304398,30.31746723,-97.74609545,2,1,3,16,2,41,0,1,4,11,1,2,N,4,NA,NA,4,97,97,,,0,1,0,0,0,1,0,N,N,N,N,N,N,N,5/10/2013,12:39 PM,227,22,N,Y,NA,NA,19,,,1,4500,,SHOAL CREEK,BLVD,N,N,35,N,N,,N,19,,,NA,,W,45TH,ST,NA,,,,,,11,1,4,NA,1,1,8,12:39 PM,DISPATCHED,12:41 PM,5/10/2013,Y,74,NA,NA,125,8,5,2,1,64,3,1,5,1,21,21,227,22,30.31746723,-97.74609545,,,,NA,SHOAL CREEK BLVD,4502,NA,NA,NA,NA,NA,,,,W 45TH ST,NA,NA,NA,NA,Y,N,N,2,9,Y,FRI,NA,NA,NA,NA,NA,NA,NA,NA,NA,NA,NA,NA,NA,NA,NA,NA,NA,NA,NA,NA,NA,NA,NA,NA,NA,NA,NA,NA,NA,NA,NA,NA,NA,NA,NA,NA,NA,NA,NA,NA,NA,NA,NA,NA,NA,NA,NA,NA,NA,,,NA,NA,NA,NA,0,1,0,1,0,1,0,90,133043982,1330439821
13308891,AUS_13308891,30.25565848,-97.72046431,2,1,3,16,2,13,3,2,4,11,1,97,N,4,NA,NA,4,97,97,,,0,1,0,0,0,1,0,N,N,N,N,N,N,N,1/28/2013,5:11 PM,227,22,N,N,NA,NA,19,,,1,2227,E,CESAR CHAVEZ,ST,N,N,30,N,N,,N,19,,,NA,,,ROBERT T MARTINEZ,,NA,,,,,,11,4,2,NA,1,1,1,5:05 PM,DISPATCHED,5:15 PM,1/28/2013,Y,74,NA,34,48,8,5,4,1,64,54,1,5,1,21,21,227,22,30.25565848,-97.72046431,,,,NA,E CESAR CHAVEZ ST,2206,NA,NA,NA,NA,NA,,,,N/A,NA,NA,NA,NA,Y,N,N,2,9,Y,MON,NA,NA,NA,NA,NA,NA,NA,NA,NA,NA,NA,NA,NA,NA,NA,NA,NA,NA,NA,NA,NA,NA,NA,NA,NA,NA,NA,NA,NA,NA,NA,NA,NA,NA,NA,NA,NA,NA,NA,NA,NA,NA,NA,NA,NA,NA,NA,NA,NA,,,NA,NA,NA,NA,0,1,0,1,0,1,0,90,133088912,1330889121
13308942,AUS_13308942,NA,NA,2,1,3,16,3,21,1,1,4,11,1,3,N,4,NA,NA,4,97,97,,,0,0,1,0,0,1,0,N,N,N,N,N,N,N,4/17/2013,1:17 PM,227,22,N,N,NA,NA,19,,,1,615,W,MLK JR,BLVD,N,N,0,N,N,,N,19,,,NA,1900,,NUECES,ST,NA,,,,,,11,1,0,NA,1,1,16,1:17 PM,DISPATCH,1:25 PM,4/17/2013,Y,74,252,10,14,8,5,3,3,64,13,1,5,1,32,21,227,22,NA,NA,,,,NA,W MLK JR BLVD,,NA,NA,NA,NA,NA,,,,N/A,NA,NA,NA,NA,Y,N,N,3,9,N,WED,NA,NA,NA,NA,NA,NA,NA,NA,NA,NA,NA,NA,NA,NA,NA,NA,NA,NA,NA,NA,NA,NA,NA,NA,NA,NA,NA,NA,NA,NA,NA,NA,NA,NA,NA,NA,NA,NA,NA,NA,NA,NA,NA,NA,NA,NA,NA,NA,NA,,,NA,NA,NA,NA,0,0,1,2,0,1,0,NA,133089422,1330894221
13311028,AUS_13311028,30.26191487,-97.76150353,2,1,3,16,2,22,1,1,4,11,1,4,N,4,NA,NA,4,97,97,,,0,1,0,0,0,1,0,N,N,N,N,N,N,N,5/29/2013,10:33 PM,227,22,N,N,NA,NA,19,,,1,1600,,BARTON SPRINGS,RD,N,N,35,N,N,,N,19,,,NA,500,,KINNEY,AVE,NA,,,,,,11,4,0,NA,1,1,16,10:33 PM,DISPATCH,10:36 PM,5/29/2013,Y,74,22,105,112,8,5,3,1,64,14,1,5,1,32,21,227,22,30.26191487,-97.76150353,,,,NA,BARTON SPRINGS RD,,NA,NA,NA,NA,NA,,,,N/A,NA,NA,NA,NA,Y,N,N,2,9,Y,WED,NA,NA,NA,NA,NA,NA,NA,NA,NA,NA,NA,NA,NA,NA,NA,NA,NA,NA,NA,NA,NA,NA,NA,NA,NA,NA,NA,NA,NA,NA,NA,NA,NA,NA,NA,NA,NA,NA,NA,NA,NA,NA,NA,NA,NA,NA,NA,NA,NA,,,NA,NA,NA,NA,0,1,0,2,0,1,0,90,133110282,1331102821
13311222,AUS_13311222,30.30185,-97.73275,2,1,3,16,3,27,3,1,4,11,1,4,N,4,NA,NA,4,97,97,,,0,0,1,0,0,1,0,N,N,N,N,N,N,N,6/1/2013,7:22 PM,227,22,N,N,NA,NA,19,,,1,,W,39TH,ST,N,N,25,N,N,,Y,19,,,NA,,,SPEEDWAY,,NA,,,,,,11,1,4,NA,1,1,8,7:22 PM,CAD,7:24 PM,6/1/2013,Y,74,22,120,14,8,5,1,1,64,3,1,5,1,21,21,227,22,30.30185,-97.73275,,,,NA,W 39TH ST,100,NA,NA,NA,NA,NA,,,,SPEEDWAY,NA,NA,NA,NA,Y,N,N,3,9,Y,SAT,NA,NA,NA,NA,NA,NA,NA,NA,NA,NA,NA,NA,NA,NA,NA,NA,NA,NA,NA,NA,NA,NA,NA,NA,NA,NA,NA,NA,NA,NA,NA,NA,NA,NA,NA,NA,NA,NA,NA,NA,NA,NA,NA,NA,NA,NA,NA,NA,NA,,,NA,NA,NA,NA,0,0,1,1,0,1,0,90,133112222,1331122221
13314148,AUS_13314148,30.39900519,-97.70386305,1,1,3,16,2,36,1,1,4,11,1,4,N,4,NA,NA,4,97,97,,,0,1,0,0,0,1,0,N,N,N,N,N,N,N,6/1/2013,11:17 PM,227,22,N,N,NA,NA,19,,,1,12000,,METRIC,BLVD,N,N,0,N,N,,N,19,,,NA,,,SUNHILLOW,BLVD,NA,,,,,,11,4,2,NA,1,1,16,11:17 PM,DISPATCH,11:25 PM,6/2/2013,Y,74,NA,114,143,8,5,2,2,64,54,1,5,1,21,21,227,22,30.39900519,-97.70386305,,,,NA,METRIC BLVD,11898,NA,NA,NA,NA,NA,,,,SUNHILLOW BND,NA,NA,NA,NA,Y,N,N,2,9,Y,SAT,NA,NA,NA,NA,NA,NA,NA,NA,NA,NA,NA,NA,NA,NA,NA,NA,NA,NA,NA,NA,NA,NA,NA,NA,NA,NA,NA,NA,NA,NA,NA,NA,NA,NA,NA,NA,NA,NA,NA,NA,NA,NA,NA,NA,NA,NA,NA,NA,NA,,,NA,NA,NA,NA,0,1,0,0,1,1,0,90,133141481,1331414811
13314207,AUS_13314207,30.28858207,-97.75276763,2,1,3,16,3,25,2,1,4,11,1,4,N,4,NA,NA,4,97,97,,,0,0,1,0,0,1,0,N,N,N,N,N,N,N,6/2/2013,12:15 PM,227,22,N,N,NA,NA,19,,,1,,N,LAMAR,BLVD,N,N,35,N,N,,Y,19,,,NA,,W,24TH,ST,NA,,,,,,11,1,4,NA,1,1,15,9:21 AM,UNIT 2,9:34 AM,6/3/2013,Y,74,12,115,144,8,5,1,1,64,54,1,5,1,21,21,227,22,30.28858207,-97.75276763,,,,NA,N LAMAR BLVD,2404,NA,NA,NA,NA,NA,,,,UNKNOWN,NA,NA,NA,NA,Y,N,N,3,9,Y,SUN,NA,NA,NA,NA,NA,NA,NA,NA,NA,NA,NA,NA,NA,NA,NA,NA,NA,NA,NA,NA,NA,NA,NA,NA,NA,NA,NA,NA,NA,NA,NA,NA,NA,NA,NA,NA,NA,NA,NA,NA,NA,NA,NA,NA,NA,NA,NA,NA,NA,,,NA,NA,NA,NA,0,0,1,0,1,1,0,90,133142072,1331420721
13323424,AUS_13323424,30.25559,-97.71158,2,1,3,16,2,56,2,1,4,11,1,4,N,6,NA,NA,6,NA,99,,,0,1,0,0,0,1,0,N,N,N,N,N,N,N,6/11/2013,5:01 PM,227,22,N,N,NA,NA,19,,,1,,N,PLEASANT VALLEY,RD,N,N,30,N,N,,Y,19,,,NA,,E,4TH,ST,NA,,,,,,11,1,4,NA,1,1,8,5:01 PM,DISPATCH,5:03 PM,6/11/2013,Y,74,64,34,48,8,5,1,1,64,54,1,5,1,21,21,227,22,30.25559,-97.71158,,,,NA,N PLEASANT VALLEY RD,321,NA,NA,NA,NA,NA,,,,E 4TH ST,NA,NA,NA,NA,Y,N,N,2,9,Y,TUE,NA,NA,NA,NA,NA,NA,NA,NA,NA,NA,NA,NA,NA,NA,NA,NA,NA,NA,NA,NA,NA,NA,NA,NA,NA,NA,NA,NA,NA,NA,NA,NA,NA,NA,NA,NA,NA,NA,NA,NA,NA,NA,NA,NA,NA,NA,NA,NA,NA,,,NA,NA,NA,NA,0,1,0,1,0,1,0,90,133234242,1332342421