CrashID,CrashID1,Latitude,Longitude,Unit_Nbr,Prsn_Nbr,Prsn_Type_ID,Prsn_Occpnt_Pos_ID,Prsn_Injry_Sev_ID,Prsn_Age,Prsn_Ethnicity_ID,Prsn_Gndr_ID,Prsn_Ejct_ID,Prsn_Rest_ID,Prsn_Airbag_ID,Prsn_Helmet_ID,Prsn_Sol_Fl,Prsn_Alc_Spec_Type_ID,Prsn_Alc_Rslt_ID,Prsn_Bac_Test_Rslt,Prsn_Drg_Spec_Type_ID,Prsn_Drg_Rslt_ID,Drvr_Drg_Cat_1_ID,Prsn_Death_Date,Prsn_Death_Time,Incap_Injry_Cnt.x,Nonincap_Injry_Cnt.x,Poss_Injry_Cnt.x,Non_Injry_Cnt.x,Unkn_Injry_Cnt.x,Tot_Injry_Cnt.x,Death_Cnt.x,Crash_Fatal_Fl,Cmv_Involv_Fl,Schl_Bus_Fl,Rr_Relat_Fl,Medical_Advisory_Fl,Amend_Supp_Fl,Active_School_Zone_Fl,Crash_Date,Crash_Time,Rpt_CRIS_Cnty_ID,Rpt_City_ID,Rpt_Outside_City_Limit_Fl,Thousand_Damage_Fl,Rpt_Latitude,Rpt_Longitude,Rpt_Rdwy_Sys_ID,Rpt_Hwy_Num,Rpt_Hwy_Sfx,Rpt_Road_Part_ID,Rpt_Block_Num,Rpt_Street_Pfx,Rpt_Street_Name,Rpt_Street_Sfx,Private_Dr_Fl,Toll_Road_Fl,Crash_Speed_Limit,Road_Constr_Zone_Fl,Road_Constr_Zone_Wrkr_Fl,Rpt_Street_Desc,At_Intrsct_Fl,Rpt_Sec_Rdwy_Sys_ID,Rpt_Sec_Hwy_Num,Rpt_Sec_Hwy_Sfx,Rpt_Sec_Road_Part_ID,Rpt_Sec_Block_Num,Rpt_Sec_Street_Pfx,Rpt_Sec_Street_Name,Rpt_Sec_Street_Sfx,Rpt_Ref_Mark_Offset_Amt,Rpt_Ref_Mark_Dist_Uom,Rpt_Ref_Mark_Dir,Rpt_Ref_Mark_Nbr,Rpt_Sec_Street_Desc,Rpt_CrossingNumber,Wthr_Cond_ID,Light_Cond_ID,Entr_Road_ID,Road_Type_ID,Road_Algn_ID,Surf_Cond_ID,Traffic_Cntl_ID,Investigat_Notify_Time,Investigat_Notify_Meth,Investigat_Arrv_Time,Report_Date,Investigat_Comp_Fl,Investigat_Agency_ID,Investigat_Area_ID,Investigat_District_ID,Investigat_Region_ID,Bridge_Detail_ID,Harm_Evnt_ID,Intrsct_Relat_ID,FHE_Collsn_ID,Obj_Struck_ID,Othr_Factr_ID,Road_Part_Adj_ID,Road_Cls_ID,Road_Relat_ID,Phys_Featr_1_ID,Phys_Featr_2_ID,Cnty_ID,City_ID,Latitude,Longitude,Hwy_Sys,Hwy_Nbr,Hwy_Sfx,Dfo,Street_Name,Street_Nbr,Control,Section,Milepoint,Ref_Mark_Nbr,Ref_Mark_Displ,Hwy_Sys_2,Hwy_Nbr_2,Hwy_Sfx_2,Street_Name_2,Street_Nbr_2,Control_2,Section_2,Milepoint_2,Txdot_Rptable_Fl,Onsys_Fl,Rural_Fl,Crash_Sev_ID,Pop_Group_ID,Located_Fl,Day_of_Week,Hwy_Dsgn_Lane_ID,Hwy_Dsgn_Hrt_ID,Hp_Shldr_Left,Hp_Shldr_Right,Hp_Median_Width,Base_Type_ID,Nbr_Of_Lane,Row_Width_Usual,Roadbed_Width,Surf_Width,Surf_Type_ID,Curb_Type_Left_ID,Curb_Type_Right_ID,Shldr_Type_Left_ID,Shldr_Width_Left,Shldr_Use_Left_ID,Shldr_Type_Right_ID,Shldr_Width_Right,Shldr_Use_Right_ID,Median_Type_ID,Median_Width,Rural_Urban_Type_ID,Func_Sys_ID,Adt_Curnt_Amt,Adt_Curnt_Year,Adt_Adj_Curnt_Amt,Pct_Single_Trk_Adt,Pct_Combo_Trk_Adt,Trk_Aadt_Pct,Curve_Type_ID,Curve_Lngth,Cd_Degr,Delta_Left_Right_ID,Dd_Degr,Feature_Crossed,Structure_Number,I_R_Min_Vert_Clear,Approach_Width,Bridge_Median_ID,Bridge_Loading_Type_ID,Bridge_Loading_In_1000_Lbs,Bridge_Srvc_Type_On_ID,Bridge_Srvc_Type_Under_ID,Culvert_Type_ID,Roadway_Width,Deck_Width,Bridge_Dir_Of_Traffic_ID,Bridge_Rte_Struct_Func_ID,Bridge_IR_Struct_Func_ID,CrossingNumber,RRCo,Poscrossing_ID,WDCode_ID,Standstop,Yield,Incap_Injry_Cnt.y,Nonincap_Injry_Cnt.y,Poss_Injry_Cnt.y,Non_Injry_Cnt.y,Unkn_Injry_Cnt.y,Tot_Injry_Cnt.y,Death_Cnt.y,MPO_ID,Unit_ID,Unit_Prsn_ID
12892492,AUS_12892492,30.30887032,-97.74077475,2,1,3,16,3,55,2,1,4,11,1,4,N,4,NA,NA,4,97,97,,,0,0,1,0,0,1,0,N,N,N,N,N,N,N,9/12/2012,10:18 PM,227,22,N,N,NA,NA,19,,,1,4106,N,LAMAR,BLVD,N,N,40,N,N,,N,19,,,NA,,W,38TH,ST,NA,,,,,,11,4,0,NA,1,1,20,10:18 PM,DISPATCH,10:23 PM,9/12/2012,Y,74,NA,120,14,8,5,4,1,64,9,1,2,1,21,21,227,22,30.30887032,-97.74077475,,,,NA,N LAMAR BLVD,4093,NA,NA,NA,NA,NA,,,,N/A,NA,NA,NA,NA,Y,N,N,3,9,Y,WED,NA,NA,NA,NA,NA,NA,NA,NA,NA,NA,NA,NA,NA,NA,NA,NA,NA,NA,NA,NA,NA,NA,NA,NA,NA,NA,NA,NA,NA,NA,NA,NA,NA,NA,NA,NA,NA,NA,NA,NA,NA,NA,NA,NA,NA,NA,NA,NA,NA,,,NA,NA,NA,NA,0,0,1,1,0,1,0,90,128924922,1289249221
12903447,AUS_12903447,30.16027805,-97.74482412,2,1,3,16,1,50,2,1,4,11,1,4,N,4,NA,NA,4,97,97,,,1,0,0,0,0,1,0,N,N,N,N,N,N,N,9/14/2012,8:08 AM,227,22,N,N,NA,NA,19,,,1,7900,,SALT SPRINGS,,N,N,35,N,N,,Y,19,,,NA,,,RINGSBY,ST,NA,,,,,,2,1,2,NA,1,2,8,8:08 AM,DISPATCHED,8:20 AM,9/14/2012,Y,74,NA,169,130,8,5,1,1,64,54,1,5,1,21,21,227,22,30.16027805,-97.74482412,,,,NA,SALT SPRINGS DR,8010,NA,NA,NA,NA,NA,,,,UNKNOWN,NA,NA,NA,NA,Y,N,N,1,9,Y,FRI,NA,NA,NA,NA,NA,NA,NA,NA,NA,NA,NA,NA,NA,NA,NA,NA,NA,NA,NA,NA,NA,NA,NA,NA,NA,NA,NA,NA,NA,NA,NA,NA,NA,NA,NA,NA,NA,NA,NA,NA,NA,NA,NA,NA,NA,NA,NA,NA,NA,,,NA,NA,NA,NA,1,0,0,1,0,1,0,90,129034472,1290344721
12903489,AUS_12903489,30.32470009,-97.72712765,2,1,3,16,2,78,1,1,4,11,2,5,N,4,NA,NA,4,97,97,,,0,1,0,0,0,1,0,N,N,N,N,N,N,N,9/14/2012,1:54 PM,227,22,N,N,NA,NA,19,,,1,5602,N,LAMAR,BLVD,N,N,0,N,N,,N,19,,,NA,,,KOENIG,LN,NA,,,,,,12,1,0,NA,1,2,1,1:54 PM,DISPATCHED,1:54 PM,9/14/2012,Y,74,1,131,38,8,5,3,3,64,14,1,2,1,1,21,227,22,30.32470009,-97.72712765,,,,NA,N LAMAR BLVD,5615,NA,NA,NA,NA,NA,,,,N/A,NA,NA,NA,NA,Y,N,N,2,9,Y,FRI,NA,NA,NA,NA,NA,NA,NA,NA,NA,NA,NA,NA,NA,NA,NA,NA,NA,NA,NA,NA,NA,NA,NA,NA,NA,NA,NA,NA,NA,NA,NA,NA,NA,NA,NA,NA,NA,NA,NA,NA,NA,NA,NA,NA,NA,NA,NA,NA,NA,,,NA,NA,NA,NA,0,1,0,1,0,1,0,90,129034892,1290348921
12903634,AUS_12903634,30.2639031,-97.73535145,1,1,3,16,2,29,1,1,4,11,1,4,N,4,NA,NA,4,97,97,,,0,1,0,0,0,1,0,N,N,N,Y,N,N,N,9/17/2012,10:30 PM,227,22,N,Y,NA,NA,1,35,,2,,N,SB SVC RD,,N,N,30,N,N,,Y,19,,,NA,,E,4TH,ST,NA,,,,,,11,3,0,2,1,1,15,10:31 PM,DISPATCH,10:32 PM,9/18/2012,Y,74,NA,115,144,8,5,1,1,64,54,2,1,1,17,21,227,22,30.2639031,-97.73535145,IH,35,,233.722,IH0035,NA,15,13,17.588,235,-0.454,,,,E 4TH ST,NA,NA,NA,NA,Y,Y,N,2,9,Y,MON,5,0,2,5,7,2,6,300,86,72,4,0,0,2,4,5,2,10,5,2,3,4,11,169360,2012,169360,2.6,7.1,9.7,NA,NA,NA,NA,NA,NA,NA,NA,NA,NA,NA,NA,NA,NA,NA,NA,NA,NA,NA,NA,,,NA,NA,NA,NA,0,1,0,1,0,1,0,90,129036341,1290363411
12910597,AUS_12910597,30.24801236,-97.7504309,1,1,3,16,2,23,1,1,4,11,1,4,N,4,NA,NA,4,97,97,,,0,1,0,0,0,1,0,N,N,N,N,N,N,N,8/25/2012,6:24 PM,227,22,N,N,NA,NA,19,,,1,100,W,MONROE,ST,N,N,0,N,N,,N,19,,,NA,,,SOUTH CONGRESS,AVE,NA,,,,,,11,1,0,NA,8,1,1,6:24 PM,DISPATCH,6:45 PM,8/25/2012,Y,74,NA,105,112,8,5,4,1,64,54,1,5,1,21,21,227,22,30.24801236,-97.7504309,,,,NA,W MONROE ST,113,NA,NA,NA,NA,NA,,,,N/A,NA,NA,NA,NA,Y,N,N,2,9,Y,SAT,NA,NA,NA,NA,NA,NA,NA,NA,NA,NA,NA,NA,NA,NA,NA,NA,NA,NA,NA,NA,NA,NA,NA,NA,NA,NA,NA,NA,NA,NA,NA,NA,NA,NA,NA,NA,NA,NA,NA,NA,NA,NA,NA,NA,NA,NA,NA,NA,NA,,,NA,NA,NA,NA,0,1,0,1,0,1,0,90,129105971,1291059711
12910598,AUS_12910598,30.2813579,-97.741673,2,1,3,16,2,25,5,1,4,11,1,4,N,4,NA,NA,4,97,97,,,0,1,0,0,0,1,0,N,N,N,N,N,N,N,8/23/2012,3:10 PM,227,22,N,N,NA,NA,19,,,1,2000,,GUADALUPE,ST,N,N,0,N,N,,N,19,,,NA,,,MARTIN LUTHER KING,ST,NA,,,,,,11,1,0,NA,8,1,1,3:10 PM,DISPATCH,3:15 PM,8/23/2012,Y,74,17,120,14,8,5,3,3,64,13,1,5,1,32,21,227,22,30.2813579,-97.741673,,,,NA,GUADALUPE ST,1845,NA,NA,NA,NA,NA,,,,N/A,NA,NA,NA,NA,Y,N,N,2,9,Y,THU,NA,NA,NA,NA,NA,NA,NA,NA,NA,NA,NA,NA,NA,NA,NA,NA,NA,NA,NA,NA,NA,NA,NA,NA,NA,NA,NA,NA,NA,NA,NA,NA,NA,NA,NA,NA,NA,NA,NA,NA,NA,NA,NA,NA,NA,NA,NA,NA,NA,,,NA,NA,NA,NA,0,1,0,2,0,1,0,90,129105982,1291059821
12913791,AUS_12913791,30.23357,-97.72379,2,1,3,16,2,NA,1,1,4,11,1,4,N,4,NA,NA,4,97,97,,,0,1,0,0,0,1,0,N,N,N,N,N,N,N,9/20/2012,9:11 PM,227,22,N,N,NA,NA,19,,,1,2000,S,PLEASANT VALLEY,RD,N,N,35,N,N,,Y,19,,,NA,4300,E,RIVERSIDE,DR,NA,,,,,,11,4,4,NA,2,1,5,9:11 PM,DISPATCHED,9:12 PM,9/20/2012,Y,74,NA,NA,222,8,5,1,3,64,54,1,5,1,21,21,227,22,30.23357,-97.72379,,,,NA,S PLEASANT VALLEY RD,NA,NA,NA,NA,NA,NA,,,,E RIVERSIDE DR,NA,NA,NA,NA,Y,N,N,2,9,Y,THU,NA,NA,NA,NA,NA,NA,NA,NA,NA,NA,NA,NA,NA,NA,NA,NA,NA,NA,NA,NA,NA,NA,NA,NA,NA,NA,NA,NA,NA,NA,NA,NA,NA,NA,NA,NA,NA,NA,NA,NA,NA,NA,NA,NA,NA,NA,NA,NA,NA,,,NA,NA,NA,NA,0,1,0,1,0,1,0,90,129137912,1291379121
12913798,AUS_12913798,30.32592761,-97.72633641,2,1,3,16,2,55,1,1,4,11,1,5,N,4,NA,NA,4,97,97,,,0,1,0,0,0,1,0,N,N,N,N,N,N,N,9/20/2012,5:46 PM,227,22,N,N,NA,NA,19,,,1,,,LAMAR,BLVD,N,N,40,N,N,,Y,19,,,NA,,W,KOENIG,LN,NA,,,,,,11,1,4,3,1,1,5,5:04 PM,911,5:10 PM,9/20/2012,Y,74,NA,75,95,8,5,2,3,64,54,1,3,1,21,21,227,22,30.32592761,-97.72633641,RM,2222,,10.772,RM2222,NA,2100,1,10.891,536,0.849,SL,1,,SL0001,NA,NA,NA,NA,Y,Y,N,2,9,Y,THU,2,0,0,0,0,2,4,70,44,44,4,2,2,1,0,0,1,0,0,0,0,4,14,28000,2012,28000,0.9,0.3,1.2,1,120,0,NA,0,NA,NA,NA,NA,NA,NA,NA,NA,NA,NA,NA,NA,NA,NA,NA,,,NA,NA,NA,NA,0,1,0,1,0,1,0,90,129137982,1291379821
12913806,AUS_12913806,30.39728542,-97.7499585,2,1,3,16,2,29,3,1,4,11,1,4,N,4,NA,NA,4,97,97,,,0,1,0,0,0,1,0,N,N,N,N,N,N,N,9/19/2012,2:32 PM,227,22,N,Y,NA,NA,19,,,1,10300,,JOLLYVILLE,RD,N,N,35,N,N,,N,19,,,NA,,W,BRAKER,LN,NA,,,,,,11,1,98,NA,1,1,16,7:37 PM,DISPATCH,7:40 PM,9/19/2012,N,74,22,46,64,8,5,3,2,64,13,1,5,1,1,21,227,22,30.39728542,-97.7499585,,,,NA,JOLLYVILLE RD,10232,NA,NA,NA,NA,NA,,,,N/A,NA,NA,NA,NA,Y,N,N,2,9,Y,WED,NA,NA,NA,NA,NA,NA,NA,NA,NA,NA,NA,NA,NA,NA,NA,NA,NA,NA,NA,NA,NA,NA,NA,NA,NA,NA,NA,NA,NA,NA,NA,NA,NA,NA,NA,NA,NA,NA,NA,NA,NA,NA,NA,NA,NA,NA,NA,NA,NA,,,NA,NA,NA,NA,0,1,0,0,1,1,0,90,129138062,1291380621
12913808,AUS_12913808,30.42337,-97.68125,2,1,3,16,2,25,1,1,4,11,1,4,N,4,NA,NA,4,97,97,,,0,1,0,0,0,1,0,N,N,N,N,N,N,N,9/19/2012,6:00 PM,227,22,N,N,NA,NA,19,,,1,12300,,LAMPLIGHT VILLAGE,,N,N,45,N,N,,Y,19,,,NA,,,METRIC,BLVD,NA,,,,,,11,1,3,NA,1,1,5,6:00 PM,DISPATCH,6:03 PM,9/19/2012,Y,74,12,46,64,8,5,1,2,64,54,1,5,1,21,21,227,22,30.42337,-97.68125,,,,NA,LYNNVILLE TRL,NA,NA,NA,NA,NA,NA,,,,METRIC BLVD,NA,NA,NA,NA,Y,N,N,2,9,Y,WED,NA,NA,NA,NA,NA,NA,NA,NA,NA,NA,NA,NA,NA,NA,NA,NA,NA,NA,NA,NA,NA,NA,NA,NA,NA,NA,NA,NA,NA,NA,NA,NA,NA,NA,NA,NA,NA,NA,NA,NA,NA,NA,NA,NA,NA,NA,NA,NA,NA,,,NA,NA,NA,NA,0,1,0,1,0,1,0,90,129138082,1291380821
12921576,AUS_12921576,30.27197991,-97.75513775,2,1,3,16,2,27,1,1,4,11,1,4,N,4,NA,NA,4,97,97,,,0,1,0,0,0,1,0,N,N,N,N,N,N,N,6/16/2012,2:21 AM,227,22,N,Y,30.27198,-97.75482,19,,,1,1000,W,6TH,ST,N,N,30,N,N,,N,19,,,NA,,,BAYLOR,ST,NA,,,,,,11,4,0,NA,1,1,20,2:21 AM,DISPATCH,2:25 AM,6/16/2012,Y,74,252,10,14,8,5,4,1,64,54,1,5,1,21,21,227,22,30.27197991,-97.75513775,,,,NA,W 6TH ST,1102,NA,NA,NA,NA,NA,,,,N/A,NA,NA,NA,NA,Y,N,N,2,9,Y,SAT,NA,NA,NA,NA,NA,NA,NA,NA,NA,NA,NA,NA,NA,NA,NA,NA,NA,NA,NA,NA,NA,NA,NA,NA,NA,NA,NA,NA,NA,NA,NA,NA,NA,NA,NA,NA,NA,NA,NA,NA,NA,NA,NA,NA,NA,NA,NA,NA,NA,,,NA,NA,NA,NA,0,4,0,0,1,4,0,90,129215762,1292157621
12925886,AUS_12925886,30.43299267,-97.7738523,1,1,3,16,3,53,1,2,4,11,1,5,N,4,NA,NA,4,97,97,,,0,0,1,0,0,1,0,N,N,N,N,N,N,N,10/2/2012,9:53 AM,246,22,N,Y,NA,NA,19,,,7,8600,,SPICEWOOD SPRINGS,RD,N,N,40,N,N,,N,19,,,NA,8000,,PARLIAMENT,PL,NA,,,,,,11,1,0,NA,1,1,11,9:53 AM,DISPATCHED,9:59 AM,10/2/2012,Y,74,1,46,64,8,5,3,1,64,14,1,5,1,1,21,246,22,30.43299267,-97.7738523,,,,NA,SPICEWOOD SPRINGS RD,NA,NA,NA,NA,NA,NA,,,,N/A,NA,NA,NA,NA,Y,N,N,3,9,Y,TUE,NA,NA,NA,NA,NA,NA,NA,NA,NA,NA,NA,NA,NA,NA,NA,NA,NA,NA,NA,NA,NA,NA,NA,NA,NA,NA,NA,NA,NA,NA,NA,NA,NA,NA,NA,NA,NA,NA,NA,NA,NA,NA,NA,NA,NA,NA,NA,NA,NA,,,NA,NA,NA,NA,0,0,1,1,0,1,0,90,129258861,1292588611
12925954,AUS_12925954,30.26903,-97.74983,2,1,3,16,2,39,1,1,4,11,1,4,N,4,NA,NA,4,97,97,,,0,1,0,0,0,1,0,N,N,N,N,N,N,N,10/3/2012,4:49 PM,227,22,N,N,NA,NA,19,,,1,,,RIO GRANDE,ST,N,N,30,Y,N,,Y,19,,,NA,,W,5TH,ST,NA,,,,,,11,1,4,NA,1,1,8,4:49 PM,DISPATCH,5:00 PM,10/3/2012,Y,74,NA,115,144,8,5,1,1,64,49,1,5,1,21,21,227,22,30.26903,-97.74983,,,,NA,RIO GRANDE ST,499,NA,NA,NA,NA,NA,,,,W 5TH ST,NA,NA,NA,NA,Y,N,N,2,9,Y,WED,NA,NA,NA,NA,NA,NA,NA,NA,NA,NA,NA,NA,NA,NA,NA,NA,NA,NA,NA,NA,NA,NA,NA,NA,NA,NA,NA,NA,NA,NA,NA,NA,NA,NA,NA,NA,NA,NA,NA,NA,NA,NA,NA,NA,NA,NA,NA,NA,NA,,,NA,NA,NA,NA,0,1,0,1,0,1,0,90,129259542,1292595421
12926083,AUS_12926083,30.26523,-97.74004,1,1,3,16,3,22,4,2,4,11,1,2,N,4,NA,NA,4,97,97,,,0,0,1,0,0,1,0,N,N,N,N,N,N,N,9/21/2012,6:44 PM,227,22,N,N,NA,NA,19,,,1,,,TRINITY,ST,N,N,30,N,N,,Y,19,,,NA,,E,4TH,ST,NA,,,,,,11,1,4,NA,1,1,8,6:44 PM,DISPATCH,6:43 PM,9/21/2012,Y,74,NA,NA,NA,8,5,1,1,64,54,1,5,1,21,21,227,22,30.26523,-97.74004,,,,NA,TRINITY ST,399,NA,NA,NA,NA,NA,,,,E 4TH ST,NA,NA,NA,NA,Y,N,N,3,9,Y,FRI,NA,NA,NA,NA,NA,NA,NA,NA,NA,NA,NA,NA,NA,NA,NA,NA,NA,NA,NA,NA,NA,NA,NA,NA,NA,NA,NA,NA,NA,NA,NA,NA,NA,NA,NA,NA,NA,NA,NA,NA,NA,NA,NA,NA,NA,NA,NA,NA,NA,,,NA,NA,NA,NA,0,0,1,1,0,1,0,90,129260831,1292608311
12926124,AUS_12926124,30.29581001,-97.7233,2,1,3,16,2,17,1,1,4,11,1,2,N,4,NA,NA,4,97,97,,,0,1,0,0,0,1,0,N,N,N,N,N,N,N,9/28/2012,5:17 PM,227,22,N,N,NA,NA,19,,,1,3800,,RED RIVER,ST,N,N,30,N,N,,N,19,,,NA,800,E,38 12,ST,NA,,,,,,12,1,4,NA,1,1,1,5:17 PM,DISPATCH,5:27 PM,9/28/2012,Y,74,NA,NA,125,8,5,4,1,64,7,1,5,1,21,21,227,22,30.29581001,-97.7233,,,,NA,RED RIVER ST,3800,NA,NA,NA,NA,NA,,,,N/A,NA,NA,NA,NA,Y,N,N,2,9,Y,FRI,NA,NA,NA,NA,NA,NA,NA,NA,NA,NA,NA,NA,NA,NA,NA,NA,NA,NA,NA,NA,NA,NA,NA,NA,NA,NA,NA,NA,NA,NA,NA,NA,NA,NA,NA,NA,NA,NA,NA,NA,NA,NA,NA,NA,NA,NA,NA,NA,NA,,,NA,NA,NA,NA,0,1,0,1,0,1,0,90,129261242,1292612421
12934879,AUS_12934879,30.27635,-97.70363,2,1,3,16,2,33,3,1,4,11,1,4,N,4,NA,NA,4,97,97,,,0,1,0,0,0,1,0,N,N,N,N,N,N,N,8/4/2012,6:06 PM,227,22,N,Y,NA,NA,19,,,1,3000,E,12TH,ST,N,N,35,N,N,,Y,19,,,NA,1100,,OAK GROVE,AVE,NA,,,,,,11,1,2,NA,1,1,8,6:07 PM,DISPATCH,6:11 PM,8/4/2012,Y,74,NA,NA,96,8,5,1,1,64,54,1,5,1,21,21,227,22,30.27635,-97.70363,,,,NA,E 12TH ST,3001,NA,NA,NA,NA,NA,,,,OAK GROVE AVE,NA,NA,NA,NA,Y,N,N,2,9,Y,SAT,NA,NA,NA,NA,NA,NA,NA,NA,NA,NA,NA,NA,NA,NA,NA,NA,NA,NA,NA,NA,NA,NA,NA,NA,NA,NA,NA,NA,NA,NA,NA,NA,NA,NA,NA,NA,NA,NA,NA,NA,NA,NA,NA,NA,NA,NA,NA,NA,NA,,,NA,NA,NA,NA,0,1,0,0,3,1,0,90,129348792,1293487921
12938837,AUS_12938837,30.269,-97.74247,2,1,3,16,2,20,1,1,4,11,1,4,N,4,NA,NA,4,97,97,,,0,1,0,0,0,1,0,N,N,N,N,N,N,N,10/11/2012,7:50 PM,227,22,N,N,NA,NA,19,,,1,,,CONGRESS,AVE,N,N,25,N,N,,Y,19,,,NA,,E,7TH,ST,NA,,,,,,11,4,0,NA,1,1,5,7:56 PM,DISPATCH,7:58 PM,10/11/2012,Y,74,22,131,411,8,5,1,3,64,54,1,5,1,21,21,227,22,30.269,-97.74247,,,,NA,CONGRESS AVE,701,NA,NA,NA,NA,NA,,,,W 7TH ST,NA,NA,NA,NA,Y,N,N,2,9,Y,THU,NA,NA,NA,NA,NA,NA,NA,NA,NA,NA,NA,NA,NA,NA,NA,NA,NA,NA,NA,NA,NA,NA,NA,NA,NA,NA,NA,NA,NA,NA,NA,NA,NA,NA,NA,NA,NA,NA,NA,NA,NA,NA,NA,NA,NA,NA,NA,NA,NA,,,NA,NA,NA,NA,0,1,0,1,0,1,0,90,129388372,1293883721
12938870,AUS_12938870,30.24719478,-97.75597768,2,1,3,16,1,37,2,2,4,11,1,4,N,4,NA,NA,4,97,97,,,1,0,0,0,0,1,0,N,N,N,N,N,N,N,10/14/2012,9:31 PM,227,22,N,N,NA,NA,19,,,1,1816,S,1ST,ST,N,N,35,N,N,,N,19,,,NA,600,W,MARY,ST,NA,,,,,,11,4,0,NA,1,1,1,9:31 PM,DISPATCHED,9:32 PM,10/14/2012,Y,74,NA,105,112,8,5,4,1,64,54,1,5,1,21,21,227,22,30.24719478,-97.75597768,,,,NA,S 1ST ST,1830,NA,NA,NA,NA,NA,,,,N/A,NA,NA,NA,NA,Y,N,N,1,9,Y,SUN,NA,NA,NA,NA,NA,NA,NA,NA,NA,NA,NA,NA,NA,NA,NA,NA,NA,NA,NA,NA,NA,NA,NA,NA,NA,NA,NA,NA,NA,NA,NA,NA,NA,NA,NA,NA,NA,NA,NA,NA,NA,NA,NA,NA,NA,NA,NA,NA,NA,,,NA,NA,NA,NA,1,0,0,1,0,1,0,90,129388702,1293887021
12938917,AUS_12938917,30.21655804,-97.84514825,1,1,3,16,2,27,1,1,4,11,1,4,N,4,NA,NA,4,97,97,,,0,1,0,0,0,1,0,N,N,N,N,N,N,N,10/6/2012,3:30 PM,227,22,N,Y,NA,NA,19,,,1,,,BRODIE,LN,N,N,40,N,N,,Y,19,,,NA,,,CONVIET HILL,RD,NA,,,,,,11,1,0,2,1,1,5,4:07 PM,DISPATCHER,4:16 PM,10/6/2012,Y,74,NA,NA,195,8,5,1,1,64,54,1,2,1,21,21,227,22,30.21655804,-97.84514825,SL,1,,21.484,SL0001,4576,3136,1,21.74,446,0.066,US,290,,US0290,NA,NA,NA,NA,Y,Y,N,2,9,Y,SAT,5,0,10,10,56,2,6,300,112,72,4,0,0,2,20,5,2,20,5,3,36,4,12,63260,2012,63260,2,0.4,2.4,NA,NA,NA,NA,NA,NA,NA,NA,NA,NA,NA,NA,NA,NA,NA,NA,NA,NA,NA,NA,,,NA,NA,NA,NA,0,1,0,1,0,1,0,90,129389171,1293891711
12939006,AUS_12939006,30.37673292,-97.77969863,2,1,3,16,1,25,1,2,4,11,2,2,N,4,NA,NA,4,97,97,,,1,0,0,0,0,1,0,N,N,N,N,N,N,N,10/6/2012,11:10 AM,227,22,N,N,NA,NA,19,,,1,7700,N,CAPITAL OF TX SB,HWY,N,N,55,N,N,,N,19,,,NA,7200,,LAKEWOOD,DR,NA,,,,,,12,1,0,2,1,1,20,11:10 AM,DISPATCHED,11:20 AM,10/6/2012,Y,74,22,46,64,8,5,3,2,64,13,1,2,1,32,21,227,22,30.37673292,-97.77969863,SL,360,,2.394,SL0360,NA,113,13,13.555,434,0.489,,,,N/A,NA,NA,NA,NA,Y,Y,N,1,9,Y,SAT,3,0,4,10,56,2,4,291,76,48,4,0,0,2,8,5,2,20,5,3,48,4,14,45000,2012,45000,2.9,0.4,3.3,NA,NA,NA,NA,NA,NA,NA,NA,NA,NA,NA,NA,NA,NA,NA,NA,NA,NA,NA,NA,,,NA,NA,NA,NA,1,0,0,1,0,1,0,90,129390062,1293900621
12939023,AUS_12939023,30.23231,-97.7204,2,1,3,16,2,35,2,1,4,11,1,4,N,4,NA,NA,4,97,97,,,0,1,0,0,0,1,0,N,N,N,N,N,N,N,10/8/2012,1:25 PM,227,22,N,Y,NA,NA,19,,,1,1900,,WICKERSHOM,LN,N,N,30,N,N,,Y,19,,,NA,4500,E,RIVERSIDE,DR,NA,,,,,,11,1,4,NA,1,1,15,1:25 PM,DISPATCHED,1:28 PM,10/8/2012,Y,74,12,98,129,8,5,2,2,64,54,1,5,1,21,21,227,22,30.23231,-97.7204,,,,NA,WICKERSHAM LN,2001,NA,NA,NA,NA,NA,,,,E RIVERSIDE DR,NA,NA,NA,NA,Y,N,N,2,9,Y,MON,NA,NA,NA,NA,NA,NA,NA,NA,NA,NA,NA,NA,NA,NA,NA,NA,NA,NA,NA,NA,NA,NA,NA,NA,NA,NA,NA,NA,NA,NA,NA,NA,NA,NA,NA,NA,NA,NA,NA,NA,NA,NA,NA,NA,NA,NA,NA,NA,NA,,,NA,NA,NA,NA,0,1,0,1,0,1,0,90,129390232,1293902321