CrashID,CrashID1,Latitude,Longitude,Unit_Nbr,Prsn_Nbr,Prsn_Type_ID,Prsn_Occpnt_Pos_ID,Prsn_Injry_Sev_ID,Prsn_Age,Prsn_Ethnicity_ID,Prsn_Gndr_ID,Prsn_Ejct_ID,Prsn_Rest_ID,Prsn_Airbag_ID,Prsn_Helmet_ID,Prsn_Sol_Fl,Prsn_Alc_Spec_Type_ID,Prsn_Alc_Rslt_ID,Prsn_Bac_Test_Rslt,Prsn_Drg_Spec_Type_ID,Prsn_Drg_Rslt_ID,Drvr_Drg_Cat_1_ID,Prsn_Death_Date,Prsn_Death_Time,Incap_Injry_Cnt.x,Nonincap_Injry_Cnt.x,Poss_Injry_Cnt.x,Non_Injry_Cnt.x,Unkn_Injry_Cnt.x,Tot_Injry_Cnt.x,Death_Cnt.x,Crash_Fatal_Fl,Cmv_Involv_Fl,Schl_Bus_Fl,Rr_Relat_Fl,Medical_Advisory_Fl,Amend_Supp_Fl,Active_School_Zone_Fl,Crash_Date,Crash_Time,Rpt_CRIS_Cnty_ID,Rpt_City_ID,Rpt_Outside_City_Limit_Fl,Thousand_Damage_Fl,Rpt_Latitude,Rpt_Longitude,Rpt_Rdwy_Sys_ID,Rpt_Hwy_Num,Rpt_Hwy_Sfx,Rpt_Road_Part_ID,Rpt_Block_Num,Rpt_Street_Pfx,Rpt_Street_Name,Rpt_Street_Sfx,Private_Dr_Fl,Toll_Road_Fl,Crash_Speed_Limit,Road_Constr_Zone_Fl,Road_Constr_Zone_Wrkr_Fl,Rpt_Street_Desc,At_Intrsct_Fl,Rpt_Sec_Rdwy_Sys_ID,Rpt_Sec_Hwy_Num,Rpt_Sec_Hwy_Sfx,Rpt_Sec_Road_Part_ID,Rpt_Sec_Block_Num,Rpt_Sec_Street_Pfx,Rpt_Sec_Street_Name,Rpt_Sec_Street_Sfx,Rpt_Ref_Mark_Offset_Amt,Rpt_Ref_Mark_Dist_Uom,Rpt_Ref_Mark_Dir,Rpt_Ref_Mark_Nbr,Rpt_Sec_Street_Desc,Rpt_CrossingNumber,Wthr_Cond_ID,Light_Cond_ID,Entr_Road_ID,Road_Type_ID,Road_Algn_ID,Surf_Cond_ID,Traffic_Cntl_ID,Investigat_Notify_Time,Investigat_Notify_Meth,Investigat_Arrv_Time,Report_Date,Investigat_Comp_Fl,Investigat_Agency_ID,Investigat_Area_ID,Investigat_District_ID,Investigat_Region_ID,Bridge_Detail_ID,Harm_Evnt_ID,Intrsct_Relat_ID,FHE_Collsn_ID,Obj_Struck_ID,Othr_Factr_ID,Road_Part_Adj_ID,Road_Cls_ID,Road_Relat_ID,Phys_Featr_1_ID,Phys_Featr_2_ID,Cnty_ID,City_ID,Latitude,Longitude,Hwy_Sys,Hwy_Nbr,Hwy_Sfx,Dfo,Street_Name,Street_Nbr,Control,Section,Milepoint,Ref_Mark_Nbr,Ref_Mark_Displ,Hwy_Sys_2,Hwy_Nbr_2,Hwy_Sfx_2,Street_Name_2,Street_Nbr_2,Control_2,Section_2,Milepoint_2,Txdot_Rptable_Fl,Onsys_Fl,Rural_Fl,Crash_Sev_ID,Pop_Group_ID,Located_Fl,Day_of_Week,Hwy_Dsgn_Lane_ID,Hwy_Dsgn_Hrt_ID,Hp_Shldr_Left,Hp_Shldr_Right,Hp_Median_Width,Base_Type_ID,Nbr_Of_Lane,Row_Width_Usual,Roadbed_Width,Surf_Width,Surf_Type_ID,Curb_Type_Left_ID,Curb_Type_Right_ID,Shldr_Type_Left_ID,Shldr_Width_Left,Shldr_Use_Left_ID,Shldr_Type_Right_ID,Shldr_Width_Right,Shldr_Use_Right_ID,Median_Type_ID,Median_Width,Rural_Urban_Type_ID,Func_Sys_ID,Adt_Curnt_Amt,Adt_Curnt_Year,Adt_Adj_Curnt_Amt,Pct_Single_Trk_Adt,Pct_Combo_Trk_Adt,Trk_Aadt_Pct,Curve_Type_ID,Curve_Lngth,Cd_Degr,Delta_Left_Right_ID,Dd_Degr,Feature_Crossed,Structure_Number,I_R_Min_Vert_Clear,Approach_Width,Bridge_Median_ID,Bridge_Loading_Type_ID,Bridge_Loading_In_1000_Lbs,Bridge_Srvc_Type_On_ID,Bridge_Srvc_Type_Under_ID,Culvert_Type_ID,Roadway_Width,Deck_Width,Bridge_Dir_Of_Traffic_ID,Bridge_Rte_Struct_Func_ID,Bridge_IR_Struct_Func_ID,CrossingNumber,RRCo,Poscrossing_ID,WDCode_ID,Standstop,Yield,Incap_Injry_Cnt.y,Nonincap_Injry_Cnt.y,Poss_Injry_Cnt.y,Non_Injry_Cnt.y,Unkn_Injry_Cnt.y,Tot_Injry_Cnt.y,Death_Cnt.y,MPO_ID,Unit_ID,Unit_Prsn_ID
12939038,AUS_12939038,30.29310573,-97.73601096,2,1,3,16,2,26,1,1,4,11,1,4,N,4,NA,NA,4,97,97,,,0,1,0,0,0,1,0,N,N,N,N,N,N,N,10/9/2012,3:36 PM,227,22,N,N,NA,NA,19,,,1,2900,,SAN JACINTO,BLVD,N,N,30,N,N,,N,19,,,NA,,E,30TH,ST,NA,,,,,,11,1,0,NA,5,1,1,3:36 PM,DISPATCH,3:50 PM,10/9/2012,Y,74,NA,120,14,8,5,4,1,64,54,1,5,1,21,21,227,22,30.29310573,-97.73601096,,,,NA,SAN JACINTO BLVD,NA,NA,NA,NA,NA,NA,,,,N/A,NA,NA,NA,NA,Y,N,N,2,9,Y,TUE,NA,NA,NA,NA,NA,NA,NA,NA,NA,NA,NA,NA,NA,NA,NA,NA,NA,NA,NA,NA,NA,NA,NA,NA,NA,NA,NA,NA,NA,NA,NA,NA,NA,NA,NA,NA,NA,NA,NA,NA,NA,NA,NA,NA,NA,NA,NA,NA,NA,,,NA,NA,NA,NA,0,1,0,1,0,1,0,90,129390382,1293903821
12939079,AUS_12939079,30.41136114,-97.68669127,2,1,3,16,2,30,1,1,4,11,1,4,N,4,NA,NA,4,97,97,,,0,1,0,0,0,1,0,N,N,N,N,N,N,N,10/5/2012,9:54 AM,227,22,N,Y,NA,NA,19,,,1,1600,W,PARMER,LN,N,N,50,N,N,,Y,19,,,NA,12500,,SCOFIELD FARMS,DR,NA,,,,,,11,1,4,2,1,1,16,9:54 AM,DISPATCH,9:54 AM,12/5/2012,Y,74,1,114,143,8,5,1,2,64,54,1,3,1,21,21,227,22,30.41136114,-97.68669127,FM,734,,11.048,FM0734,1601,3417,2,11.5,426,-0.47,,,,SCOFIELD FARMS DR,NA,NA,NA,NA,Y,Y,N,2,9,Y,FRI,3,0,4,10,44,2,6,300,100,72,4,0,0,2,8,5,2,20,5,3,36,4,14,37000,2012,37000,1.7,1.5,3.2,NA,NA,NA,NA,NA,NA,NA,NA,NA,NA,NA,NA,NA,NA,NA,NA,NA,NA,NA,NA,,,NA,NA,NA,NA,0,1,0,1,0,1,0,90,129390792,1293907921
12950004,AUS_12950004,30.35972272,-97.73826443,2,1,3,16,3,59,1,1,4,11,1,4,N,4,NA,NA,4,97,97,,,0,0,1,0,0,1,0,N,N,N,N,N,N,N,10/15/2012,7:27 AM,227,22,N,N,NA,NA,19,,,1,,,ROCKWOOD,LN,N,N,35,N,N,,N,19,,,NA,,W,ANDERSON,LN,NA,,,,,,11,1,0,NA,1,1,5,7:28 AM,DISPATCH,7:39 AM,10/15/2012,Y,74,17,46,64,8,5,2,1,64,54,1,5,1,21,21,227,22,30.35972272,-97.73826443,,,,NA,ROCKWOOD LN,7899,NA,NA,NA,NA,NA,,,,W ANDERSON LN,NA,NA,NA,NA,Y,N,N,3,9,Y,MON,NA,NA,NA,NA,NA,NA,NA,NA,NA,NA,NA,NA,NA,NA,NA,NA,NA,NA,NA,NA,NA,NA,NA,NA,NA,NA,NA,NA,NA,NA,NA,NA,NA,NA,NA,NA,NA,NA,NA,NA,NA,NA,NA,NA,NA,NA,NA,NA,NA,,,NA,NA,NA,NA,0,0,1,1,0,1,0,90,129500042,1295000421
12950081,AUS_12950081,NA,NA,2,1,3,16,2,20,1,1,4,11,1,4,N,4,NA,NA,4,97,97,,,0,1,0,0,0,1,0,N,N,N,N,N,N,N,10/15/2012,11:12 AM,227,22,N,N,NA,NA,19,,,1,1403,S,LAMAR,BLVD,N,N,40,N,N,,N,19,,,NA,,,LAMAR SQUARE,DR,NA,,,,,,11,1,0,NA,1,1,1,11:20 AM,DISPATCH,11:25 AM,10/15/2012,Y,74,NA,NA,NA,8,5,3,1,64,14,7,9,5,32,1,227,22,NA,NA,,,,NA,S LAMAR BLVD,NA,NA,NA,NA,NA,NA,,,,N/A,NA,NA,NA,NA,N,N,N,2,9,N,MON,NA,NA,NA,NA,NA,NA,NA,NA,NA,NA,NA,NA,NA,NA,NA,NA,NA,NA,NA,NA,NA,NA,NA,NA,NA,NA,NA,NA,NA,NA,NA,NA,NA,NA,NA,NA,NA,NA,NA,NA,NA,NA,NA,NA,NA,NA,NA,NA,NA,,,NA,NA,NA,NA,0,1,0,1,0,1,0,NA,129500812,1295008121
12950089,AUS_12950089,NA,NA,1,1,3,16,2,42,2,1,4,11,1,4,N,4,NA,NA,4,97,97,,,0,1,0,0,0,1,0,N,N,N,N,N,N,N,10/14/2012,12:57 AM,227,22,N,N,NA,NA,19,,,1,,,RED RIVER,ST,N,N,35,N,N,,Y,19,,,NA,,,CLYDE LITTLEFIELD,DR,NA,,,,,,11,4,4,NA,1,1,5,12:57 AM,DISPATCH,1:05 AM,10/14/2012,Y,74,NA,120,14,8,5,1,1,64,54,1,5,1,21,21,227,22,NA,NA,,,,NA,RED RIVER ST,NA,NA,NA,NA,NA,NA,,,,CLYDE LITTLEFIELD DR,NA,NA,NA,NA,Y,N,N,2,9,N,SUN,NA,NA,NA,NA,NA,NA,NA,NA,NA,NA,NA,NA,NA,NA,NA,NA,NA,NA,NA,NA,NA,NA,NA,NA,NA,NA,NA,NA,NA,NA,NA,NA,NA,NA,NA,NA,NA,NA,NA,NA,NA,NA,NA,NA,NA,NA,NA,NA,NA,,,NA,NA,NA,NA,0,1,5,0,0,6,0,NA,129500891,1295008911
12950130,AUS_12950130,30.28779,-97.74264,2,1,3,16,3,31,4,2,4,11,1,2,N,4,NA,NA,4,97,97,,,0,0,1,0,0,1,0,N,N,N,N,N,N,N,10/12/2012,10:08 AM,227,22,N,N,NA,NA,19,,,1,500,W,24TH,ST,N,N,30,N,N,,Y,19,,,NA,2300,,SAN ANTONIO,ST,NA,,,,,,12,1,3,NA,1,1,5,10:08 AM,DISPATCH,10:15 AM,10/12/2012,Y,74,NA,NA,187,8,5,2,3,64,3,1,5,1,21,21,227,22,30.28779,-97.74264,,,,NA,W 24TH ST,504,NA,NA,NA,NA,NA,,,,SAN ANTONIO ST,NA,NA,NA,NA,Y,N,N,3,9,Y,FRI,NA,NA,NA,NA,NA,NA,NA,NA,NA,NA,NA,NA,NA,NA,NA,NA,NA,NA,NA,NA,NA,NA,NA,NA,NA,NA,NA,NA,NA,NA,NA,NA,NA,NA,NA,NA,NA,NA,NA,NA,NA,NA,NA,NA,NA,NA,NA,NA,NA,,,NA,NA,NA,NA,0,0,1,1,0,1,0,90,129501302,1295013021
12950153,AUS_12950153,NA,NA,2,1,3,16,5,11,2,1,4,11,1,4,N,4,NA,NA,4,97,97,,,0,0,0,1,0,0,0,N,N,N,N,N,N,N,10/13/2012,3:40 PM,227,22,N,N,NA,NA,19,,,7,4501,E,RIVERSIDE,DR,N,N,10,N,N,,N,19,,,NA,,S,PLEASANT VALLEY,RD,NA,,,,,,11,1,98,NA,1,1,1,3:40 PM,DISPATCH,3:42 PM,10/13/2012,Y,74,187,98,129,8,5,4,1,64,54,7,9,5,33,21,227,22,NA,NA,,,,NA,E RIVERSIDE DR,NA,NA,NA,NA,NA,NA,,,,N/A,NA,NA,NA,NA,N,N,N,5,9,N,SAT,NA,NA,NA,NA,NA,NA,NA,NA,NA,NA,NA,NA,NA,NA,NA,NA,NA,NA,NA,NA,NA,NA,NA,NA,NA,NA,NA,NA,NA,NA,NA,NA,NA,NA,NA,NA,NA,NA,NA,NA,NA,NA,NA,NA,NA,NA,NA,NA,NA,,,NA,NA,NA,NA,0,0,0,3,0,0,0,NA,129501532,1295015321
12950181,AUS_12950181,30.2969,-97.73094,2,1,3,16,2,42,1,1,4,11,1,4,N,4,NA,NA,4,97,97,,,0,1,0,0,0,1,0,N,N,N,N,N,Y,N,8/27/2012,4:20 PM,227,22,N,N,NA,NA,19,,,1,,,DUVAL,ST,N,N,35,N,N,,Y,19,,,NA,,,CAROLYN,AVE,NA,,,,,,11,1,2,NA,1,1,8,4:20 PM,DISPATCH,4:30 PM,8/27/2012,Y,74,NA,120,14,8,5,1,3,64,54,1,5,1,21,21,227,22,30.2969,-97.73094,,,,NA,DUVAL ST,3501,NA,NA,NA,NA,NA,,,,CAROLYN AVE,NA,NA,NA,NA,Y,N,N,2,9,Y,MON,NA,NA,NA,NA,NA,NA,NA,NA,NA,NA,NA,NA,NA,NA,NA,NA,NA,NA,NA,NA,NA,NA,NA,NA,NA,NA,NA,NA,NA,NA,NA,NA,NA,NA,NA,NA,NA,NA,NA,NA,NA,NA,NA,NA,NA,NA,NA,NA,NA,,,NA,NA,NA,NA,0,1,0,1,0,1,0,90,129501812,1295018121
12950795,AUS_12950795,30.28021201,-97.742143,3,1,3,16,1,27,1,1,4,11,1,4,N,4,NA,NA,4,97,97,,,1,0,0,0,0,1,0,N,N,N,N,N,N,N,10/12/2012,4:31 AM,227,22,N,Y,NA,NA,19,,,1,1700,,GUADALUPE,ST,N,N,30,N,N,,N,19,,,1,300,W,17TH,ST,NA,,,,,,11,4,0,NA,2,1,20,4:31 AM,DISPATCHED,4:32 AM,10/12/2012,Y,74,129,10,14,8,4,4,1,64,54,1,5,1,21,21,227,22,30.28021201,-97.742143,,,,NA,GUADALUPE ST,1723,NA,NA,NA,NA,NA,,,,N/A,NA,NA,NA,NA,Y,N,N,1,9,Y,FRI,NA,NA,NA,NA,NA,NA,NA,NA,NA,NA,NA,NA,NA,NA,NA,NA,NA,NA,NA,NA,NA,NA,NA,NA,NA,NA,NA,NA,NA,NA,NA,NA,NA,NA,NA,NA,NA,NA,NA,NA,NA,NA,NA,NA,NA,NA,NA,NA,NA,,,NA,NA,NA,NA,1,0,0,1,0,1,0,90,129507953,1295079531
12965248,AUS_12965248,30.24448,-97.7577,2,1,3,16,2,24,1,1,4,11,1,4,N,4,NA,NA,4,97,97,,,0,1,0,0,0,1,0,N,N,N,N,N,N,N,10/25/2012,10:29 PM,227,22,N,N,NA,NA,19,,,1,2100,S,1ST,ST,N,N,0,N,N,,Y,19,,,1,900,W,LIVE OAK,ST,NA,,,,,,11,4,2,NA,1,1,8,10:29 PM,DISPATCHED,10:33 PM,10/25/2012,Y,74,NA,105,112,8,5,1,3,64,54,1,5,1,21,21,227,22,30.24448,-97.7577,,,,NA,S 1ST ST,2199,NA,NA,NA,NA,NA,,,,W LIVE OAK ST,NA,NA,NA,NA,Y,N,N,2,9,Y,THU,NA,NA,NA,NA,NA,NA,NA,NA,NA,NA,NA,NA,NA,NA,NA,NA,NA,NA,NA,NA,NA,NA,NA,NA,NA,NA,NA,NA,NA,NA,NA,NA,NA,NA,NA,NA,NA,NA,NA,NA,NA,NA,NA,NA,NA,NA,NA,NA,NA,,,NA,NA,NA,NA,0,1,0,0,1,1,0,90,129652482,1296524821
12965757,AUS_12965757,30.21221,-97.74826,2,1,3,16,2,19,2,2,4,11,1,4,N,4,NA,NA,4,97,97,,,0,1,0,0,0,1,0,N,N,N,N,N,N,N,9/21/2012,12:17 PM,227,22,N,N,NA,NA,19,,,1,4200,,FREIDRICH,LN,N,N,35,N,N,,N,19,,,NA,1900,E,ST ELMO,RD,NA,,,,,,11,1,0,NA,1,1,8,12:18 PM,DISPATCHED,12:21 PM,9/21/2012,Y,74,1,131,9,8,5,3,1,64,14,1,5,1,32,21,227,22,30.21221,-97.74826,,,,NA,FREIDRICH LN,4200,NA,NA,NA,NA,NA,,,,N/A,NA,NA,NA,NA,Y,N,N,2,9,Y,FRI,NA,NA,NA,NA,NA,NA,NA,NA,NA,NA,NA,NA,NA,NA,NA,NA,NA,NA,NA,NA,NA,NA,NA,NA,NA,NA,NA,NA,NA,NA,NA,NA,NA,NA,NA,NA,NA,NA,NA,NA,NA,NA,NA,NA,NA,NA,NA,NA,NA,,,NA,NA,NA,NA,0,1,0,1,0,1,0,90,129657572,1296575721
12965841,AUS_12965841,NA,NA,2,1,3,16,3,12,2,1,4,11,1,4,N,4,NA,NA,4,97,97,,,0,0,1,0,0,1,0,N,N,N,N,N,N,N,10/21/2012,5:48 PM,227,22,N,N,NA,NA,19,,,7,833,,FAIRFIELD,DR,Y,N,0,N,N,,N,19,,,NA,8600,N,LAMAR,BLVD,NA,,,,,,11,1,0,NA,7,1,1,5:55 PM,DISPATCHED,5:57 PM,10/21/2012,Y,74,NA,NA,268,8,5,4,1,64,54,7,9,5,33,21,227,22,NA,NA,,,,NA,FAIRFIELD DR,NA,NA,NA,NA,NA,NA,,,,N/A,NA,NA,NA,NA,N,N,N,3,9,N,SUN,NA,NA,NA,NA,NA,NA,NA,NA,NA,NA,NA,NA,NA,NA,NA,NA,NA,NA,NA,NA,NA,NA,NA,NA,NA,NA,NA,NA,NA,NA,NA,NA,NA,NA,NA,NA,NA,NA,NA,NA,NA,NA,NA,NA,NA,NA,NA,NA,NA,,,NA,NA,NA,NA,0,0,1,1,0,1,0,NA,129658412,1296584121
12965856,AUS_12965856,30.27606,-97.74844,2,1,3,16,3,23,2,1,4,11,1,4,N,4,NA,NA,4,97,97,,,0,0,1,0,0,1,0,N,N,N,N,N,N,N,10/23/2012,2:05 PM,227,22,N,N,NA,NA,19,,,7,1200,,WEST,AVE,N,N,30,N,N,,N,19,,,NA,1200,,RIO GRANDE,,NA,,,,,,11,1,0,NA,1,1,5,2:05 PM,DISPATCH,2:10 PM,10/23/2012,Y,74,129,10,14,8,5,1,3,64,54,1,5,1,21,21,227,22,30.27606,-97.74844,,,,NA,WEST AVE,1200,NA,NA,NA,NA,NA,,,,UNKNOWN,NA,NA,NA,NA,Y,N,N,3,9,Y,TUE,NA,NA,NA,NA,NA,NA,NA,NA,NA,NA,NA,NA,NA,NA,NA,NA,NA,NA,NA,NA,NA,NA,NA,NA,NA,NA,NA,NA,NA,NA,NA,NA,NA,NA,NA,NA,NA,NA,NA,NA,NA,NA,NA,NA,NA,NA,NA,NA,NA,,,NA,NA,NA,NA,0,0,1,0,1,1,0,90,129658562,1296585621
12965948,AUS_12965948,30.30696396,-97.72460294,2,1,3,16,2,21,1,1,4,11,1,4,N,4,NA,NA,4,97,97,,,0,1,0,0,0,1,0,N,N,N,N,N,N,N,10/23/2012,7:03 PM,227,22,N,N,NA,NA,19,,,1,4400,,DUVAL,ST,N,N,35,N,N,,N,19,,,NA,,W,45TH,ST,NA,,,,,,11,5,0,NA,1,1,1,7:03 PM,DISPATCH,7:06 PM,10/23/2012,Y,74,NA,120,14,8,5,2,1,64,38,1,5,1,21,21,227,22,30.30696396,-97.72460294,,,,NA,DUVAL ST,4427,NA,NA,NA,NA,NA,,,,E 45TH ST,NA,NA,NA,NA,Y,N,N,2,9,Y,TUE,NA,NA,NA,NA,NA,NA,NA,NA,NA,NA,NA,NA,NA,NA,NA,NA,NA,NA,NA,NA,NA,NA,NA,NA,NA,NA,NA,NA,NA,NA,NA,NA,NA,NA,NA,NA,NA,NA,NA,NA,NA,NA,NA,NA,NA,NA,NA,NA,NA,,,NA,NA,NA,NA,0,1,0,1,0,1,0,90,129659482,1296594821
12965949,AUS_12965949,30.29528008,-97.7368862,2,1,3,16,2,NA,1,2,4,11,1,2,N,4,NA,NA,4,97,97,,,0,1,0,0,0,1,0,N,N,N,N,N,N,N,10/23/2012,11:04 AM,227,22,N,Y,NA,NA,19,,,1,3100,,SPEEDWAY,,N,N,0,N,N,,N,19,,,NA,101,E,31ST,ST,NA,,,,,,11,1,2,NA,4,1,1,11:04 AM,DISPATCHED,11:07 AM,10/23/2012,Y,74,NA,53,21,8,5,4,1,64,54,1,5,1,21,21,227,22,30.29528008,-97.7368862,,,,NA,UNIVERSITY AVE,NA,NA,NA,NA,NA,NA,,,,N/A,NA,NA,NA,NA,Y,N,N,2,9,Y,TUE,NA,NA,NA,NA,NA,NA,NA,NA,NA,NA,NA,NA,NA,NA,NA,NA,NA,NA,NA,NA,NA,NA,NA,NA,NA,NA,NA,NA,NA,NA,NA,NA,NA,NA,NA,NA,NA,NA,NA,NA,NA,NA,NA,NA,NA,NA,NA,NA,NA,,,NA,NA,NA,NA,0,1,0,1,0,1,0,90,129659492,1296594921
12965964,AUS_12965964,30.4152535,-97.84813584,2,1,3,16,3,54,1,1,4,11,1,4,N,4,NA,NA,4,97,97,,,0,0,1,0,0,1,0,N,N,N,N,N,N,N,10/20/2012,1:45 PM,227,22,N,Y,NA,NA,4,620,,1,8021,N,NOT REPORTED,RD,N,N,55,N,N,,N,4,620,,NA,8000,N,NOT REPORTED,RD,NA,,,,,,11,1,0,3,1,1,16,1:45 PM,DISPATCHED,1:55 PM,10/20/2012,Y,74,22,46,64,8,5,3,1,64,14,1,3,1,32,21,227,22,30.4152535,-97.84813584,RM,620,,13.701,RM0620,NA,683,2,13.852,538,0.125,,,,N/A,NA,NA,NA,NA,Y,Y,N,3,9,Y,SAT,2,0,8,8,0,2,4,120,78,62,3,0,0,2,8,5,2,8,5,0,0,4,14,46000,2012,46000,1.5,0.2,1.7,NA,NA,NA,NA,NA,NA,NA,NA,NA,NA,NA,NA,NA,NA,NA,NA,NA,NA,NA,NA,,,NA,NA,NA,NA,0,0,1,1,0,1,0,90,129659642,1296596421
12973997,AUS_12973997,30.26441,-97.7305,2,1,3,16,1,41,1,1,4,11,1,4,N,4,NA,NA,4,97,97,,,1,0,0,0,0,1,0,N,N,N,N,N,N,N,9/11/2012,9:24 AM,227,22,N,N,NA,NA,19,,,1,,E,6TH,ST,N,N,35,N,N,,Y,19,,,NA,,,WALLER,ST,NA,,,,,,11,1,98,NA,1,1,8,9:24 AM,WITNESS,9:27 AM,9/11/2012,Y,74,17,115,144,8,5,1,1,64,54,1,5,1,21,21,227,22,30.26441,-97.7305,,,,NA,E 6TH ST,1198,NA,NA,NA,NA,NA,,,,WALLER ST,NA,NA,NA,NA,Y,N,N,1,9,Y,TUE,NA,NA,NA,NA,NA,NA,NA,NA,NA,NA,NA,NA,NA,NA,NA,NA,NA,NA,NA,NA,NA,NA,NA,NA,NA,NA,NA,NA,NA,NA,NA,NA,NA,NA,NA,NA,NA,NA,NA,NA,NA,NA,NA,NA,NA,NA,NA,NA,NA,,,NA,NA,NA,NA,1,0,0,3,0,1,0,90,129739972,1297399721
12974019,AUS_12974019,30.29196,-97.7412,2,1,3,16,2,25,1,2,4,11,1,5,N,4,NA,NA,4,97,97,,,0,1,0,0,0,1,0,N,N,N,N,N,Y,N,9/2/2012,8:38 PM,227,22,N,N,NA,NA,19,,,1,2700,,GUADALUPE,ST,N,N,30,N,N,,Y,19,,,NA,300,W,27TH,ST,NA,,,,,,11,4,4,NA,1,1,5,8:38 PM,ROLLED UP ON,8:38 PM,10/31/2012,Y,74,NA,NA,187,8,5,1,2,64,54,1,5,1,21,21,227,22,30.29196,-97.7412,,,,NA,GUADALUPE ST,2701,NA,NA,NA,NA,NA,,,,W 27TH ST,NA,NA,NA,NA,Y,N,N,2,9,Y,SUN,NA,NA,NA,NA,NA,NA,NA,NA,NA,NA,NA,NA,NA,NA,NA,NA,NA,NA,NA,NA,NA,NA,NA,NA,NA,NA,NA,NA,NA,NA,NA,NA,NA,NA,NA,NA,NA,NA,NA,NA,NA,NA,NA,NA,NA,NA,NA,NA,NA,,,NA,NA,NA,NA,0,1,0,4,0,1,0,90,129740192,1297401921
12974025,AUS_12974025,30.28652,-97.74276,2,1,3,16,3,21,4,1,4,11,1,2,N,4,NA,NA,4,97,97,,,0,0,1,0,0,1,0,N,N,N,N,N,Y,N,9/22/2012,12:43 PM,227,22,N,N,NA,NA,19,,,1,,,SAN ANTONIO,ST,N,N,30,N,N,,Y,19,,,NA,,W,23RD,ST,NA,,,,,,11,1,0,NA,1,1,8,12:43 PM,DISPATCH,12:50 PM,9/22/2012,Y,74,129,10,14,8,5,1,1,64,54,1,5,1,21,21,227,22,30.28652,-97.74276,,,,NA,SAN ANTONIO ST,2299,NA,NA,NA,NA,NA,,,,W 23RD ST,NA,NA,NA,NA,Y,N,N,3,9,Y,SAT,NA,NA,NA,NA,NA,NA,NA,NA,NA,NA,NA,NA,NA,NA,NA,NA,NA,NA,NA,NA,NA,NA,NA,NA,NA,NA,NA,NA,NA,NA,NA,NA,NA,NA,NA,NA,NA,NA,NA,NA,NA,NA,NA,NA,NA,NA,NA,NA,NA,,,NA,NA,NA,NA,0,0,1,1,0,1,0,90,129740252,1297402521
12974137,AUS_12974137,30.29173,-97.73425,2,1,3,16,3,41,1,2,4,11,1,5,N,4,NA,NA,4,97,97,,,0,0,1,0,0,1,0,N,N,N,N,N,N,N,10/6/2012,4:51 PM,227,22,N,Y,NA,NA,19,,,1,,,DUVAL,ST,N,N,35,N,N,,Y,19,,,NA,,E,30TH,ST,NA,,,,,,11,1,0,NA,8,1,8,4:51 PM,DISPATCH,4:53 PM,10/6/2012,Y,74,22,219,292,8,5,1,1,64,54,1,5,1,21,21,227,22,30.29173,-97.73425,,,,NA,DUVAL ST,2907,NA,NA,NA,NA,NA,,,,E 30TH ST,NA,NA,NA,NA,Y,N,N,3,9,Y,SAT,NA,NA,NA,NA,NA,NA,NA,NA,NA,NA,NA,NA,NA,NA,NA,NA,NA,NA,NA,NA,NA,NA,NA,NA,NA,NA,NA,NA,NA,NA,NA,NA,NA,NA,NA,NA,NA,NA,NA,NA,NA,NA,NA,NA,NA,NA,NA,NA,NA,,,NA,NA,NA,NA,0,0,1,4,0,1,0,90,129741372,1297413721
12974215,AUS_12974215,30.26304,-97.72652,2,1,3,16,5,26,1,1,4,11,1,5,N,4,NA,NA,4,97,97,,,0,0,0,1,0,0,0,N,N,N,N,N,N,N,9/7/2012,12:46 AM,227,22,N,N,NA,NA,19,,,1,1600,E,6TH,ST,N,N,30,N,N,,Y,19,,,NA,500,,COMAL,ST,NA,,,,,,11,3,98,NA,7,1,5,12:47 AM,911,12:50 AM,9/7/2012,Y,74,NA,NA,359,8,5,1,3,64,3,1,5,1,21,21,227,22,30.26304,-97.72652,,,,NA,E 6TH ST,1598,NA,NA,NA,NA,NA,,,,COMAL ST,NA,NA,NA,NA,N,N,N,5,9,Y,FRI,NA,NA,NA,NA,NA,NA,NA,NA,NA,NA,NA,NA,NA,NA,NA,NA,NA,NA,NA,NA,NA,NA,NA,NA,NA,NA,NA,NA,NA,NA,NA,NA,NA,NA,NA,NA,NA,NA,NA,NA,NA,NA,NA,NA,NA,NA,NA,NA,NA,,,NA,NA,NA,NA,0,0,0,2,0,0,0,90,129742152,1297421521
12974216,AUS_12974216,30.28794,-97.74464,2,1,3,16,2,19,1,2,4,11,1,4,N,4,NA,NA,4,97,97,,,0,1,0,0,0,1,0,N,N,N,N,N,Y,N,8/29/2012,7:42 AM,227,22,N,N,NA,NA,19,,,1,,W,24TH,ST,N,N,30,N,N,,Y,19,,,NA,,,RIO GRANDE,ST,NA,,,,,,11,1,4,NA,1,1,5,7:42 AM,DISPATCH,7:43 AM,10/31/2012,Y,74,NA,NA,174,8,5,1,3,64,54,1,5,1,21,21,227,22,30.28794,-97.74464,,,,NA,W 24TH ST,698,NA,NA,NA,NA,NA,,,,RIO GRANDE ST,NA,NA,NA,NA,Y,N,N,2,9,Y,WED,NA,NA,NA,NA,NA,NA,NA,NA,NA,NA,NA,NA,NA,NA,NA,NA,NA,NA,NA,NA,NA,NA,NA,NA,NA,NA,NA,NA,NA,NA,NA,NA,NA,NA,NA,NA,NA,NA,NA,NA,NA,NA,NA,NA,NA,NA,NA,NA,NA,,,NA,NA,NA,NA,0,1,0,1,0,1,0,90,129742162,1297421621