CrashID,CrashID1,Latitude,Longitude,Unit_Nbr,Prsn_Nbr,Prsn_Type_ID,Prsn_Occpnt_Pos_ID,Prsn_Injry_Sev_ID,Prsn_Age,Prsn_Ethnicity_ID,Prsn_Gndr_ID,Prsn_Ejct_ID,Prsn_Rest_ID,Prsn_Airbag_ID,Prsn_Helmet_ID,Prsn_Sol_Fl,Prsn_Alc_Spec_Type_ID,Prsn_Alc_Rslt_ID,Prsn_Bac_Test_Rslt,Prsn_Drg_Spec_Type_ID,Prsn_Drg_Rslt_ID,Drvr_Drg_Cat_1_ID,Prsn_Death_Date,Prsn_Death_Time,Incap_Injry_Cnt.x,Nonincap_Injry_Cnt.x,Poss_Injry_Cnt.x,Non_Injry_Cnt.x,Unkn_Injry_Cnt.x,Tot_Injry_Cnt.x,Death_Cnt.x,Crash_Fatal_Fl,Cmv_Involv_Fl,Schl_Bus_Fl,Rr_Relat_Fl,Medical_Advisory_Fl,Amend_Supp_Fl,Active_School_Zone_Fl,Crash_Date,Crash_Time,Rpt_CRIS_Cnty_ID,Rpt_City_ID,Rpt_Outside_City_Limit_Fl,Thousand_Damage_Fl,Rpt_Latitude,Rpt_Longitude,Rpt_Rdwy_Sys_ID,Rpt_Hwy_Num,Rpt_Hwy_Sfx,Rpt_Road_Part_ID,Rpt_Block_Num,Rpt_Street_Pfx,Rpt_Street_Name,Rpt_Street_Sfx,Private_Dr_Fl,Toll_Road_Fl,Crash_Speed_Limit,Road_Constr_Zone_Fl,Road_Constr_Zone_Wrkr_Fl,Rpt_Street_Desc,At_Intrsct_Fl,Rpt_Sec_Rdwy_Sys_ID,Rpt_Sec_Hwy_Num,Rpt_Sec_Hwy_Sfx,Rpt_Sec_Road_Part_ID,Rpt_Sec_Block_Num,Rpt_Sec_Street_Pfx,Rpt_Sec_Street_Name,Rpt_Sec_Street_Sfx,Rpt_Ref_Mark_Offset_Amt,Rpt_Ref_Mark_Dist_Uom,Rpt_Ref_Mark_Dir,Rpt_Ref_Mark_Nbr,Rpt_Sec_Street_Desc,Rpt_CrossingNumber,Wthr_Cond_ID,Light_Cond_ID,Entr_Road_ID,Road_Type_ID,Road_Algn_ID,Surf_Cond_ID,Traffic_Cntl_ID,Investigat_Notify_Time,Investigat_Notify_Meth,Investigat_Arrv_Time,Report_Date,Investigat_Comp_Fl,Investigat_Agency_ID,Investigat_Area_ID,Investigat_District_ID,Investigat_Region_ID,Bridge_Detail_ID,Harm_Evnt_ID,Intrsct_Relat_ID,FHE_Collsn_ID,Obj_Struck_ID,Othr_Factr_ID,Road_Part_Adj_ID,Road_Cls_ID,Road_Relat_ID,Phys_Featr_1_ID,Phys_Featr_2_ID,Cnty_ID,City_ID,Latitude,Longitude,Hwy_Sys,Hwy_Nbr,Hwy_Sfx,Dfo,Street_Name,Street_Nbr,Control,Section,Milepoint,Ref_Mark_Nbr,Ref_Mark_Displ,Hwy_Sys_2,Hwy_Nbr_2,Hwy_Sfx_2,Street_Name_2,Street_Nbr_2,Control_2,Section_2,Milepoint_2,Txdot_Rptable_Fl,Onsys_Fl,Rural_Fl,Crash_Sev_ID,Pop_Group_ID,Located_Fl,Day_of_Week,Hwy_Dsgn_Lane_ID,Hwy_Dsgn_Hrt_ID,Hp_Shldr_Left,Hp_Shldr_Right,Hp_Median_Width,Base_Type_ID,Nbr_Of_Lane,Row_Width_Usual,Roadbed_Width,Surf_Width,Surf_Type_ID,Curb_Type_Left_ID,Curb_Type_Right_ID,Shldr_Type_Left_ID,Shldr_Width_Left,Shldr_Use_Left_ID,Shldr_Type_Right_ID,Shldr_Width_Right,Shldr_Use_Right_ID,Median_Type_ID,Median_Width,Rural_Urban_Type_ID,Func_Sys_ID,Adt_Curnt_Amt,Adt_Curnt_Year,Adt_Adj_Curnt_Amt,Pct_Single_Trk_Adt,Pct_Combo_Trk_Adt,Trk_Aadt_Pct,Curve_Type_ID,Curve_Lngth,Cd_Degr,Delta_Left_Right_ID,Dd_Degr,Feature_Crossed,Structure_Number,I_R_Min_Vert_Clear,Approach_Width,Bridge_Median_ID,Bridge_Loading_Type_ID,Bridge_Loading_In_1000_Lbs,Bridge_Srvc_Type_On_ID,Bridge_Srvc_Type_Under_ID,Culvert_Type_ID,Roadway_Width,Deck_Width,Bridge_Dir_Of_Traffic_ID,Bridge_Rte_Struct_Func_ID,Bridge_IR_Struct_Func_ID,CrossingNumber,RRCo,Poscrossing_ID,WDCode_ID,Standstop,Yield,Incap_Injry_Cnt.y,Nonincap_Injry_Cnt.y,Poss_Injry_Cnt.y,Non_Injry_Cnt.y,Unkn_Injry_Cnt.y,Tot_Injry_Cnt.y,Death_Cnt.y,MPO_ID,Unit_ID,Unit_Prsn_ID
12282136,AUS_12282136,NA,NA,2,1,3,16,2,14,2,1,4,11,1,4,N,4,NA,NA,4,97,97,,,0,1,0,0,0,1,0,N,N,N,N,N,N,N,9/16/2011,5:49 PM,227,22,N,N,NA,NA,19,,,1,,,ALEXANDRIA,DR,N,N,30,N,N,,Y,19,,,1,,,BRODIE,LN,NA,,,,,,11,1,2,NA,1,1,5,5:49 PM,DISPATCH,5:55 PM,9/16/2011,Y,74,NA,NA,321,8,5,2,1,64,54,1,5,1,21,21,227,22,NA,NA,,,,NA,ALEXANDRIA DR,NA,NA,NA,NA,NA,NA,,,,BRODIE LN,NA,NA,NA,NA,Y,N,N,2,9,N,FRI,NA,NA,NA,NA,NA,NA,NA,NA,NA,NA,NA,NA,NA,NA,NA,NA,NA,NA,NA,NA,NA,NA,NA,NA,NA,NA,NA,NA,NA,NA,NA,NA,NA,NA,NA,NA,NA,NA,NA,NA,NA,NA,NA,NA,NA,NA,NA,NA,NA,,,NA,NA,NA,NA,0,1,0,1,0,1,0,NA,122821362,1228213621
12282145,AUS_12282145,30.29196,-97.7412,2,1,3,16,2,19,1,1,4,11,1,5,N,4,NA,NA,4,97,97,,,0,1,0,0,0,1,0,N,N,N,N,N,N,N,9/16/2011,2:05 PM,227,22,N,N,NA,NA,19,,,1,2700,,GUADALUPE,,N,N,30,N,N,,Y,19,,,NA,,W,27TH,ST,NA,,,,,,11,1,0,NA,1,1,5,2:05 PM,DISPATCHED,2:09 PM,9/16/2011,Y,74,NA,NA,187,8,5,2,1,64,54,1,5,1,21,21,227,22,30.29196,-97.7412,,,,NA,GUADALUPE ST,2701,NA,NA,NA,NA,NA,,,,W 27TH ST,NA,NA,NA,NA,Y,N,N,2,9,Y,FRI,NA,NA,NA,NA,NA,NA,NA,NA,NA,NA,NA,NA,NA,NA,NA,NA,NA,NA,NA,NA,NA,NA,NA,NA,NA,NA,NA,NA,NA,NA,NA,NA,NA,NA,NA,NA,NA,NA,NA,NA,NA,NA,NA,NA,NA,NA,NA,NA,NA,,,NA,NA,NA,NA,0,1,0,1,0,1,0,90,122821452,1228214521
12282191,AUS_12282191,30.19310539,-97.77934989,2,1,3,16,3,23,1,1,4,11,1,4,N,4,NA,NA,4,97,97,,,0,0,1,0,0,1,0,N,N,N,N,N,N,N,9/16/2011,11:50 AM,227,22,N,N,NA,NA,19,,,1,100,W,WILLIAM CANNON,DR,N,N,40,N,N,,N,19,,,NA,,S,CONGRESS,AVE,NA,,,,,,12,1,0,NA,1,1,20,11:50 AM,FLAGGED DOWN,11:50 AM,9/16/2011,Y,74,NA,NA,290,8,5,4,1,64,54,1,5,1,21,21,227,22,30.19310539,-97.77934989,,,,NA,W WILLIAM CANNON DR,NA,NA,NA,NA,NA,NA,,,,N/A,NA,NA,NA,NA,Y,N,N,3,9,Y,FRI,NA,NA,NA,NA,NA,NA,NA,NA,NA,NA,NA,NA,NA,NA,NA,NA,NA,NA,NA,NA,NA,NA,NA,NA,NA,NA,NA,NA,NA,NA,NA,NA,NA,NA,NA,NA,NA,NA,NA,NA,NA,NA,NA,NA,NA,NA,NA,NA,NA,,,NA,NA,NA,NA,0,0,1,2,0,1,0,90,122821912,1228219121
12282205,AUS_12282205,30.21138,-97.83196,1,1,3,16,3,13,1,1,4,11,1,4,N,4,NA,NA,4,97,97,,,0,0,1,0,0,1,0,N,N,N,N,N,N,N,9/15/2011,8:00 AM,227,22,N,N,NA,NA,19,,,1,3500,,CONVICT HILL,,N,N,30,N,N,,Y,19,,,NA,7100,,BRODIE,LN,NA,,,,,,11,1,2,NA,1,1,5,10:53 AM,DISPATCH,,9/15/2011,Y,74,17,131,9,8,5,2,1,64,54,1,5,1,21,21,227,22,30.21138,-97.83196,,,,NA,CONVICT HILL RD,3501,NA,NA,NA,NA,NA,,,,BRODIE LN,NA,NA,NA,NA,Y,N,N,3,9,Y,THU,NA,NA,NA,NA,NA,NA,NA,NA,NA,NA,NA,NA,NA,NA,NA,NA,NA,NA,NA,NA,NA,NA,NA,NA,NA,NA,NA,NA,NA,NA,NA,NA,NA,NA,NA,NA,NA,NA,NA,NA,NA,NA,NA,NA,NA,NA,NA,NA,NA,,,NA,NA,NA,NA,0,0,1,1,0,1,0,90,122822051,1228220511
12282218,AUS_12282218,30.28779,-97.74264,2,1,3,16,0,NA,5,1,4,11,1,5,,4,NA,NA,4,97,97,,,0,0,0,0,1,0,0,N,N,N,N,N,N,N,9/12/2011,10:00 AM,227,22,N,N,NA,NA,19,,,1,,W,24TH,ST,N,N,30,N,N,,Y,19,,,NA,,,SAN ANTONIO,ST,NA,,,,,,11,1,4,NA,1,1,5,11:28 AM,DISPATCH,11:40 AM,9/12/2011,Y,74,NA,NA,187,8,5,1,3,64,54,1,5,1,21,21,227,22,30.28779,-97.74264,,,,NA,W 24TH ST,504,NA,NA,NA,NA,NA,,,,SAN ANTONIO ST,NA,NA,NA,NA,N,N,N,5,9,Y,MON,NA,NA,NA,NA,NA,NA,NA,NA,NA,NA,NA,NA,NA,NA,NA,NA,NA,NA,NA,NA,NA,NA,NA,NA,NA,NA,NA,NA,NA,NA,NA,NA,NA,NA,NA,NA,NA,NA,NA,NA,NA,NA,NA,NA,NA,NA,NA,NA,NA,,,NA,NA,NA,NA,0,0,0,1,1,0,0,90,122822182,1228221821
12289594,AUS_12289594,NA,NA,2,1,3,16,5,16,1,1,4,11,1,4,N,4,NA,NA,4,97,97,,,0,0,0,1,0,0,0,N,N,N,N,N,N,N,9/16/2011,4:30 PM,246,22,N,N,NA,NA,19,,,1,12400,,MELLOW MEADOW,DR,N,N,25,N,N,,N,17,,,4,,,WESTWOOD HS PARKING,,NA,,,,,,11,1,2,NA,1,1,8,4:35 PM,WILCO COMMUNICATIONS,4:40 PM,9/26/2011,Y,2430,4,8,23,8,5,4,1,64,54,7,9,5,33,21,246,22,NA,NA,,,,NA,MELLOW MEADOW DR,NA,NA,NA,NA,NA,NA,,,,N/A,NA,NA,NA,NA,N,N,N,5,9,N,FRI,NA,NA,NA,NA,NA,NA,NA,NA,NA,NA,NA,NA,NA,NA,NA,NA,NA,NA,NA,NA,NA,NA,NA,NA,NA,NA,NA,NA,NA,NA,NA,NA,NA,NA,NA,NA,NA,NA,NA,NA,NA,NA,NA,NA,NA,NA,NA,NA,NA,,,NA,NA,NA,NA,0,0,0,2,0,0,0,NA,122895942,1228959421
12291050,AUS_12291050,30.29859,-97.72268,2,1,3,16,2,26,1,2,4,11,1,5,N,4,NA,NA,4,97,97,,,0,1,0,0,0,1,0,N,N,N,N,N,N,N,9/26/2011,8:56 PM,227,22,N,N,NA,NA,19,,,1,,,RED RIVER,,N,N,35,N,N,,Y,19,,,NA,,,40TH,ST,NA,,,,,,11,4,2,NA,1,1,8,8:58 PM,DISPATCH,9:06 PM,9/26/2011,Y,74,22,120,14,8,5,1,1,64,47,1,5,1,21,21,227,22,30.29859,-97.72268,,,,NA,RED RIVER ST,3999,NA,NA,NA,NA,NA,,,,UNKNOWN,NA,NA,NA,NA,Y,N,N,2,9,Y,MON,NA,NA,NA,NA,NA,NA,NA,NA,NA,NA,NA,NA,NA,NA,NA,NA,NA,NA,NA,NA,NA,NA,NA,NA,NA,NA,NA,NA,NA,NA,NA,NA,NA,NA,NA,NA,NA,NA,NA,NA,NA,NA,NA,NA,NA,NA,NA,NA,NA,,,NA,NA,NA,NA,0,1,0,1,0,1,0,90,122910502,1229105021
12291097,AUS_12291097,30.23817,-97.76213,2,1,3,16,2,52,1,2,4,11,1,4,N,4,NA,NA,4,97,97,,,0,1,0,0,0,1,0,N,N,N,N,N,N,N,9/13/2011,8:06 AM,227,22,N,Y,NA,NA,19,,,1,,,CUMBERLANDS 1ST ST,RD,N,N,35,N,N,,Y,19,,,NA,,S,1ST,ST,NA,,,,,,11,1,0,NA,1,1,5,8:06 AM,DISPATCH,8:08 AM,9/13/2011,Y,74,NA,NA,NA,8,5,2,3,64,54,1,5,1,21,21,227,22,30.23817,-97.76213,,,,NA,S 1ST ST,2701,NA,NA,NA,NA,NA,,,,UNKNOWN,NA,NA,NA,NA,Y,N,N,2,9,Y,TUE,NA,NA,NA,NA,NA,NA,NA,NA,NA,NA,NA,NA,NA,NA,NA,NA,NA,NA,NA,NA,NA,NA,NA,NA,NA,NA,NA,NA,NA,NA,NA,NA,NA,NA,NA,NA,NA,NA,NA,NA,NA,NA,NA,NA,NA,NA,NA,NA,NA,,,NA,NA,NA,NA,0,1,0,1,0,1,0,90,122910972,1229109721
12291150,AUS_12291150,30.28979,-97.74141,2,1,3,16,2,29,1,1,4,11,1,4,N,4,NA,NA,4,97,97,,,0,1,0,0,0,1,0,N,N,N,N,N,N,N,9/23/2011,7:40 PM,227,22,N,N,NA,NA,19,,,1,2500,,GUADALUPE,ST,N,N,30,N,N,,Y,19,,,NA,300,W,DEAN KEETON,ST,NA,,,,,,11,4,2,NA,1,1,5,7:40 PM,DISPATCH,7:45 PM,9/23/2011,Y,74,NA,NA,187,8,5,1,2,64,54,1,5,1,21,21,227,22,30.28979,-97.74141,,,,NA,GUADALUPE ST,2525,NA,NA,NA,NA,NA,,,,W DEAN KEETON ST,NA,NA,NA,NA,Y,N,N,2,9,Y,FRI,NA,NA,NA,NA,NA,NA,NA,NA,NA,NA,NA,NA,NA,NA,NA,NA,NA,NA,NA,NA,NA,NA,NA,NA,NA,NA,NA,NA,NA,NA,NA,NA,NA,NA,NA,NA,NA,NA,NA,NA,NA,NA,NA,NA,NA,NA,NA,NA,NA,,,NA,NA,NA,NA,0,1,0,1,0,1,0,90,122911502,1229115021
12291151,AUS_12291151,30.307,-97.72458,2,1,3,16,2,37,1,1,4,11,1,4,N,4,NA,NA,4,97,97,,,0,1,0,0,0,1,0,N,N,N,N,N,N,N,9/23/2011,7:28 PM,227,22,N,N,NA,NA,19,,,1,,E,95TH,ST,N,N,30,N,N,,Y,19,,,NA,,,DUVAL,ST,NA,,,,,,11,4,4,NA,1,1,5,7:29 PM,DISPATCH,7:31 PM,9/23/2011,Y,74,22,120,14,8,5,1,3,64,54,1,5,1,21,21,227,22,30.307,-97.72458,,,,NA,E 45TH ST,NA,NA,NA,NA,NA,NA,,,,UNKNOWN,NA,NA,NA,NA,Y,N,N,2,9,Y,FRI,NA,NA,NA,NA,NA,NA,NA,NA,NA,NA,NA,NA,NA,NA,NA,NA,NA,NA,NA,NA,NA,NA,NA,NA,NA,NA,NA,NA,NA,NA,NA,NA,NA,NA,NA,NA,NA,NA,NA,NA,NA,NA,NA,NA,NA,NA,NA,NA,NA,,,NA,NA,NA,NA,0,1,0,2,0,1,0,90,122911512,1229115121
12291274,AUS_12291274,30.2007375,-97.86617332,1,1,3,16,2,62,1,1,4,11,1,3,N,4,NA,NA,4,97,97,,,0,1,0,0,0,1,0,N,N,N,N,N,N,N,8/23/2011,7:52 AM,227,22,N,N,NA,NA,19,,,1,9700,S,MOPAC NB,EXPY,N,N,45,N,N,,N,19,,,NA,,,E L S MOPAC,,NA,,,,,,11,1,4,2,1,1,5,7:52 AM,MDC,7:52 AM,8/23/2011,Y,74,17,169,130,8,5,2,1,64,54,1,2,1,21,21,227,22,30.2007375,-97.86617332,SL,1,,23.259,SL0001,NA,3136,1,23.584,448,0.1,SH,45,,SH0045,NA,NA,NA,NA,Y,Y,N,2,9,Y,TUE,3,0,6,10,337,2,4,500,80,48,4,0,0,2,12,5,2,20,5,3,325,4,14,45000,2012,45000,1.8,0.4,2.2,NA,NA,NA,NA,NA,NA,NA,NA,NA,NA,NA,NA,NA,NA,NA,NA,NA,NA,NA,NA,,,NA,NA,NA,NA,0,1,0,2,0,1,0,90,122912741,1229127411
12291400,AUS_12291400,30.28081609,-97.64801783,2,1,3,16,2,23,1,1,4,11,1,4,,4,NA,NA,4,97,97,,,0,1,0,0,0,1,0,N,N,N,N,N,N,N,9/25/2011,11:53 AM,227,22,N,N,NA,NA,4,969,,7,,,FM 969,RD,N,N,50,N,N,,Y,19,,,7,,,SENDERO HILLS,PKWY,NA,,,,,,11,1,2,3,1,1,11,11:54 AM,DISPATCH,12:02 PM,9/25/2011,Y,74,NA,NA,6,8,5,1,3,64,54,1,3,1,21,21,227,22,30.28081609,-97.64801783,FM,969,,3.429,FM0969,7600,1186,1,15.158,452,-0.44,,,,SENDERO HILLS PKY,NA,NA,NA,NA,Y,Y,N,2,9,Y,SUN,2,0,0,0,0,2,4,100,70,52,4,1,1,1,0,0,1,0,0,0,0,4,14,27000,2012,27000,1.7,4.3,6,1,63,0,1,2,NA,NA,NA,NA,NA,NA,NA,NA,NA,NA,NA,NA,NA,NA,NA,,,NA,NA,NA,NA,0,1,0,4,0,1,0,90,122914002,1229140021
12291407,AUS_12291407,30.27564,-97.70819,2,1,3,16,2,23,1,2,4,11,1,4,N,4,NA,NA,4,97,97,,,0,1,0,0,0,1,0,N,N,N,N,N,N,N,9/23/2011,9:42 PM,227,22,N,Y,NA,NA,19,,,1,2900,E,12TH,ST,N,N,40,N,N,2900 BLK E. 12TH ST,N,19,,,1,1200,,ALEXANDER,AVE,25,F,E,ST,,,11,1,0,NA,2,1,1,9:42 PM,DISPATCHED,9:45 PM,9/23/2011,Y,74,148,34,48,8,5,4,1,64,54,1,5,1,21,21,227,22,30.27564,-97.70819,,,,NA,E 12TH ST,NA,NA,NA,NA,NA,NA,,,,N/A,NA,NA,NA,NA,Y,N,N,2,9,Y,FRI,NA,NA,NA,NA,NA,NA,NA,NA,NA,NA,NA,NA,NA,NA,NA,NA,NA,NA,NA,NA,NA,NA,NA,NA,NA,NA,NA,NA,NA,NA,NA,NA,NA,NA,NA,NA,NA,NA,NA,NA,NA,NA,NA,NA,NA,NA,NA,NA,NA,,,NA,NA,NA,NA,0,2,0,0,0,2,0,90,122914072,1229140721
12291523,AUS_12291523,30.26806,-97.74282,2,1,3,16,2,24,1,2,4,11,1,2,N,4,NA,NA,4,97,97,,,0,1,0,0,0,1,0,N,Y,N,N,N,N,N,9/24/2011,9:45 AM,227,22,N,N,NA,NA,19,,,1,600,N,CONGRESS,AVE,N,N,0,N,N,,Y,19,,,NA,100,E,CONGRESS,AVE,NA,,,,,,11,1,0,NA,1,1,5,9:44 AM,CAD,9:50 AM,9/24/2011,Y,74,NA,NA,358,8,5,1,1,64,54,1,5,1,21,21,227,22,30.26806,-97.74282,,,,NA,CONGRESS AVE,600,NA,NA,NA,NA,NA,,,,UNKNOWN,NA,NA,NA,NA,Y,N,N,2,9,Y,SAT,NA,NA,NA,NA,NA,NA,NA,NA,NA,NA,NA,NA,NA,NA,NA,NA,NA,NA,NA,NA,NA,NA,NA,NA,NA,NA,NA,NA,NA,NA,NA,NA,NA,NA,NA,NA,NA,NA,NA,NA,NA,NA,NA,NA,NA,NA,NA,NA,NA,,,NA,NA,NA,NA,0,1,0,4,0,1,0,90,122915232,1229152321
12291531,AUS_12291531,30.2256,-97.80385,2,1,3,16,2,51,1,2,4,11,1,4,N,4,NA,NA,4,97,97,,,0,1,0,0,0,1,0,N,N,N,N,N,N,N,9/24/2011,8:29 PM,227,22,N,N,NA,NA,19,,,1,,,WEST GATE,BLVD,N,N,0,N,N,,Y,19,,,NA,,,JONES,RD,NA,,,,,,11,4,4,NA,1,1,5,8:29 PM,DISPATCHED,8:35 PM,9/24/2011,Y,74,NA,NA,72,8,5,1,3,64,54,1,5,1,21,21,227,22,30.2256,-97.80385,,,,NA,WEST GATE BLVD,5101,NA,NA,NA,NA,NA,,,,JONES RD,NA,NA,NA,NA,Y,N,N,2,9,Y,SAT,NA,NA,NA,NA,NA,NA,NA,NA,NA,NA,NA,NA,NA,NA,NA,NA,NA,NA,NA,NA,NA,NA,NA,NA,NA,NA,NA,NA,NA,NA,NA,NA,NA,NA,NA,NA,NA,NA,NA,NA,NA,NA,NA,NA,NA,NA,NA,NA,NA,,,NA,NA,NA,NA,0,1,0,1,0,1,0,90,122915312,1229153121
12291537,AUS_12291537,30.32756992,-97.81118465,2,1,3,16,1,45,0,2,4,11,1,3,N,4,NA,NA,4,97,97,,,1,0,0,0,0,1,0,N,N,N,N,N,N,N,9/25/2011,9:53 AM,227,22,N,Y,NA,NA,19,,,1,,N,CAPITAL OF TEXAS NB,HWY,N,N,60,N,N,,Y,19,,,NA,,,WAYMAKER,WAY,NA,,,,,,11,1,2,2,2,1,9,9:53 AM,DISPATCHED,10:03 AM,9/25/2011,Y,74,95,10,14,8,5,1,3,64,54,1,2,1,21,21,227,22,30.32756992,-97.81118465,SL,360,,6.329,SL0360,NA,113,13,17.448,438,0.4,RM,2222,,RM2222,NA,NA,NA,NA,Y,Y,N,1,9,Y,SUN,3,0,4,10,68,2,4,350,76,48,4,0,0,2,8,5,2,20,5,3,60,4,14,45000,2012,45000,2.9,0.4,3.3,NA,NA,NA,NA,NA,NA,NA,NA,NA,NA,NA,NA,NA,NA,NA,NA,NA,NA,NA,NA,,,NA,NA,NA,NA,1,0,0,1,0,1,0,90,122915372,1229153721
12291579,AUS_12291579,30.42003467,-97.70367992,1,1,3,16,2,26,1,1,4,11,1,4,N,4,NA,NA,4,97,97,,,0,1,0,0,0,1,0,N,N,N,N,N,N,N,9/28/2011,12:34 PM,227,22,N,Y,NA,NA,4,734,,1,2500,W,PARMER,LN,N,N,50,N,N,,N,11,1,,2,,N,MOPAC,LOOP,NA,,,,,,11,1,0,2,2,1,5,12:36 PM,RADIO DISPATCH,12:42 PM,9/28/2011,Y,74,NA,NA,51,8,5,2,1,64,54,1,3,1,21,21,227,22,30.42003467,-97.70367992,FM,734,,9.871,FM0734,NA,3417,2,9.96,424,-0.123,SL,1,,SL0001,NA,NA,NA,NA,Y,Y,N,2,9,Y,WED,3,0,10,10,41,2,4,200,94,48,4,0,0,2,14,5,2,20,5,3,27,4,14,38000,2012,38000,1.7,1.5,3.2,1,276,0,2,10,NA,NA,NA,NA,NA,NA,NA,NA,NA,NA,NA,NA,NA,NA,NA,,,NA,NA,NA,NA,0,1,0,1,0,1,0,90,122915791,1229157911
12291639,AUS_12291639,30.27896907,-97.73220204,2,1,3,16,2,23,1,2,4,11,1,1,N,4,NA,NA,4,97,97,,,0,1,0,0,0,1,0,N,N,N,N,N,N,N,9/27/2011,9:18 PM,227,22,N,Y,NA,NA,4,979,,1,500,E,MLK JR,BLVD,N,N,35,N,N,,Y,19,,,1,1800,,RED RIVER,ST,NA,,,,,,11,6,4,NA,2,1,5,9:18 PM,CAD,9:26 PM,9/27/2011,Y,74,129,10,14,8,5,1,3,64,54,1,3,1,21,21,227,22,30.27896907,-97.73220204,,,,NA,E MARTIN LUTHER KING JR BLVD,NA,NA,NA,NA,NA,NA,,,,UNKNOWN,NA,NA,NA,NA,Y,N,N,2,9,Y,TUE,NA,NA,NA,NA,NA,NA,NA,NA,NA,NA,NA,NA,NA,NA,NA,NA,NA,NA,NA,NA,NA,NA,NA,NA,NA,NA,NA,NA,NA,NA,NA,NA,NA,NA,NA,NA,NA,NA,NA,NA,NA,NA,NA,NA,NA,NA,NA,NA,NA,,,NA,NA,NA,NA,0,1,0,2,0,1,0,90,122916392,1229163921
12291647,AUS_12291647,30.32588706,-97.70625417,2,1,3,16,3,21,1,2,4,11,2,4,N,4,NA,NA,4,97,97,,,0,0,1,0,0,1,0,N,N,N,N,N,N,N,9/26/2011,10:52 PM,227,22,N,N,NA,NA,19,,,2,900,,LA POSADA,DR,N,N,30,N,N,LOCAL ROAD,Y,1,35,,2,6400,N,IH 35 NB SVRD,HWY,NA,,,,SERVICE ROAD,,11,4,2,2,1,1,8,10:53 PM,911 CALL,10:56 PM,9/26/2011,Y,74,NA,NA,281,8,5,2,1,64,54,2,1,1,21,21,227,22,30.32588706,-97.70625417,IH,35,,238.371,IH0035,NA,15,13,22.252,239,0.217,,,,LA POSADA DR,NA,NA,NA,NA,Y,Y,N,3,9,Y,MON,5,0,4,10,32,2,8,300,124,96,4,0,0,2,8,5,2,20,5,2,24,4,11,188830,2012,188830,2.5,6.7,9.2,NA,NA,NA,NA,NA,NA,NA,NA,NA,NA,NA,NA,NA,NA,NA,NA,NA,NA,NA,NA,,,NA,NA,NA,NA,0,0,1,0,1,1,0,90,122916472,1229164721
12291658,AUS_12291658,30.2644925,-97.75711474,2,1,3,16,2,21,1,1,4,11,1,5,N,4,NA,NA,4,97,97,,,0,1,0,0,0,1,0,N,N,N,N,N,N,N,8/24/2011,8:56 PM,227,22,N,N,NA,NA,19,,,1,100,S,LAMAR,BLVD,N,N,35,N,N,S. LAMAR BLVD,Y,19,,,1,1100,W,RIVERSIDE,DR,NA,,,,,,11,4,4,2,1,1,5,8:56 PM,DISPATCHED,8:59 PM,8/24/2011,Y,74,NA,NA,27,8,5,2,3,64,54,1,2,1,21,21,227,22,30.2644925,-97.75711474,SL,343,,3.647,SL0343,NA,113,12,1.261,568,-0.671,,,,W RIVERSIDE DR,NA,NA,NA,NA,Y,Y,N,2,9,Y,WED,3,0,0,0,22,2,6,120,72,72,4,1,1,1,0,0,1,0,0,1,22,4,14,40000,2012,40000,0.8,0.3,1.1,NA,NA,NA,NA,NA,NA,NA,NA,NA,NA,NA,NA,NA,NA,NA,NA,NA,NA,NA,NA,,,NA,NA,NA,NA,0,1,0,0,1,1,0,90,122916582,1229165821
12291668,AUS_12291668,30.27379709,-97.71966585,2,1,3,16,2,29,1,2,4,11,1,5,N,4,NA,NA,4,97,97,,,0,1,0,0,0,1,0,N,N,N,N,N,N,N,7/29/2011,7:27 PM,227,22,N,Y,NA,NA,19,,,1,1906,E,12TH,ST,N,N,0,N,N,,N,19,,,1,1200,N,CHICON,ST,NA,,,,,,11,1,0,NA,1,1,1,11:23 AM,DISPATCH,11:45 AM,8/3/2011,Y,74,NA,34,48,8,5,2,5,64,54,1,5,1,21,21,227,22,30.27379709,-97.71966585,,,,NA,E 12TH ST,1924,NA,NA,NA,NA,NA,,,,CHICON ST,NA,NA,NA,NA,Y,N,N,2,9,Y,FRI,NA,NA,NA,NA,NA,NA,NA,NA,NA,NA,NA,NA,NA,NA,NA,NA,NA,NA,NA,NA,NA,NA,NA,NA,NA,NA,NA,NA,NA,NA,NA,NA,NA,NA,NA,NA,NA,NA,NA,NA,NA,NA,NA,NA,NA,NA,NA,NA,NA,,,NA,NA,NA,NA,0,1,0,0,1,1,0,90,122916682,1229166821
12300456,AUS_12300456,30.2448,-97.72548,2,1,3,16,2,21,1,1,4,11,1,4,N,4,NA,NA,4,97,97,,,0,1,0,0,0,1,0,N,N,N,N,Y,Y,N,8/24/2011,5:22 PM,227,22,N,N,NA,NA,19,,,1,2000,S,LAKESHORE,BLVD,N,N,35,N,N,,Y,19,,,1,1200,,TOWN CREEK,DR,NA,,,,,,11,1,0,NA,4,1,11,5:25 PM,DISPATCHED,5:26 PM,8/24/2011,Y,74,187,98,129,8,5,1,3,64,54,1,5,1,21,21,227,22,30.2448,-97.72548,,,,NA,S LAKESHORE BLVD,2000,NA,NA,NA,NA,NA,,,,TOWN CREEK DR,NA,NA,NA,NA,Y,N,N,2,9,Y,WED,NA,NA,NA,NA,NA,NA,NA,NA,NA,NA,NA,NA,NA,NA,NA,NA,NA,NA,NA,NA,NA,NA,NA,NA,NA,NA,NA,NA,NA,NA,NA,NA,NA,NA,NA,NA,NA,NA,NA,NA,NA,NA,NA,NA,NA,NA,NA,NA,NA,,,NA,NA,NA,NA,0,1,0,1,0,1,0,90,123004562,1230045621