CrashID,CrashID1,Latitude,Longitude,Unit_Nbr,Prsn_Nbr,Prsn_Type_ID,Prsn_Occpnt_Pos_ID,Prsn_Injry_Sev_ID,Prsn_Age,Prsn_Ethnicity_ID,Prsn_Gndr_ID,Prsn_Ejct_ID,Prsn_Rest_ID,Prsn_Airbag_ID,Prsn_Helmet_ID,Prsn_Sol_Fl,Prsn_Alc_Spec_Type_ID,Prsn_Alc_Rslt_ID,Prsn_Bac_Test_Rslt,Prsn_Drg_Spec_Type_ID,Prsn_Drg_Rslt_ID,Drvr_Drg_Cat_1_ID,Prsn_Death_Date,Prsn_Death_Time,Incap_Injry_Cnt.x,Nonincap_Injry_Cnt.x,Poss_Injry_Cnt.x,Non_Injry_Cnt.x,Unkn_Injry_Cnt.x,Tot_Injry_Cnt.x,Death_Cnt.x,Crash_Fatal_Fl,Cmv_Involv_Fl,Schl_Bus_Fl,Rr_Relat_Fl,Medical_Advisory_Fl,Amend_Supp_Fl,Active_School_Zone_Fl,Crash_Date,Crash_Time,Rpt_CRIS_Cnty_ID,Rpt_City_ID,Rpt_Outside_City_Limit_Fl,Thousand_Damage_Fl,Rpt_Latitude,Rpt_Longitude,Rpt_Rdwy_Sys_ID,Rpt_Hwy_Num,Rpt_Hwy_Sfx,Rpt_Road_Part_ID,Rpt_Block_Num,Rpt_Street_Pfx,Rpt_Street_Name,Rpt_Street_Sfx,Private_Dr_Fl,Toll_Road_Fl,Crash_Speed_Limit,Road_Constr_Zone_Fl,Road_Constr_Zone_Wrkr_Fl,Rpt_Street_Desc,At_Intrsct_Fl,Rpt_Sec_Rdwy_Sys_ID,Rpt_Sec_Hwy_Num,Rpt_Sec_Hwy_Sfx,Rpt_Sec_Road_Part_ID,Rpt_Sec_Block_Num,Rpt_Sec_Street_Pfx,Rpt_Sec_Street_Name,Rpt_Sec_Street_Sfx,Rpt_Ref_Mark_Offset_Amt,Rpt_Ref_Mark_Dist_Uom,Rpt_Ref_Mark_Dir,Rpt_Ref_Mark_Nbr,Rpt_Sec_Street_Desc,Rpt_CrossingNumber,Wthr_Cond_ID,Light_Cond_ID,Entr_Road_ID,Road_Type_ID,Road_Algn_ID,Surf_Cond_ID,Traffic_Cntl_ID,Investigat_Notify_Time,Investigat_Notify_Meth,Investigat_Arrv_Time,Report_Date,Investigat_Comp_Fl,Investigat_Agency_ID,Investigat_Area_ID,Investigat_District_ID,Investigat_Region_ID,Bridge_Detail_ID,Harm_Evnt_ID,Intrsct_Relat_ID,FHE_Collsn_ID,Obj_Struck_ID,Othr_Factr_ID,Road_Part_Adj_ID,Road_Cls_ID,Road_Relat_ID,Phys_Featr_1_ID,Phys_Featr_2_ID,Cnty_ID,City_ID,Latitude,Longitude,Hwy_Sys,Hwy_Nbr,Hwy_Sfx,Dfo,Street_Name,Street_Nbr,Control,Section,Milepoint,Ref_Mark_Nbr,Ref_Mark_Displ,Hwy_Sys_2,Hwy_Nbr_2,Hwy_Sfx_2,Street_Name_2,Street_Nbr_2,Control_2,Section_2,Milepoint_2,Txdot_Rptable_Fl,Onsys_Fl,Rural_Fl,Crash_Sev_ID,Pop_Group_ID,Located_Fl,Day_of_Week,Hwy_Dsgn_Lane_ID,Hwy_Dsgn_Hrt_ID,Hp_Shldr_Left,Hp_Shldr_Right,Hp_Median_Width,Base_Type_ID,Nbr_Of_Lane,Row_Width_Usual,Roadbed_Width,Surf_Width,Surf_Type_ID,Curb_Type_Left_ID,Curb_Type_Right_ID,Shldr_Type_Left_ID,Shldr_Width_Left,Shldr_Use_Left_ID,Shldr_Type_Right_ID,Shldr_Width_Right,Shldr_Use_Right_ID,Median_Type_ID,Median_Width,Rural_Urban_Type_ID,Func_Sys_ID,Adt_Curnt_Amt,Adt_Curnt_Year,Adt_Adj_Curnt_Amt,Pct_Single_Trk_Adt,Pct_Combo_Trk_Adt,Trk_Aadt_Pct,Curve_Type_ID,Curve_Lngth,Cd_Degr,Delta_Left_Right_ID,Dd_Degr,Feature_Crossed,Structure_Number,I_R_Min_Vert_Clear,Approach_Width,Bridge_Median_ID,Bridge_Loading_Type_ID,Bridge_Loading_In_1000_Lbs,Bridge_Srvc_Type_On_ID,Bridge_Srvc_Type_Under_ID,Culvert_Type_ID,Roadway_Width,Deck_Width,Bridge_Dir_Of_Traffic_ID,Bridge_Rte_Struct_Func_ID,Bridge_IR_Struct_Func_ID,CrossingNumber,RRCo,Poscrossing_ID,WDCode_ID,Standstop,Yield,Incap_Injry_Cnt.y,Nonincap_Injry_Cnt.y,Poss_Injry_Cnt.y,Non_Injry_Cnt.y,Unkn_Injry_Cnt.y,Tot_Injry_Cnt.y,Death_Cnt.y,MPO_ID,Unit_ID,Unit_Prsn_ID
12308550,AUS_12308550,30.24638121,-97.7147404,2,1,3,16,1,23,1,1,4,11,1,2,N,4,NA,NA,4,97,97,,,1,0,0,0,0,1,0,N,N,N,N,N,N,N,9/29/2011,8:25 PM,227,22,N,N,NA,NA,19,,,1,500,S,PLEASANT VALLEY,RD,N,N,35,N,N,,N,19,,,NA,500,S,PLEASANT VALLEY TN STATION,,NA,,,,,,11,3,0,NA,1,2,20,8:30 PM,DISPATCHED,8:32 PM,9/29/2011,Y,74,12,98,129,8,5,4,1,64,54,1,5,1,21,21,227,22,30.24638121,-97.7147404,,,,NA,S PLEASANT VALLEY RD,500,NA,NA,NA,NA,NA,,,,N/A,NA,NA,NA,NA,Y,N,N,1,9,Y,THU,NA,NA,NA,NA,NA,NA,NA,NA,NA,NA,NA,NA,NA,NA,NA,NA,NA,NA,NA,NA,NA,NA,NA,NA,NA,NA,NA,NA,NA,NA,NA,NA,NA,NA,NA,NA,NA,NA,NA,NA,NA,NA,NA,NA,NA,NA,NA,NA,NA,,,NA,NA,NA,NA,1,0,0,1,0,1,0,90,123085502,1230855021
12308575,AUS_12308575,30.18665,-97.85511,2,1,3,16,2,15,1,1,4,11,1,4,N,4,NA,NA,4,97,97,,,0,1,0,0,0,1,0,N,N,N,N,N,N,N,9/30/2011,8:23 AM,227,22,N,Y,NA,NA,19,,,1,10000,,WOLFTRAP,DR,N,N,45,N,N,,Y,19,,,NA,2900,W,SLAUGHTER,LN,NA,,,,,,11,1,2,NA,1,1,5,8:23 AM,DISPATCHED,8:30 AM,9/30/2011,Y,74,163,99,130,8,5,2,2,64,54,1,5,1,21,21,227,22,30.18665,-97.85511,,,,NA,WOLFTRAP DR,10001,NA,NA,NA,NA,NA,,,,W SLAUGHTER LN,NA,NA,NA,NA,Y,N,N,2,9,Y,FRI,NA,NA,NA,NA,NA,NA,NA,NA,NA,NA,NA,NA,NA,NA,NA,NA,NA,NA,NA,NA,NA,NA,NA,NA,NA,NA,NA,NA,NA,NA,NA,NA,NA,NA,NA,NA,NA,NA,NA,NA,NA,NA,NA,NA,NA,NA,NA,NA,NA,,,NA,NA,NA,NA,0,1,0,1,0,1,0,90,123085752,1230857521
12315993,AUS_12315993,30.25002,-97.75495,2,1,3,16,2,24,1,2,4,11,1,4,N,4,NA,NA,4,97,97,,,0,1,0,0,0,1,0,N,N,N,N,N,N,N,9/13/2011,10:17 PM,227,22,N,N,NA,NA,19,,,1,1500,S,1ST,,N,N,35,N,N,,Y,19,,,NA,,W,ELIZABETH,,NA,,,,,,11,3,4,NA,1,1,8,10:17 PM,DISPATCH,10:17 PM,9/13/2011,Y,74,42,93,112,8,5,1,1,64,54,1,5,1,21,21,227,22,30.25002,-97.75495,,,,NA,S 1ST ST,1501,NA,NA,NA,NA,NA,,,,W ELIZABETH ST,NA,NA,NA,NA,Y,N,N,2,9,Y,TUE,NA,NA,NA,NA,NA,NA,NA,NA,NA,NA,NA,NA,NA,NA,NA,NA,NA,NA,NA,NA,NA,NA,NA,NA,NA,NA,NA,NA,NA,NA,NA,NA,NA,NA,NA,NA,NA,NA,NA,NA,NA,NA,NA,NA,NA,NA,NA,NA,NA,,,NA,NA,NA,NA,0,1,0,2,0,1,0,90,123159932,1231599321
12315994,AUS_12315994,30.24424,-97.74036,2,1,3,16,2,27,1,2,4,11,1,4,N,4,NA,NA,4,97,97,,,0,1,0,0,0,1,0,N,N,N,N,N,N,N,9/13/2011,5:31 PM,227,22,N,N,NA,NA,19,,,1,1100,,REAGAN TERRACE,,N,N,30,N,N,,Y,19,,,NA,1500,,KENWOOD,AVE,NA,,,,,,11,1,4,NA,2,1,8,5:40 PM,POLICE DISPATCH,5:44 PM,9/13/2011,Y,74,NA,NA,NA,8,5,1,1,64,54,1,5,1,21,21,227,22,30.24424,-97.74036,,,,NA,REAGAN TER,1101,NA,NA,NA,NA,NA,,,,KENWOOD AVE,NA,NA,NA,NA,Y,N,N,2,9,Y,TUE,NA,NA,NA,NA,NA,NA,NA,NA,NA,NA,NA,NA,NA,NA,NA,NA,NA,NA,NA,NA,NA,NA,NA,NA,NA,NA,NA,NA,NA,NA,NA,NA,NA,NA,NA,NA,NA,NA,NA,NA,NA,NA,NA,NA,NA,NA,NA,NA,NA,,,NA,NA,NA,NA,0,1,0,1,0,1,0,90,123159942,1231599421
12316066,AUS_12316066,30.26574748,-97.73465227,2,1,3,16,2,40,1,1,4,11,1,4,N,4,NA,NA,4,97,97,,,0,1,0,0,0,1,0,N,N,N,N,N,N,N,9/3/2011,10:03 PM,227,22,N,N,NA,NA,1,35,,2,600,N,SVRD SB,,N,N,0,N,N,,Y,19,,,NA,700,E,6TH,ST,NA,,,,,,11,4,2,2,2,1,5,10:03 PM,CALLED TO SCENE,10:05 PM,9/3/2011,Y,74,12,115,144,8,5,2,1,64,54,2,1,1,21,21,227,22,30.26574748,-97.73465227,IH,35,,233.856,IH0035,NA,15,13,17.721,235,-0.32,,,,E 6TH ST,NA,NA,NA,NA,Y,Y,N,2,9,Y,SAT,5,0,2,5,7,2,6,300,86,72,4,0,0,2,4,5,2,10,5,2,3,4,11,169360,2012,169360,2.6,7.1,9.7,NA,NA,NA,NA,NA,NA,NA,NA,NA,NA,NA,NA,NA,NA,NA,NA,NA,NA,NA,NA,,,NA,NA,NA,NA,0,1,0,1,0,1,0,90,123160662,1231606621
12316108,AUS_12316108,30.26542,-97.70903,1,1,3,16,2,NA,2,1,4,11,1,2,N,4,NA,NA,4,97,97,,,0,1,0,0,0,1,0,N,N,N,N,N,N,N,9/19/2011,5:28 PM,227,22,N,Y,NA,NA,19,,,1,,,WEBBERVILLE,RD,N,N,35,N,N,,Y,19,,,NA,,N,PLEASANT VALLEY,RD,NA,,,,,,11,1,4,NA,2,1,5,5:28 PM,DISPATCHED,5:28 PM,9/19/2011,Y,74,NA,151,92,8,5,2,2,64,54,1,5,1,21,21,227,22,30.26542,-97.70903,,,,NA,WEBBERVILLE RD,2901,NA,NA,NA,NA,NA,,,,N PLEASANT VALLEY RD,NA,NA,NA,NA,Y,N,N,2,9,Y,MON,NA,NA,NA,NA,NA,NA,NA,NA,NA,NA,NA,NA,NA,NA,NA,NA,NA,NA,NA,NA,NA,NA,NA,NA,NA,NA,NA,NA,NA,NA,NA,NA,NA,NA,NA,NA,NA,NA,NA,NA,NA,NA,NA,NA,NA,NA,NA,NA,NA,,,NA,NA,NA,NA,0,1,0,2,0,1,0,90,123161081,1231610811
12316931,AUS_12316931,30.28931,-97.73461,2,1,3,16,2,56,1,1,4,11,1,2,N,4,NA,NA,4,97,97,,,0,1,0,0,0,1,0,N,N,N,N,N,N,N,9/19/2011,9:38 AM,227,22,N,N,NA,NA,19,,,1,,,SAN JACINTO,BLVD,N,N,30,N,N,,Y,19,,,NA,,E,DEAN KEETON,ST,NA,,,,,,11,1,4,NA,1,1,5,9:40 AM,DISPATCH,9:45 AM,9/19/2011,Y,74,NA,NA,187,8,5,1,3,64,54,1,5,1,21,21,227,22,30.28931,-97.73461,,,,NA,SAN JACINTO BLVD,NA,NA,NA,NA,NA,NA,,,,W DEAN KEETON ST,NA,NA,NA,NA,Y,N,N,2,9,Y,MON,NA,NA,NA,NA,NA,NA,NA,NA,NA,NA,NA,NA,NA,NA,NA,NA,NA,NA,NA,NA,NA,NA,NA,NA,NA,NA,NA,NA,NA,NA,NA,NA,NA,NA,NA,NA,NA,NA,NA,NA,NA,NA,NA,NA,NA,NA,NA,NA,NA,,,NA,NA,NA,NA,0,1,0,1,0,1,0,90,123169312,1231693121
12316956,AUS_12316956,30.29326078,-97.73591241,2,1,3,16,2,23,1,1,4,11,1,5,N,4,NA,NA,4,97,97,,,0,1,0,0,0,1,0,N,N,N,N,N,N,N,9/6/2011,11:30 AM,227,22,N,N,NA,NA,19,,,1,3000,,SPEEDWAY,AVE,N,N,25,N,N,,N,19,,,1,100,E,30TH,ST,NA,,,,,,11,1,4,NA,1,1,20,9:08 PM,DISPATCHED,9:45 PM,9/6/2011,Y,74,NA,120,14,8,5,4,1,64,54,1,5,1,21,21,227,22,30.29326078,-97.73591241,,,,NA,SPEEDWAY,3014,NA,NA,NA,NA,NA,,,,N/A,NA,NA,NA,NA,Y,N,N,2,9,Y,TUE,NA,NA,NA,NA,NA,NA,NA,NA,NA,NA,NA,NA,NA,NA,NA,NA,NA,NA,NA,NA,NA,NA,NA,NA,NA,NA,NA,NA,NA,NA,NA,NA,NA,NA,NA,NA,NA,NA,NA,NA,NA,NA,NA,NA,NA,NA,NA,NA,NA,,,NA,NA,NA,NA,0,1,0,0,1,1,0,90,123169562,1231695621
12316980,AUS_12316980,30.25479,-97.71196,2,1,3,16,2,51,0,1,4,11,1,3,N,4,NA,NA,4,97,97,,,0,1,0,0,0,1,0,N,N,N,N,N,N,N,9/3/2011,4:21 PM,227,22,N,N,NA,NA,19,,,1,2700,NE,3RD,ST,N,N,30,N,N,,Y,19,,,1,300,N,PLEASANT VALLEY,RD,NA,,,,,,11,1,4,NA,1,1,8,4:22 PM,RADIO,4:26 PM,9/3/2011,Y,74,22,34,48,8,5,2,1,64,54,1,5,1,21,21,227,22,30.25479,-97.71196,,,,NA,E 3RD ST,2800,NA,NA,NA,NA,NA,,,,N PLEASANT VALLEY RD,NA,NA,NA,NA,Y,N,N,2,9,Y,SAT,NA,NA,NA,NA,NA,NA,NA,NA,NA,NA,NA,NA,NA,NA,NA,NA,NA,NA,NA,NA,NA,NA,NA,NA,NA,NA,NA,NA,NA,NA,NA,NA,NA,NA,NA,NA,NA,NA,NA,NA,NA,NA,NA,NA,NA,NA,NA,NA,NA,,,NA,NA,NA,NA,0,1,0,1,0,1,0,90,123169802,1231698021
12320874,AUS_12320874,30.34026442,-97.59172762,2,1,3,16,2,75,1,1,4,11,1,4,N,4,NA,NA,4,97,97,,,0,1,0,0,0,1,0,N,N,N,N,N,N,N,10/12/2011,5:49 PM,227,22,N,Y,NA,NA,19,,,1,1000,W,45TH,ST,N,N,40,N,N,,Y,19,,,NA,4500,N,LAMAR,BLVD,NA,,,,,,11,1,4,2,1,1,5,5:49 PM,DISPATCH,5:51 PM,10/12/2011,Y,74,22,120,14,8,5,2,2,64,21,1,2,1,21,21,227,22,30.34026442,-97.59172762,US,290,,132.17,US0290,NA,114,2,7.457,594,-0.904,,,,TX 45 TOLL,NA,NA,NA,NA,Y,Y,N,2,9,Y,WED,3,0,6,10,68,2,5,200,92,60,4,0,0,2,12,5,2,20,5,3,56,4,14,28000,2012,28000,3.2,4.4,7.6,NA,NA,NA,NA,NA,NA,NA,NA,NA,NA,NA,NA,NA,NA,NA,NA,NA,NA,NA,NA,,,NA,NA,NA,NA,0,1,0,1,0,1,0,90,123208742,1232087421
12320921,AUS_12320921,30.15505,-97.83583,1,1,3,16,2,8,1,1,4,11,1,4,N,4,NA,NA,4,97,97,,,0,1,0,0,0,1,0,N,N,N,N,N,N,N,10/2/2011,6:49 PM,227,22,N,N,NA,NA,19,,,1,1900,,MARCUS ABRAMS,BLVD,N,N,30,N,N,,N,19,,,NA,11400,,EDDIE EGON,LN,NA,,,,,,11,1,0,NA,6,1,1,6:49 PM,DISPATCHED,6:54 PM,10/2/2011,Y,74,NA,169,130,8,5,2,1,64,54,1,5,1,21,21,227,22,30.15505,-97.83583,,,,NA,MARCUS ABRAMS BLVD,1900,NA,NA,NA,NA,NA,,,,UNKNOWN,NA,NA,NA,NA,Y,N,N,2,9,Y,SUN,NA,NA,NA,NA,NA,NA,NA,NA,NA,NA,NA,NA,NA,NA,NA,NA,NA,NA,NA,NA,NA,NA,NA,NA,NA,NA,NA,NA,NA,NA,NA,NA,NA,NA,NA,NA,NA,NA,NA,NA,NA,NA,NA,NA,NA,NA,NA,NA,NA,,,NA,NA,NA,NA,0,1,0,1,0,1,0,90,123209211,1232092111
12328468,AUS_12328468,30.2643,-97.74421,2,1,3,16,2,28,1,1,4,11,1,4,N,4,NA,NA,4,97,97,,,0,1,0,0,0,1,0,N,N,N,N,N,N,N,9/2/2011,2:16 AM,227,22,N,N,NA,NA,19,,,1,,S,CONGRESS,AVE,N,N,35,N,N,,Y,19,,,NA,,,2ND,ST,NA,,,,,,11,4,2,NA,1,1,5,10:37 PM,DISPATCH,10:40 PM,9/2/2011,N,74,42,93,112,8,5,1,1,64,54,1,5,1,21,21,227,22,30.2643,-97.74421,,,,NA,CONGRESS AVE,199,NA,NA,NA,NA,NA,,,,W 2ND ST,NA,NA,NA,NA,Y,N,N,2,9,Y,FRI,NA,NA,NA,NA,NA,NA,NA,NA,NA,NA,NA,NA,NA,NA,NA,NA,NA,NA,NA,NA,NA,NA,NA,NA,NA,NA,NA,NA,NA,NA,NA,NA,NA,NA,NA,NA,NA,NA,NA,NA,NA,NA,NA,NA,NA,NA,NA,NA,NA,,,NA,NA,NA,NA,0,1,0,0,4,1,0,90,123284682,1232846821
12330011,AUS_12330011,30.33031454,-97.72359591,2,1,3,16,1,27,1,1,4,11,1,5,N,4,NA,NA,4,97,97,,,1,0,0,0,0,1,0,N,N,N,N,N,N,N,10/18/2011,6:25 PM,227,22,N,Y,NA,NA,11,111,,7,6200,,AIRPORT,BLVD,N,N,40,N,N,,Y,19,,,7,100,,DENSON,DR,NA,,,,,,11,1,4,NA,1,1,5,6:25 PM,DISPATCHED,6:30 PM,10/18/2011,Y,74,NA,NA,NA,8,5,1,3,64,54,1,2,1,21,21,227,22,30.33031454,-97.72359591,,,,NA,N LAMAR BLVD,6191,NA,NA,NA,NA,NA,,,,UNKNOWN,NA,NA,NA,NA,Y,N,N,1,9,Y,TUE,NA,NA,NA,NA,NA,NA,NA,NA,NA,NA,NA,NA,NA,NA,NA,NA,NA,NA,NA,NA,NA,NA,NA,NA,NA,NA,NA,NA,NA,NA,NA,NA,NA,NA,NA,NA,NA,NA,NA,NA,NA,NA,NA,NA,NA,NA,NA,NA,NA,,,NA,NA,NA,NA,1,0,0,1,0,1,0,90,123300112,1233001121
12330371,AUS_12330371,30.28854,-97.75278,2,1,3,16,3,62,1,2,4,11,1,4,N,4,NA,NA,4,97,97,,,0,0,1,0,0,1,0,N,N,N,N,N,N,N,10/18/2011,4:45 PM,227,22,N,N,NA,NA,19,,,1,,N,LAMAR,BLVD,N,N,35,N,N,,Y,19,,,NA,,W,24TH,ST,NA,,,,,,11,1,4,NA,2,1,5,4:45 PM,CAD,4:52 PM,10/18/2011,Y,74,252,10,14,8,5,2,1,64,54,1,5,1,21,21,227,22,30.28854,-97.75278,,,,NA,N LAMAR BLVD,2399,NA,NA,NA,NA,NA,,,,W 24TH ST,NA,NA,NA,NA,Y,N,N,3,9,Y,TUE,NA,NA,NA,NA,NA,NA,NA,NA,NA,NA,NA,NA,NA,NA,NA,NA,NA,NA,NA,NA,NA,NA,NA,NA,NA,NA,NA,NA,NA,NA,NA,NA,NA,NA,NA,NA,NA,NA,NA,NA,NA,NA,NA,NA,NA,NA,NA,NA,NA,,,NA,NA,NA,NA,0,0,1,1,0,1,0,90,123303712,1233037121
12330395,AUS_12330395,30.30822,-97.67203,2,1,3,16,2,10,2,1,4,11,1,4,N,4,NA,NA,4,97,97,,,0,1,0,0,0,1,0,N,N,N,N,N,N,N,10/13/2011,7:16 PM,227,22,N,Y,NA,NA,19,,,1,6300,,MANOR,RD,N,N,30,N,N,,Y,19,,,NA,,,HYSIDE,DR,NA,,,,,,11,1,2,NA,1,1,8,7:16 PM,DISPATCH,7:25 PM,10/13/2011,Y,74,NA,NA,NA,8,5,2,1,64,54,1,5,1,21,21,227,22,30.30822,-97.67203,,,,NA,MANOR RD,6307,NA,NA,NA,NA,NA,,,,HYSIDE DR,NA,NA,NA,NA,Y,N,N,2,9,Y,THU,NA,NA,NA,NA,NA,NA,NA,NA,NA,NA,NA,NA,NA,NA,NA,NA,NA,NA,NA,NA,NA,NA,NA,NA,NA,NA,NA,NA,NA,NA,NA,NA,NA,NA,NA,NA,NA,NA,NA,NA,NA,NA,NA,NA,NA,NA,NA,NA,NA,,,NA,NA,NA,NA,0,1,0,2,0,1,0,90,123303952,1233039521
12330448,AUS_12330448,30.37744,-97.75343,2,1,3,16,2,33,1,1,4,11,1,3,N,4,NA,NA,4,97,97,,,0,1,0,0,0,1,0,N,N,N,N,N,N,N,10/14/2011,8:18 AM,227,22,N,Y,NA,NA,19,,,1,8500,,MESA,,N,N,30,N,N,,Y,19,,,NA,4000,,CIMA CERENA,,NA,,,,,,11,1,2,NA,1,1,1,8:18 AM,DISPATCH,8:23 AM,10/14/2011,Y,74,17,46,64,8,5,2,2,64,54,1,5,1,21,21,227,22,30.37744,-97.75343,,,,NA,MESA DR,8501,NA,NA,NA,NA,NA,,,,CIMA SERENA DR,NA,NA,NA,NA,Y,N,N,2,9,Y,FRI,NA,NA,NA,NA,NA,NA,NA,NA,NA,NA,NA,NA,NA,NA,NA,NA,NA,NA,NA,NA,NA,NA,NA,NA,NA,NA,NA,NA,NA,NA,NA,NA,NA,NA,NA,NA,NA,NA,NA,NA,NA,NA,NA,NA,NA,NA,NA,NA,NA,,,NA,NA,NA,NA,0,1,0,1,0,1,0,90,123304482,1233044821
12330451,AUS_12330451,30.307,-97.72458,2,1,3,16,3,NA,1,1,4,11,1,2,N,4,NA,NA,4,97,97,,,0,0,1,0,0,1,0,N,N,N,N,N,N,N,10/15/2011,12:45 PM,227,22,N,N,NA,NA,19,,,1,,E,45TH,ST,N,N,0,N,N,,Y,19,,,NA,4500,,DUVAL,ST,NA,,,,,,11,1,4,NA,1,1,5,12:45 PM,DISPATCHED,1:05 PM,10/15/2011,Y,74,NA,151,21,8,5,2,2,64,54,1,5,1,21,21,227,22,30.307,-97.72458,,,,NA,E 45TH ST,NA,NA,NA,NA,NA,NA,,,,DUVAL ST,NA,NA,NA,NA,Y,N,N,3,9,Y,SAT,NA,NA,NA,NA,NA,NA,NA,NA,NA,NA,NA,NA,NA,NA,NA,NA,NA,NA,NA,NA,NA,NA,NA,NA,NA,NA,NA,NA,NA,NA,NA,NA,NA,NA,NA,NA,NA,NA,NA,NA,NA,NA,NA,NA,NA,NA,NA,NA,NA,,,NA,NA,NA,NA,0,0,1,0,1,1,0,90,123304512,1233045121
12330470,AUS_12330470,30.2844,-97.7185,2,1,3,16,1,27,1,2,4,11,1,4,N,4,NA,NA,4,97,97,,,1,0,0,0,0,1,0,N,N,N,N,N,N,N,10/18/2011,6:12 PM,227,22,N,N,NA,NA,19,,,1,,,MANOR,RD,N,N,40,N,N,,Y,19,,,NA,,,CHERRYWOOD,RD,NA,,,,,,11,1,0,NA,1,1,5,6:12 PM,DISPATCH,6:16 PM,10/18/2011,Y,74,NA,34,48,8,5,1,3,64,54,1,5,1,21,21,227,22,30.2844,-97.7185,,,,NA,MANOR RD,2221,NA,NA,NA,NA,NA,,,,CHERRYWOOD RD,NA,NA,NA,NA,Y,N,N,1,9,Y,TUE,NA,NA,NA,NA,NA,NA,NA,NA,NA,NA,NA,NA,NA,NA,NA,NA,NA,NA,NA,NA,NA,NA,NA,NA,NA,NA,NA,NA,NA,NA,NA,NA,NA,NA,NA,NA,NA,NA,NA,NA,NA,NA,NA,NA,NA,NA,NA,NA,NA,,,NA,NA,NA,NA,1,0,0,1,0,1,0,90,123304702,1233047021
12330482,AUS_12330482,30.24284044,-97.71701094,2,1,3,16,1,22,2,2,4,11,1,4,N,4,NA,NA,4,97,97,,,1,0,0,0,0,1,0,N,N,N,N,N,N,N,10/13/2011,2:37 AM,227,22,N,Y,NA,NA,19,,,1,600,S,PLEASANT VALLEY,,N,N,45,N,N,,N,19,,,NA,,,LAKESHORE,DR,NA,,,,,,11,4,0,NA,2,1,20,2:37 AM,DISPATCHED,2:43 AM,10/13/2011,Y,74,26,98,129,8,5,4,1,64,54,1,5,1,21,21,227,22,30.24284044,-97.71701094,,,,NA,S PLEASANT VALLEY RD,963,NA,NA,NA,NA,NA,,,,N/A,NA,NA,NA,NA,Y,N,N,1,9,Y,THU,NA,NA,NA,NA,NA,NA,NA,NA,NA,NA,NA,NA,NA,NA,NA,NA,NA,NA,NA,NA,NA,NA,NA,NA,NA,NA,NA,NA,NA,NA,NA,NA,NA,NA,NA,NA,NA,NA,NA,NA,NA,NA,NA,NA,NA,NA,NA,NA,NA,,,NA,NA,NA,NA,1,0,0,1,0,1,0,90,123304822,1233048221
12331621,AUS_12331621,30.29315804,-97.7417539,1,1,3,16,2,22,1,2,4,11,1,5,N,4,NA,NA,4,97,97,,,0,1,0,0,0,1,0,N,N,N,N,N,N,N,10/15/2011,1:31 PM,227,22,N,Y,NA,NA,19,,,1,2700,,GUADALUPE,ST,N,N,35,N,N,,N,19,,,NA,,,HEMPHILL,PARK,NA,,,,,,11,1,0,NA,1,1,20,1:31 PM,RADIO DISPATCH,1:42 PM,10/15/2011,Y,74,129,10,14,8,5,4,1,64,54,1,5,1,21,21,227,22,30.29315804,-97.7417539,,,,NA,GUADALUPE ST,2714,NA,NA,NA,NA,NA,,,,N/A,NA,NA,NA,NA,Y,N,N,2,9,Y,SAT,NA,NA,NA,NA,NA,NA,NA,NA,NA,NA,NA,NA,NA,NA,NA,NA,NA,NA,NA,NA,NA,NA,NA,NA,NA,NA,NA,NA,NA,NA,NA,NA,NA,NA,NA,NA,NA,NA,NA,NA,NA,NA,NA,NA,NA,NA,NA,NA,NA,,,NA,NA,NA,NA,0,1,2,0,0,3,0,90,123316211,1233162111
12331718,AUS_12331718,NA,NA,1,1,3,16,3,21,1,1,4,11,1,4,N,4,NA,NA,4,97,97,,,0,0,1,0,0,1,0,N,N,N,N,N,N,N,10/19/2011,10:00 AM,227,22,N,N,NA,NA,19,,,7,5101,N,LAMAR,BLVD,N,N,0,N,N,,N,19,,,NA,,W,51ST,ST,NA,,,,,,11,1,98,NA,1,1,17,10:00 AM,CAD,10:00 AM,10/19/2011,Y,74,NA,140,178,8,5,4,1,64,54,7,9,5,33,21,227,22,NA,NA,,,,NA,N LAMAR BLVD,NA,NA,NA,NA,NA,NA,,,,N/A,NA,NA,NA,NA,N,N,N,3,9,N,WED,NA,NA,NA,NA,NA,NA,NA,NA,NA,NA,NA,NA,NA,NA,NA,NA,NA,NA,NA,NA,NA,NA,NA,NA,NA,NA,NA,NA,NA,NA,NA,NA,NA,NA,NA,NA,NA,NA,NA,NA,NA,NA,NA,NA,NA,NA,NA,NA,NA,,,NA,NA,NA,NA,0,0,1,1,0,1,0,NA,123317181,1233171811