CrashID,CrashID1,Latitude,Longitude,Unit_Nbr,Prsn_Nbr,Prsn_Type_ID,Prsn_Occpnt_Pos_ID,Prsn_Injry_Sev_ID,Prsn_Age,Prsn_Ethnicity_ID,Prsn_Gndr_ID,Prsn_Ejct_ID,Prsn_Rest_ID,Prsn_Airbag_ID,Prsn_Helmet_ID,Prsn_Sol_Fl,Prsn_Alc_Spec_Type_ID,Prsn_Alc_Rslt_ID,Prsn_Bac_Test_Rslt,Prsn_Drg_Spec_Type_ID,Prsn_Drg_Rslt_ID,Drvr_Drg_Cat_1_ID,Prsn_Death_Date,Prsn_Death_Time,Incap_Injry_Cnt.x,Nonincap_Injry_Cnt.x,Poss_Injry_Cnt.x,Non_Injry_Cnt.x,Unkn_Injry_Cnt.x,Tot_Injry_Cnt.x,Death_Cnt.x,Crash_Fatal_Fl,Cmv_Involv_Fl,Schl_Bus_Fl,Rr_Relat_Fl,Medical_Advisory_Fl,Amend_Supp_Fl,Active_School_Zone_Fl,Crash_Date,Crash_Time,Rpt_CRIS_Cnty_ID,Rpt_City_ID,Rpt_Outside_City_Limit_Fl,Thousand_Damage_Fl,Rpt_Latitude,Rpt_Longitude,Rpt_Rdwy_Sys_ID,Rpt_Hwy_Num,Rpt_Hwy_Sfx,Rpt_Road_Part_ID,Rpt_Block_Num,Rpt_Street_Pfx,Rpt_Street_Name,Rpt_Street_Sfx,Private_Dr_Fl,Toll_Road_Fl,Crash_Speed_Limit,Road_Constr_Zone_Fl,Road_Constr_Zone_Wrkr_Fl,Rpt_Street_Desc,At_Intrsct_Fl,Rpt_Sec_Rdwy_Sys_ID,Rpt_Sec_Hwy_Num,Rpt_Sec_Hwy_Sfx,Rpt_Sec_Road_Part_ID,Rpt_Sec_Block_Num,Rpt_Sec_Street_Pfx,Rpt_Sec_Street_Name,Rpt_Sec_Street_Sfx,Rpt_Ref_Mark_Offset_Amt,Rpt_Ref_Mark_Dist_Uom,Rpt_Ref_Mark_Dir,Rpt_Ref_Mark_Nbr,Rpt_Sec_Street_Desc,Rpt_CrossingNumber,Wthr_Cond_ID,Light_Cond_ID,Entr_Road_ID,Road_Type_ID,Road_Algn_ID,Surf_Cond_ID,Traffic_Cntl_ID,Investigat_Notify_Time,Investigat_Notify_Meth,Investigat_Arrv_Time,Report_Date,Investigat_Comp_Fl,Investigat_Agency_ID,Investigat_Area_ID,Investigat_District_ID,Investigat_Region_ID,Bridge_Detail_ID,Harm_Evnt_ID,Intrsct_Relat_ID,FHE_Collsn_ID,Obj_Struck_ID,Othr_Factr_ID,Road_Part_Adj_ID,Road_Cls_ID,Road_Relat_ID,Phys_Featr_1_ID,Phys_Featr_2_ID,Cnty_ID,City_ID,Latitude,Longitude,Hwy_Sys,Hwy_Nbr,Hwy_Sfx,Dfo,Street_Name,Street_Nbr,Control,Section,Milepoint,Ref_Mark_Nbr,Ref_Mark_Displ,Hwy_Sys_2,Hwy_Nbr_2,Hwy_Sfx_2,Street_Name_2,Street_Nbr_2,Control_2,Section_2,Milepoint_2,Txdot_Rptable_Fl,Onsys_Fl,Rural_Fl,Crash_Sev_ID,Pop_Group_ID,Located_Fl,Day_of_Week,Hwy_Dsgn_Lane_ID,Hwy_Dsgn_Hrt_ID,Hp_Shldr_Left,Hp_Shldr_Right,Hp_Median_Width,Base_Type_ID,Nbr_Of_Lane,Row_Width_Usual,Roadbed_Width,Surf_Width,Surf_Type_ID,Curb_Type_Left_ID,Curb_Type_Right_ID,Shldr_Type_Left_ID,Shldr_Width_Left,Shldr_Use_Left_ID,Shldr_Type_Right_ID,Shldr_Width_Right,Shldr_Use_Right_ID,Median_Type_ID,Median_Width,Rural_Urban_Type_ID,Func_Sys_ID,Adt_Curnt_Amt,Adt_Curnt_Year,Adt_Adj_Curnt_Amt,Pct_Single_Trk_Adt,Pct_Combo_Trk_Adt,Trk_Aadt_Pct,Curve_Type_ID,Curve_Lngth,Cd_Degr,Delta_Left_Right_ID,Dd_Degr,Feature_Crossed,Structure_Number,I_R_Min_Vert_Clear,Approach_Width,Bridge_Median_ID,Bridge_Loading_Type_ID,Bridge_Loading_In_1000_Lbs,Bridge_Srvc_Type_On_ID,Bridge_Srvc_Type_Under_ID,Culvert_Type_ID,Roadway_Width,Deck_Width,Bridge_Dir_Of_Traffic_ID,Bridge_Rte_Struct_Func_ID,Bridge_IR_Struct_Func_ID,CrossingNumber,RRCo,Poscrossing_ID,WDCode_ID,Standstop,Yield,Incap_Injry_Cnt.y,Nonincap_Injry_Cnt.y,Poss_Injry_Cnt.y,Non_Injry_Cnt.y,Unkn_Injry_Cnt.y,Tot_Injry_Cnt.y,Death_Cnt.y,MPO_ID,Unit_ID,Unit_Prsn_ID
12379033,AUS_12379033,30.253,-97.71279,3,1,3,16,1,25,1,2,4,11,1,5,,4,NA,NA,4,97,97,,,1,0,0,0,0,1,0,N,N,N,N,N,N,N,10/19/2011,6:54 AM,227,22,N,Y,NA,NA,19,,,1,,N,PLEASANT VALLEY,RD,N,N,30,N,N,,Y,19,,,NA,,E,CESAR CHAVEZ,ST,NA,,,,,,11,4,4,NA,1,1,5,6:54 AM,RADIO/OFFICER ON SCE,6:54 AM,10/19/2011,Y,74,NA,NA,119,8,2,1,10,64,54,1,5,1,21,21,227,22,30.253,-97.71279,,,,NA,N PLEASANT VALLEY RD,NA,NA,NA,NA,NA,NA,,,,E CESAR CHAVEZ ST,NA,NA,NA,NA,Y,N,N,1,9,Y,WED,NA,NA,NA,NA,NA,NA,NA,NA,NA,NA,NA,NA,NA,NA,NA,NA,NA,NA,NA,NA,NA,NA,NA,NA,NA,NA,NA,NA,NA,NA,NA,NA,NA,NA,NA,NA,NA,NA,NA,NA,NA,NA,NA,NA,NA,NA,NA,NA,NA,,,NA,NA,NA,NA,1,1,1,0,0,3,0,90,123790333,1237903331
12379038,AUS_12379038,30.27896,-97.73217,1,1,3,16,2,29,1,1,4,11,2,4,N,4,NA,NA,4,97,97,,,0,1,0,0,0,1,0,N,N,N,N,N,N,N,10/20/2011,10:17 PM,227,22,N,Y,NA,NA,19,,,1,1900,,RED RIVER,,N,N,40,N,N,,Y,19,,,NA,1000,E,MLK,,NA,,,,,,11,4,4,NA,1,1,5,10:17 PM,DISPATCH,10:19 PM,10/20/2011,Y,74,11,10,14,8,5,2,1,64,54,1,5,1,21,21,227,22,30.27896,-97.73217,,,,NA,RED RIVER ST,NA,NA,NA,NA,NA,NA,,,,UNKNOWN,NA,NA,NA,NA,Y,N,N,2,9,Y,THU,NA,NA,NA,NA,NA,NA,NA,NA,NA,NA,NA,NA,NA,NA,NA,NA,NA,NA,NA,NA,NA,NA,NA,NA,NA,NA,NA,NA,NA,NA,NA,NA,NA,NA,NA,NA,NA,NA,NA,NA,NA,NA,NA,NA,NA,NA,NA,NA,NA,,,NA,NA,NA,NA,0,1,0,1,0,1,0,90,123790381,1237903811
12379054,AUS_12379054,30.2145509,-97.79898496,2,1,3,16,2,16,1,1,4,11,1,4,N,4,NA,NA,4,97,97,,,0,1,0,0,0,1,0,N,N,N,N,N,N,Y,8/23/2011,8:21 AM,227,22,N,N,NA,NA,19,,,1,5700,,MANCHACA,RD,N,N,20,N,N,,N,19,,,NA,,,STASSNAY,RD,NA,,,,,,11,1,2,NA,1,1,5,8:21 AM,DROVE UP ON,8:21 AM,8/23/2011,Y,74,17,169,130,8,5,3,3,64,13,1,5,1,32,21,227,22,30.2145509,-97.79898496,,,,NA,MANCHACA RD,5603,NA,NA,NA,NA,NA,,,,N/A,NA,NA,NA,NA,Y,N,N,2,9,Y,TUE,NA,NA,NA,NA,NA,NA,NA,NA,NA,NA,NA,NA,NA,NA,NA,NA,NA,NA,NA,NA,NA,NA,NA,NA,NA,NA,NA,NA,NA,NA,NA,NA,NA,NA,NA,NA,NA,NA,NA,NA,NA,NA,NA,NA,NA,NA,NA,NA,NA,,,NA,NA,NA,NA,0,1,0,1,0,1,0,90,123790542,1237905421
12380943,AUS_12380943,NA,NA,2,1,3,16,0,NA,0,0,4,11,1,5,,4,NA,NA,4,97,97,,,0,0,0,0,1,0,0,N,N,N,N,N,N,N,10/14/2011,6:22 PM,227,22,N,N,NA,NA,19,,,1,,E,12TH,ST,N,N,30,N,N,,Y,19,,,NA,,,PAAVILO,ST,NA,,,,,,11,1,4,NA,2,1,20,6:23 PM,DISPATCHED,6:24 PM,10/14/2011,N,74,NA,34,48,8,5,1,3,64,54,1,5,1,21,21,227,22,NA,NA,,,,NA,E 12TH ST,NA,NA,NA,NA,NA,NA,,,,PAAVILO ST,NA,NA,NA,NA,N,N,N,0,9,N,FRI,NA,NA,NA,NA,NA,NA,NA,NA,NA,NA,NA,NA,NA,NA,NA,NA,NA,NA,NA,NA,NA,NA,NA,NA,NA,NA,NA,NA,NA,NA,NA,NA,NA,NA,NA,NA,NA,NA,NA,NA,NA,NA,NA,NA,NA,NA,NA,NA,NA,,,NA,NA,NA,NA,0,0,0,0,2,0,0,NA,123809432,1238094321
12380944,AUS_12380944,30.28569,-97.71021,2,1,3,16,1,24,1,1,4,11,1,1,,4,NA,NA,4,97,97,,,1,0,0,0,0,1,0,N,N,N,N,N,N,N,10/17/2011,6:24 PM,227,22,N,Y,NA,NA,19,,,1,2800,,MANOR,RD,N,N,35,N,N,,Y,19,,,NA,3200,,ALEXANDER,AVE,NA,,,,,,11,1,3,NA,2,1,16,6:24 PM,DISPATCH,6:25 PM,10/17/2011,Y,74,NA,NA,92,8,5,1,3,64,54,1,5,1,21,21,227,22,30.28569,-97.71021,,,,NA,MANOR RD,2901,NA,NA,NA,NA,NA,,,,ALEXANDER AVE,NA,NA,NA,NA,Y,N,N,1,9,Y,MON,NA,NA,NA,NA,NA,NA,NA,NA,NA,NA,NA,NA,NA,NA,NA,NA,NA,NA,NA,NA,NA,NA,NA,NA,NA,NA,NA,NA,NA,NA,NA,NA,NA,NA,NA,NA,NA,NA,NA,NA,NA,NA,NA,NA,NA,NA,NA,NA,NA,,,NA,NA,NA,NA,1,0,0,1,0,1,0,90,123809442,1238094421
12387082,AUS_12387082,30.23991419,-97.76600893,2,1,3,16,2,28,1,2,4,11,1,4,Y,4,NA,NA,4,97,97,,,0,1,0,0,0,1,0,N,Y,N,N,N,N,N,11/14/2011,3:52 PM,227,22,N,Y,NA,NA,19,,,1,2600,S,5TH,ST,N,N,30,N,N,,N,19,,,NA,,,CUMBERLAND,RD,NA,,,,,,11,1,0,NA,1,1,1,4:05 PM,CAD,4:20 PM,11/14/2011,Y,74,NA,41,24,8,5,4,1,64,54,1,5,1,21,21,227,22,30.23991419,-97.76600893,,,,NA,S 5TH ST,2693,NA,NA,NA,NA,NA,,,,N/A,NA,NA,NA,NA,Y,N,N,2,9,Y,MON,NA,NA,NA,NA,NA,NA,NA,NA,NA,NA,NA,NA,NA,NA,NA,NA,NA,NA,NA,NA,NA,NA,NA,NA,NA,NA,NA,NA,NA,NA,NA,NA,NA,NA,NA,NA,NA,NA,NA,NA,NA,NA,NA,NA,NA,NA,NA,NA,NA,,,NA,NA,NA,NA,0,1,0,3,0,1,0,90,123870822,1238708221
12387244,AUS_12387244,30.26232956,-97.7213553,2,1,3,16,2,22,1,2,4,11,1,4,N,4,NA,NA,4,97,97,,,0,1,0,0,0,1,0,N,N,N,N,N,N,N,11/16/2011,6:22 PM,227,22,N,N,NA,NA,19,,,1,1900,E,7TH,ST,N,N,35,N,N,,N,19,,,NA,,,CHICON,ST,NA,,,,,,11,6,0,NA,1,1,1,6:25 PM,RADIO,6:36 PM,11/16/2011,Y,74,NA,NA,119,8,5,4,1,64,7,1,5,1,21,21,227,22,30.26232956,-97.7213553,,,,NA,E 7TH ST,1945,NA,NA,NA,NA,NA,,,,N/A,NA,NA,NA,NA,Y,N,N,2,9,Y,WED,NA,NA,NA,NA,NA,NA,NA,NA,NA,NA,NA,NA,NA,NA,NA,NA,NA,NA,NA,NA,NA,NA,NA,NA,NA,NA,NA,NA,NA,NA,NA,NA,NA,NA,NA,NA,NA,NA,NA,NA,NA,NA,NA,NA,NA,NA,NA,NA,NA,,,NA,NA,NA,NA,0,1,0,1,0,1,0,90,123872442,1238724421
12397582,AUS_12397582,30.27896,-97.73217,2,1,3,16,2,37,1,1,4,11,1,4,N,4,NA,NA,4,97,97,,,0,1,0,0,0,1,0,N,N,N,N,N,N,N,10/11/2011,5:24 AM,227,22,N,Y,NA,NA,19,,,1,1800,E,MARTIN LUTHER KING JR,BLVD,N,N,35,N,N,,Y,19,,,NA,1900,,RED RIVER,ST,NA,,,,,,11,4,4,NA,2,1,5,5:24 AM,DISPATCH,5:27 AM,10/11/2011,Y,74,17,120,14,8,5,1,3,64,54,1,5,1,21,21,227,22,30.27896,-97.73217,,,,NA,E MARTIN LUTHER KING JR BLVD,NA,NA,NA,NA,NA,NA,,,,RED RIVER ST,NA,NA,NA,NA,Y,N,N,2,9,Y,TUE,NA,NA,NA,NA,NA,NA,NA,NA,NA,NA,NA,NA,NA,NA,NA,NA,NA,NA,NA,NA,NA,NA,NA,NA,NA,NA,NA,NA,NA,NA,NA,NA,NA,NA,NA,NA,NA,NA,NA,NA,NA,NA,NA,NA,NA,NA,NA,NA,NA,,,NA,NA,NA,NA,0,1,0,1,0,1,0,90,123975822,1239758221
12398760,AUS_12398760,30.26993,-97.74951,2,1,3,16,2,53,1,1,4,11,1,4,N,4,NA,NA,4,97,97,,,0,1,0,0,0,1,0,N,N,N,N,N,N,N,10/1/2011,6:08 PM,227,22,N,Y,NA,NA,19,,,1,,,RIO GRANDE STW 6TH,,N,N,35,N,N,,Y,19,,,NA,,W,6TH,ST,NA,,,,,,11,1,0,NA,1,1,5,6:10 PM,RADIO,6:15 PM,10/1/2011,Y,74,NA,NA,126,8,5,1,2,64,54,1,5,1,21,21,227,22,30.26993,-97.74951,,,,NA,W 6TH ST,700,NA,NA,NA,NA,NA,,,,UNKNOWN,NA,NA,NA,NA,Y,N,N,2,9,Y,SAT,NA,NA,NA,NA,NA,NA,NA,NA,NA,NA,NA,NA,NA,NA,NA,NA,NA,NA,NA,NA,NA,NA,NA,NA,NA,NA,NA,NA,NA,NA,NA,NA,NA,NA,NA,NA,NA,NA,NA,NA,NA,NA,NA,NA,NA,NA,NA,NA,NA,,,NA,NA,NA,NA,0,1,0,3,0,1,0,90,123987602,1239876021
12398950,AUS_12398950,30.19918,-97.79359,2,1,3,16,5,40,1,1,4,11,1,3,N,4,NA,NA,4,97,97,,,0,0,0,1,0,0,0,N,N,N,N,N,N,N,11/25/2011,6:34 PM,227,22,N,N,NA,NA,19,,,1,,,EMERALD FORESTWILLIAM CANNON,,N,N,45,N,N,,Y,19,,,NA,,,WILLIAM CANNON,,NA,,,,,,11,4,4,NA,1,1,5,6:34 PM,DISPATCH,6:40 PM,11/26/2011,Y,74,NA,169,130,8,5,1,2,64,54,1,5,1,21,21,227,22,30.19918,-97.79359,,,,NA,EMERALD FOREST DR,NA,NA,NA,NA,NA,NA,,,,W WILLIAM CANNON DR,NA,NA,NA,NA,N,N,N,5,9,Y,FRI,NA,NA,NA,NA,NA,NA,NA,NA,NA,NA,NA,NA,NA,NA,NA,NA,NA,NA,NA,NA,NA,NA,NA,NA,NA,NA,NA,NA,NA,NA,NA,NA,NA,NA,NA,NA,NA,NA,NA,NA,NA,NA,NA,NA,NA,NA,NA,NA,NA,,,NA,NA,NA,NA,0,0,0,2,0,0,0,90,123989502,1239895021
12398970,AUS_12398970,NA,NA,1,1,3,16,3,23,1,1,4,11,1,4,N,4,NA,NA,4,97,97,,,0,0,1,0,0,1,0,N,N,N,N,N,N,N,11/26/2011,12:03 PM,227,22,N,N,NA,NA,19,,,1,8515,,BRODIE,LN,Y,N,45,N,N,,N,19,,,NA,3400,,PLANTATION,RD,NA,,,,,,2,1,0,NA,1,2,1,11:43 AM,DISPATCH,11:50 AM,11/26/2011,Y,74,NA,39,32,8,5,3,1,64,14,7,9,5,32,1,227,22,NA,NA,,,,NA,BRODIE LN,NA,NA,NA,NA,NA,NA,,,,N/A,NA,NA,NA,NA,N,N,N,3,9,N,SAT,NA,NA,NA,NA,NA,NA,NA,NA,NA,NA,NA,NA,NA,NA,NA,NA,NA,NA,NA,NA,NA,NA,NA,NA,NA,NA,NA,NA,NA,NA,NA,NA,NA,NA,NA,NA,NA,NA,NA,NA,NA,NA,NA,NA,NA,NA,NA,NA,NA,,,NA,NA,NA,NA,0,0,1,1,0,1,0,NA,123989701,1239897011
12409154,AUS_12409154,30.26292894,-97.72622988,2,1,3,16,2,27,1,1,4,11,1,4,N,4,NA,NA,4,97,97,,,0,1,0,0,0,1,0,N,N,N,N,N,N,N,11/30/2011,10:52 PM,227,22,N,N,NA,NA,19,,,1,1600,E,6TH,ST,N,N,30,N,N,,N,19,,,NA,,,COMAL,ST,NA,,,,,,11,4,2,NA,1,1,11,10:52 PM,APD DISPATCH,10:55 PM,11/30/2011,Y,74,17,115,144,8,5,4,1,64,7,1,5,1,21,21,227,22,30.26292894,-97.72622988,,,,NA,E 6TH ST,1614,NA,NA,NA,NA,NA,,,,N/A,NA,NA,NA,NA,Y,N,N,2,9,Y,WED,NA,NA,NA,NA,NA,NA,NA,NA,NA,NA,NA,NA,NA,NA,NA,NA,NA,NA,NA,NA,NA,NA,NA,NA,NA,NA,NA,NA,NA,NA,NA,NA,NA,NA,NA,NA,NA,NA,NA,NA,NA,NA,NA,NA,NA,NA,NA,NA,NA,,,NA,NA,NA,NA,0,1,0,1,0,1,0,90,124091542,1240915421
12409176,AUS_12409176,30.28162431,-97.74159507,2,1,3,16,3,24,1,1,4,11,1,2,N,4,NA,NA,4,97,97,,,0,0,1,0,0,1,0,N,N,N,N,N,N,N,11/30/2011,8:22 PM,227,22,N,N,NA,NA,19,,,1,400,W,MARTIN LUTHER KING,BLVD,N,N,35,N,N,,N,19,,,NA,,,GADAULPE,ST,NA,,,,,,11,4,0,NA,1,1,20,8:22 PM,DISPATCH,8:29 PM,11/30/2011,Y,74,129,10,14,8,5,2,2,64,54,1,5,1,21,21,227,22,30.28162431,-97.74159507,,,,NA,W MARTIN LUTHER KING JR BLVD,398,NA,NA,NA,NA,NA,,,,GUADALUPE ST,NA,NA,NA,NA,Y,N,N,3,9,Y,WED,NA,NA,NA,NA,NA,NA,NA,NA,NA,NA,NA,NA,NA,NA,NA,NA,NA,NA,NA,NA,NA,NA,NA,NA,NA,NA,NA,NA,NA,NA,NA,NA,NA,NA,NA,NA,NA,NA,NA,NA,NA,NA,NA,NA,NA,NA,NA,NA,NA,,,NA,NA,NA,NA,0,0,1,1,0,1,0,90,124091762,1240917621
12409177,AUS_12409177,30.26778,-97.74556,2,1,3,16,3,26,1,2,4,11,1,3,N,4,NA,NA,4,97,97,,,0,0,1,0,0,1,0,N,N,N,N,N,N,N,11/30/2011,6:24 PM,227,22,N,N,NA,NA,19,,,1,,W,5TH LAVACA,ST,N,N,30,N,N,,Y,19,,,NA,,,LAVACA,ST,NA,,,,,,11,4,0,NA,1,1,5,6:25 PM,RADIO,6:26 PM,11/30/2011,Y,74,NA,NA,126,8,5,2,3,64,54,1,5,1,21,21,227,22,30.26778,-97.74556,,,,NA,W 5TH ST,298,NA,NA,NA,NA,NA,,,,LAVACA ST,NA,NA,NA,NA,Y,N,N,3,9,Y,WED,NA,NA,NA,NA,NA,NA,NA,NA,NA,NA,NA,NA,NA,NA,NA,NA,NA,NA,NA,NA,NA,NA,NA,NA,NA,NA,NA,NA,NA,NA,NA,NA,NA,NA,NA,NA,NA,NA,NA,NA,NA,NA,NA,NA,NA,NA,NA,NA,NA,,,NA,NA,NA,NA,0,0,1,1,0,1,0,90,124091772,1240917721
12409180,AUS_12409180,30.31086,-97.72208,2,1,3,16,3,NA,1,1,4,11,1,5,N,4,NA,NA,4,97,97,,,0,0,1,0,0,1,0,N,N,N,N,N,N,N,11/30/2011,8:10 AM,227,22,N,N,NA,NA,19,,,1,4800,,DUVAL,ST,N,N,0,N,N,,Y,19,,,NA,,E,48TH DOVAL,ST,NA,,,,,,11,1,4,NA,1,1,8,8:10 AM,DISPATCHED,8:20 AM,11/30/2011,Y,74,NA,151,21,8,5,1,1,64,54,1,5,1,21,21,227,22,30.31086,-97.72208,,,,NA,DUVAL ST,4799,NA,NA,NA,NA,NA,,,,E 48TH ST,NA,NA,NA,NA,Y,N,N,3,9,Y,WED,NA,NA,NA,NA,NA,NA,NA,NA,NA,NA,NA,NA,NA,NA,NA,NA,NA,NA,NA,NA,NA,NA,NA,NA,NA,NA,NA,NA,NA,NA,NA,NA,NA,NA,NA,NA,NA,NA,NA,NA,NA,NA,NA,NA,NA,NA,NA,NA,NA,,,NA,NA,NA,NA,0,0,1,1,0,1,0,90,124091802,1240918021
12409473,AUS_12409473,30.19944,-97.80621,2,1,3,16,3,32,1,2,4,11,1,2,N,4,NA,NA,4,97,97,,,0,0,1,0,0,1,0,N,N,N,N,N,N,N,11/29/2011,7:33 AM,227,22,N,N,NA,NA,19,,,1,1900,,MATTHEWS,LN,N,N,40,N,N,,Y,19,,,NA,7100,,CANNON LECUE,DR,NA,,,,,,11,1,2,NA,3,1,20,7:33 AM,DISPATCH,7:36 AM,11/29/2011,Y,74,17,131,9,8,5,1,3,64,54,1,5,1,21,21,227,22,30.19944,-97.80621,,,,NA,MATTHEWS LN,1900,NA,NA,NA,NA,NA,,,,CANNONLEAGUE DR,NA,NA,NA,NA,Y,N,N,3,9,Y,TUE,NA,NA,NA,NA,NA,NA,NA,NA,NA,NA,NA,NA,NA,NA,NA,NA,NA,NA,NA,NA,NA,NA,NA,NA,NA,NA,NA,NA,NA,NA,NA,NA,NA,NA,NA,NA,NA,NA,NA,NA,NA,NA,NA,NA,NA,NA,NA,NA,NA,,,NA,NA,NA,NA,0,0,1,1,0,1,0,90,124094732,1240947321
12410125,AUS_12410125,30.26335379,-97.74451928,2,1,3,16,2,36,1,1,4,11,1,4,N,4,NA,NA,4,97,97,,,0,1,0,0,0,1,0,N,N,N,N,N,N,N,12/1/2011,3:45 AM,227,22,N,N,NA,NA,19,,,1,100,N,CONGRESS AVE,AVE,N,N,35,N,N,,N,19,,,1,100,W,CESAR CHAVEZ,ST,NA,,,,WEST CURB OF SIDEWALK,,11,4,0,NA,1,1,9,4:13 AM,DISPATCH,4:17 AM,12/1/2011,Y,74,NA,18,312,8,5,2,2,64,54,1,5,1,21,21,227,22,30.26335379,-97.74451928,,,,NA,CONGRESS AVE,NA,NA,NA,NA,NA,NA,,,,W CESAR CHAVEZ ST,NA,NA,NA,NA,Y,N,N,2,9,Y,THU,NA,NA,NA,NA,NA,NA,NA,NA,NA,NA,NA,NA,NA,NA,NA,NA,NA,NA,NA,NA,NA,NA,NA,NA,NA,NA,NA,NA,NA,NA,NA,NA,NA,NA,NA,NA,NA,NA,NA,NA,NA,NA,NA,NA,NA,NA,NA,NA,NA,,,NA,NA,NA,NA,0,1,0,1,0,1,0,90,124101252,1241012521
12417414,AUS_12417414,30.26248,-97.70384,2,1,3,16,3,45,2,1,4,11,1,4,N,4,NA,NA,4,97,97,,,0,0,1,0,0,1,0,N,N,N,N,N,N,N,10/28/2011,5:56 PM,227,22,N,N,NA,NA,19,,,1,,,TILLERY,ST,N,N,35,N,N,,Y,19,,,NA,,,LYONS,RD,NA,,,,,,11,1,4,NA,1,1,8,5:56 PM,DISPATCH,6:15 PM,10/28/2011,Y,74,NA,NA,119,8,5,1,1,64,54,1,5,1,21,21,227,22,30.26248,-97.70384,,,,NA,TILLERY ST,901,NA,NA,NA,NA,NA,,,,LYONS RD,NA,NA,NA,NA,Y,N,N,3,9,Y,FRI,NA,NA,NA,NA,NA,NA,NA,NA,NA,NA,NA,NA,NA,NA,NA,NA,NA,NA,NA,NA,NA,NA,NA,NA,NA,NA,NA,NA,NA,NA,NA,NA,NA,NA,NA,NA,NA,NA,NA,NA,NA,NA,NA,NA,NA,NA,NA,NA,NA,,,NA,NA,NA,NA,0,0,1,1,0,1,0,90,124174142,1241741421
12420487,AUS_12420487,30.27175,-97.73761,2,1,3,16,1,32,5,1,4,11,1,4,N,4,NA,NA,4,97,97,,,1,0,0,0,0,1,0,N,N,N,N,N,N,N,11/29/2011,8:11 AM,227,22,N,Y,30.27108,-97.738,19,,,1,400,E,11TH,ST,N,N,0,N,N,4-LANE TWO WAY,Y,19,,,1,1100,N,TRINITY,ST,NA,,,,4-LANE ONE WAY,,11,1,0,NA,2,1,5,8:12 AM,DPS COMMUNICATIONS,8:16 AM,11/29/2011,Y,10000,NA,53,115,8,5,1,1,64,54,1,5,1,21,21,227,22,30.27175,-97.73761,,,,NA,E 11TH ST,398,NA,NA,NA,NA,NA,,,,TRINITY ST,NA,NA,NA,NA,Y,N,N,1,9,Y,TUE,NA,NA,NA,NA,NA,NA,NA,NA,NA,NA,NA,NA,NA,NA,NA,NA,NA,NA,NA,NA,NA,NA,NA,NA,NA,NA,NA,NA,NA,NA,NA,NA,NA,NA,NA,NA,NA,NA,NA,NA,NA,NA,NA,NA,NA,NA,NA,NA,NA,,,NA,NA,NA,NA,1,0,0,1,0,1,0,90,124204872,1242048721
12448249,AUS_12448249,30.2523,-97.71081,2,1,3,16,2,21,2,1,4,11,1,2,N,4,NA,NA,4,97,97,,,0,1,0,0,0,1,0,N,N,N,N,N,N,N,12/8/2011,4:00 PM,227,22,N,N,NA,NA,19,,,1,,E,CESAR CHAVEZ,ST,N,N,0,N,N,,Y,19,,,NA,,,LINDEN,ST,NA,,,,,,11,1,98,NA,1,1,20,4:00 PM,DISPATCHED,4:11 PM,12/8/2011,Y,74,77,34,48,8,5,1,1,64,54,1,5,1,21,21,227,22,30.2523,-97.71081,,,,NA,E CESAR CHAVEZ ST,2998,NA,NA,NA,NA,NA,,,,LINDEN ST,NA,NA,NA,NA,Y,N,N,2,9,Y,THU,NA,NA,NA,NA,NA,NA,NA,NA,NA,NA,NA,NA,NA,NA,NA,NA,NA,NA,NA,NA,NA,NA,NA,NA,NA,NA,NA,NA,NA,NA,NA,NA,NA,NA,NA,NA,NA,NA,NA,NA,NA,NA,NA,NA,NA,NA,NA,NA,NA,,,NA,NA,NA,NA,0,1,0,1,0,1,0,90,124482492,1244824921
12448264,AUS_12448264,30.28687003,-97.74163632,2,1,3,16,2,20,1,1,4,11,1,4,N,4,NA,NA,4,97,97,,,0,1,0,0,0,1,0,N,N,N,N,N,N,N,12/14/2011,3:06 PM,227,22,N,N,NA,NA,19,,,1,2300,,GUADALUPE,ST,N,N,35,N,N,,N,19,,,NA,,W,24TH,ST,NA,,,,,,11,1,0,NA,1,1,16,3:06 PM,DISPATCH,3:20 PM,12/14/2011,Y,74,129,10,14,8,5,4,1,64,4,1,5,1,21,21,227,22,30.28687003,-97.74163632,,,,NA,GUADALUPE ST,2335,NA,NA,NA,NA,NA,,,,N/A,NA,NA,NA,NA,Y,N,N,2,9,Y,WED,NA,NA,NA,NA,NA,NA,NA,NA,NA,NA,NA,NA,NA,NA,NA,NA,NA,NA,NA,NA,NA,NA,NA,NA,NA,NA,NA,NA,NA,NA,NA,NA,NA,NA,NA,NA,NA,NA,NA,NA,NA,NA,NA,NA,NA,NA,NA,NA,NA,,,NA,NA,NA,NA,0,1,0,2,0,1,0,90,124482642,1244826421
12448280,AUS_12448280,30.32543,-97.73263,2,1,3,16,2,49,1,1,4,11,1,2,N,4,NA,NA,4,97,97,,,0,1,0,0,0,1,0,N,N,N,N,N,N,N,12/12/2011,5:57 PM,227,22,N,N,NA,NA,19,,,1,,,HOUSTON,ST,N,N,0,N,N,,Y,19,,,NA,,,GROVER,AVE,NA,,,,,,12,4,4,NA,1,1,8,5:56 PM,DISPATCHED,5:59 PM,12/12/2011,Y,74,NA,75,95,8,5,1,1,64,54,1,5,1,21,21,227,22,30.32543,-97.73263,,,,NA,HOUSTON ST,1200,NA,NA,NA,NA,NA,,,,GROVER AVE,NA,NA,NA,NA,Y,N,N,2,9,Y,MON,NA,NA,NA,NA,NA,NA,NA,NA,NA,NA,NA,NA,NA,NA,NA,NA,NA,NA,NA,NA,NA,NA,NA,NA,NA,NA,NA,NA,NA,NA,NA,NA,NA,NA,NA,NA,NA,NA,NA,NA,NA,NA,NA,NA,NA,NA,NA,NA,NA,,,NA,NA,NA,NA,0,1,0,1,0,1,0,90,124482802,1244828021