CrashID,CrashID1,Latitude,Longitude,Unit_Nbr,Prsn_Nbr,Prsn_Type_ID,Prsn_Occpnt_Pos_ID,Prsn_Injry_Sev_ID,Prsn_Age,Prsn_Ethnicity_ID,Prsn_Gndr_ID,Prsn_Ejct_ID,Prsn_Rest_ID,Prsn_Airbag_ID,Prsn_Helmet_ID,Prsn_Sol_Fl,Prsn_Alc_Spec_Type_ID,Prsn_Alc_Rslt_ID,Prsn_Bac_Test_Rslt,Prsn_Drg_Spec_Type_ID,Prsn_Drg_Rslt_ID,Drvr_Drg_Cat_1_ID,Prsn_Death_Date,Prsn_Death_Time,Incap_Injry_Cnt.x,Nonincap_Injry_Cnt.x,Poss_Injry_Cnt.x,Non_Injry_Cnt.x,Unkn_Injry_Cnt.x,Tot_Injry_Cnt.x,Death_Cnt.x,Crash_Fatal_Fl,Cmv_Involv_Fl,Schl_Bus_Fl,Rr_Relat_Fl,Medical_Advisory_Fl,Amend_Supp_Fl,Active_School_Zone_Fl,Crash_Date,Crash_Time,Rpt_CRIS_Cnty_ID,Rpt_City_ID,Rpt_Outside_City_Limit_Fl,Thousand_Damage_Fl,Rpt_Latitude,Rpt_Longitude,Rpt_Rdwy_Sys_ID,Rpt_Hwy_Num,Rpt_Hwy_Sfx,Rpt_Road_Part_ID,Rpt_Block_Num,Rpt_Street_Pfx,Rpt_Street_Name,Rpt_Street_Sfx,Private_Dr_Fl,Toll_Road_Fl,Crash_Speed_Limit,Road_Constr_Zone_Fl,Road_Constr_Zone_Wrkr_Fl,Rpt_Street_Desc,At_Intrsct_Fl,Rpt_Sec_Rdwy_Sys_ID,Rpt_Sec_Hwy_Num,Rpt_Sec_Hwy_Sfx,Rpt_Sec_Road_Part_ID,Rpt_Sec_Block_Num,Rpt_Sec_Street_Pfx,Rpt_Sec_Street_Name,Rpt_Sec_Street_Sfx,Rpt_Ref_Mark_Offset_Amt,Rpt_Ref_Mark_Dist_Uom,Rpt_Ref_Mark_Dir,Rpt_Ref_Mark_Nbr,Rpt_Sec_Street_Desc,Rpt_CrossingNumber,Wthr_Cond_ID,Light_Cond_ID,Entr_Road_ID,Road_Type_ID,Road_Algn_ID,Surf_Cond_ID,Traffic_Cntl_ID,Investigat_Notify_Time,Investigat_Notify_Meth,Investigat_Arrv_Time,Report_Date,Investigat_Comp_Fl,Investigat_Agency_ID,Investigat_Area_ID,Investigat_District_ID,Investigat_Region_ID,Bridge_Detail_ID,Harm_Evnt_ID,Intrsct_Relat_ID,FHE_Collsn_ID,Obj_Struck_ID,Othr_Factr_ID,Road_Part_Adj_ID,Road_Cls_ID,Road_Relat_ID,Phys_Featr_1_ID,Phys_Featr_2_ID,Cnty_ID,City_ID,Latitude,Longitude,Hwy_Sys,Hwy_Nbr,Hwy_Sfx,Dfo,Street_Name,Street_Nbr,Control,Section,Milepoint,Ref_Mark_Nbr,Ref_Mark_Displ,Hwy_Sys_2,Hwy_Nbr_2,Hwy_Sfx_2,Street_Name_2,Street_Nbr_2,Control_2,Section_2,Milepoint_2,Txdot_Rptable_Fl,Onsys_Fl,Rural_Fl,Crash_Sev_ID,Pop_Group_ID,Located_Fl,Day_of_Week,Hwy_Dsgn_Lane_ID,Hwy_Dsgn_Hrt_ID,Hp_Shldr_Left,Hp_Shldr_Right,Hp_Median_Width,Base_Type_ID,Nbr_Of_Lane,Row_Width_Usual,Roadbed_Width,Surf_Width,Surf_Type_ID,Curb_Type_Left_ID,Curb_Type_Right_ID,Shldr_Type_Left_ID,Shldr_Width_Left,Shldr_Use_Left_ID,Shldr_Type_Right_ID,Shldr_Width_Right,Shldr_Use_Right_ID,Median_Type_ID,Median_Width,Rural_Urban_Type_ID,Func_Sys_ID,Adt_Curnt_Amt,Adt_Curnt_Year,Adt_Adj_Curnt_Amt,Pct_Single_Trk_Adt,Pct_Combo_Trk_Adt,Trk_Aadt_Pct,Curve_Type_ID,Curve_Lngth,Cd_Degr,Delta_Left_Right_ID,Dd_Degr,Feature_Crossed,Structure_Number,I_R_Min_Vert_Clear,Approach_Width,Bridge_Median_ID,Bridge_Loading_Type_ID,Bridge_Loading_In_1000_Lbs,Bridge_Srvc_Type_On_ID,Bridge_Srvc_Type_Under_ID,Culvert_Type_ID,Roadway_Width,Deck_Width,Bridge_Dir_Of_Traffic_ID,Bridge_Rte_Struct_Func_ID,Bridge_IR_Struct_Func_ID,CrossingNumber,RRCo,Poscrossing_ID,WDCode_ID,Standstop,Yield,Incap_Injry_Cnt.y,Nonincap_Injry_Cnt.y,Poss_Injry_Cnt.y,Non_Injry_Cnt.y,Unkn_Injry_Cnt.y,Tot_Injry_Cnt.y,Death_Cnt.y,MPO_ID,Unit_ID,Unit_Prsn_ID
12448342,AUS_12448342,30.36819666,-97.74248905,2,1,3,16,5,22,1,1,4,11,1,2,N,4,NA,NA,4,97,97,,,0,0,0,1,0,0,0,N,N,N,N,N,N,N,12/12/2011,6:22 PM,227,22,N,Y,NA,NA,19,,,2,,,STEAK,AVE,N,N,35,N,N,,Y,19,,,NA,,N,MO PAC,EXPY,NA,,,,,,11,1,4,2,2,1,5,6:23 PM,DISPATCH,6:30 PM,12/12/2011,Y,74,17,46,64,8,5,1,3,64,54,1,2,1,21,21,227,22,30.36819666,-97.74248905,SL,1,,8.507,SL0001,NA,3136,1,8.683,432,0.796,US,183,,US0183,NA,NA,NA,NA,Y,Y,N,5,9,Y,MON,5,0,6,10,48,2,6,350,104,72,4,1,0,2,12,5,2,20,5,2,36,4,12,135760,2012,135760,1.5,0.3,1.8,1,210,1,1,11,NA,NA,NA,NA,NA,NA,NA,NA,NA,NA,NA,NA,NA,NA,NA,,,NA,NA,NA,NA,0,0,0,2,0,0,0,90,124483422,1244834221
12448411,AUS_12448411,30.44133,-97.77338,2,1,3,16,2,22,1,1,4,11,1,4,N,4,NA,NA,4,97,97,,,0,1,0,0,0,1,0,N,N,N,N,N,N,N,12/19/2011,4:42 PM,246,22,N,N,NA,NA,19,,,1,,,POND SPRINGS,RD,N,N,40,N,N,,Y,19,,,NA,,,HUNTERS CHASE,DR,NA,,,,,,2,1,4,NA,1,2,5,4:43 PM,DISPATCH,4:56 PM,12/19/2011,Y,74,225,157,44,8,5,2,1,64,54,1,5,1,21,21,246,22,30.44133,-97.77338,,,,NA,POND SPRINGS RD,13025,NA,NA,NA,NA,NA,,,,HUNTERS CHASE DR,NA,NA,NA,NA,Y,N,N,2,9,Y,MON,NA,NA,NA,NA,NA,NA,NA,NA,NA,NA,NA,NA,NA,NA,NA,NA,NA,NA,NA,NA,NA,NA,NA,NA,NA,NA,NA,NA,NA,NA,NA,NA,NA,NA,NA,NA,NA,NA,NA,NA,NA,NA,NA,NA,NA,NA,NA,NA,NA,,,NA,NA,NA,NA,0,1,0,1,0,1,0,90,124484112,1244841121
12471860,AUS_12471860,30.25153716,-97.75430555,2,1,3,16,3,23,1,2,4,11,1,5,N,4,NA,NA,4,97,97,,,0,0,1,0,0,1,0,N,N,N,N,N,N,N,12/21/2011,11:15 PM,227,22,N,N,NA,NA,19,,,1,1200,S,1ST,ST,N,N,35,N,N,,N,19,,,NA,,,GIBSON,RD,NA,,,,,,2,4,98,NA,1,2,1,11:15 PM,DISPATCH,11:18 PM,12/21/2011,Y,74,17,105,112,8,5,2,1,64,54,1,5,1,21,21,227,22,30.25153716,-97.75430555,,,,NA,S 1ST ST,1301,NA,NA,NA,NA,NA,,,,GIBSON ST W,NA,NA,NA,NA,Y,N,N,3,9,Y,WED,NA,NA,NA,NA,NA,NA,NA,NA,NA,NA,NA,NA,NA,NA,NA,NA,NA,NA,NA,NA,NA,NA,NA,NA,NA,NA,NA,NA,NA,NA,NA,NA,NA,NA,NA,NA,NA,NA,NA,NA,NA,NA,NA,NA,NA,NA,NA,NA,NA,,,NA,NA,NA,NA,0,0,1,1,0,1,0,90,124718602,1247186021
12471998,AUS_12471998,30.27407094,-97.7606588,3,1,3,16,1,29,1,1,4,11,1,5,N,4,NA,NA,4,97,97,,,1,0,0,0,0,1,0,N,N,N,N,N,N,N,12/21/2011,6:30 PM,227,22,N,Y,NA,NA,19,,,1,1404,W,6TH,ST,N,N,30,N,N,,N,19,,,NA,,,OAKLAND,AVE,NA,,,,,,2,4,4,NA,1,2,1,6:31 PM,DISPATCH,6:35 PM,12/21/2011,Y,74,11,10,14,8,5,4,1,64,42,1,5,1,21,21,227,22,30.27407094,-97.7606588,,,,NA,W 6TH ST,1407,NA,NA,NA,NA,NA,,,,N/A,NA,NA,NA,NA,Y,N,N,1,9,Y,WED,NA,NA,NA,NA,NA,NA,NA,NA,NA,NA,NA,NA,NA,NA,NA,NA,NA,NA,NA,NA,NA,NA,NA,NA,NA,NA,NA,NA,NA,NA,NA,NA,NA,NA,NA,NA,NA,NA,NA,NA,NA,NA,NA,NA,NA,NA,NA,NA,NA,,,NA,NA,NA,NA,14,0,1,2,0,15,0,90,124719983,1247199831
12471998,AUS_12471998,30.27407094,-97.7606588,2,1,3,16,1,60,1,1,4,11,1,4,N,4,NA,NA,4,97,97,,,1,0,0,0,0,1,0,N,N,N,N,N,N,N,12/21/2011,6:30 PM,227,22,N,Y,NA,NA,19,,,1,1404,W,6TH,ST,N,N,30,N,N,,N,19,,,NA,,,OAKLAND,AVE,NA,,,,,,2,4,4,NA,1,2,1,6:31 PM,DISPATCH,6:35 PM,12/21/2011,Y,74,11,10,14,8,5,4,1,64,42,1,5,1,21,21,227,22,30.27407094,-97.7606588,,,,NA,W 6TH ST,1407,NA,NA,NA,NA,NA,,,,N/A,NA,NA,NA,NA,Y,N,N,1,9,Y,WED,NA,NA,NA,NA,NA,NA,NA,NA,NA,NA,NA,NA,NA,NA,NA,NA,NA,NA,NA,NA,NA,NA,NA,NA,NA,NA,NA,NA,NA,NA,NA,NA,NA,NA,NA,NA,NA,NA,NA,NA,NA,NA,NA,NA,NA,NA,NA,NA,NA,,,NA,NA,NA,NA,14,0,1,2,0,15,0,90,124719982,1247199821
12471998,AUS_12471998,30.27407094,-97.7606588,15,1,3,16,3,30,1,2,4,11,1,5,N,4,NA,NA,4,97,97,,,0,0,1,0,0,1,0,N,N,N,N,N,N,N,12/21/2011,6:30 PM,227,22,N,Y,NA,NA,19,,,1,1404,W,6TH,ST,N,N,30,N,N,,N,19,,,NA,,,OAKLAND,AVE,NA,,,,,,2,4,4,NA,1,2,1,6:31 PM,DISPATCH,6:35 PM,12/21/2011,Y,74,11,10,14,8,5,4,1,64,42,1,5,1,21,21,227,22,30.27407094,-97.7606588,,,,NA,W 6TH ST,1407,NA,NA,NA,NA,NA,,,,N/A,NA,NA,NA,NA,Y,N,N,1,9,Y,WED,NA,NA,NA,NA,NA,NA,NA,NA,NA,NA,NA,NA,NA,NA,NA,NA,NA,NA,NA,NA,NA,NA,NA,NA,NA,NA,NA,NA,NA,NA,NA,NA,NA,NA,NA,NA,NA,NA,NA,NA,NA,NA,NA,NA,NA,NA,NA,NA,NA,,,NA,NA,NA,NA,14,0,1,2,0,15,0,90,1247199815,12471998151
12471998,AUS_12471998,30.27407094,-97.7606588,17,1,3,16,1,28,1,1,4,11,1,5,N,4,NA,NA,4,97,97,,,1,0,0,0,0,1,0,N,N,N,N,N,N,N,12/21/2011,6:30 PM,227,22,N,Y,NA,NA,19,,,1,1404,W,6TH,ST,N,N,30,N,N,,N,19,,,NA,,,OAKLAND,AVE,NA,,,,,,2,4,4,NA,1,2,1,6:31 PM,DISPATCH,6:35 PM,12/21/2011,Y,74,11,10,14,8,5,4,1,64,42,1,5,1,21,21,227,22,30.27407094,-97.7606588,,,,NA,W 6TH ST,1407,NA,NA,NA,NA,NA,,,,N/A,NA,NA,NA,NA,Y,N,N,1,9,Y,WED,NA,NA,NA,NA,NA,NA,NA,NA,NA,NA,NA,NA,NA,NA,NA,NA,NA,NA,NA,NA,NA,NA,NA,NA,NA,NA,NA,NA,NA,NA,NA,NA,NA,NA,NA,NA,NA,NA,NA,NA,NA,NA,NA,NA,NA,NA,NA,NA,NA,,,NA,NA,NA,NA,14,0,1,2,0,15,0,90,1247199817,12471998171
12471998,AUS_12471998,30.27407094,-97.7606588,5,1,3,16,1,31,1,2,4,11,1,5,N,4,NA,NA,4,97,97,,,1,0,0,0,0,1,0,N,N,N,N,N,N,N,12/21/2011,6:30 PM,227,22,N,Y,NA,NA,19,,,1,1404,W,6TH,ST,N,N,30,N,N,,N,19,,,NA,,,OAKLAND,AVE,NA,,,,,,2,4,4,NA,1,2,1,6:31 PM,DISPATCH,6:35 PM,12/21/2011,Y,74,11,10,14,8,5,4,1,64,42,1,5,1,21,21,227,22,30.27407094,-97.7606588,,,,NA,W 6TH ST,1407,NA,NA,NA,NA,NA,,,,N/A,NA,NA,NA,NA,Y,N,N,1,9,Y,WED,NA,NA,NA,NA,NA,NA,NA,NA,NA,NA,NA,NA,NA,NA,NA,NA,NA,NA,NA,NA,NA,NA,NA,NA,NA,NA,NA,NA,NA,NA,NA,NA,NA,NA,NA,NA,NA,NA,NA,NA,NA,NA,NA,NA,NA,NA,NA,NA,NA,,,NA,NA,NA,NA,14,0,1,2,0,15,0,90,124719985,1247199851
12471998,AUS_12471998,30.27407094,-97.7606588,6,1,3,16,1,30,1,1,4,11,1,5,N,4,NA,NA,4,97,97,,,1,0,0,0,0,1,0,N,N,N,N,N,N,N,12/21/2011,6:30 PM,227,22,N,Y,NA,NA,19,,,1,1404,W,6TH,ST,N,N,30,N,N,,N,19,,,NA,,,OAKLAND,AVE,NA,,,,,,2,4,4,NA,1,2,1,6:31 PM,DISPATCH,6:35 PM,12/21/2011,Y,74,11,10,14,8,5,4,1,64,42,1,5,1,21,21,227,22,30.27407094,-97.7606588,,,,NA,W 6TH ST,1407,NA,NA,NA,NA,NA,,,,N/A,NA,NA,NA,NA,Y,N,N,1,9,Y,WED,NA,NA,NA,NA,NA,NA,NA,NA,NA,NA,NA,NA,NA,NA,NA,NA,NA,NA,NA,NA,NA,NA,NA,NA,NA,NA,NA,NA,NA,NA,NA,NA,NA,NA,NA,NA,NA,NA,NA,NA,NA,NA,NA,NA,NA,NA,NA,NA,NA,,,NA,NA,NA,NA,14,0,1,2,0,15,0,90,124719986,1247199861
12471998,AUS_12471998,30.27407094,-97.7606588,16,1,3,16,1,36,1,1,4,11,1,5,N,4,NA,NA,4,97,97,,,1,0,0,0,0,1,0,N,N,N,N,N,N,N,12/21/2011,6:30 PM,227,22,N,Y,NA,NA,19,,,1,1404,W,6TH,ST,N,N,30,N,N,,N,19,,,NA,,,OAKLAND,AVE,NA,,,,,,2,4,4,NA,1,2,1,6:31 PM,DISPATCH,6:35 PM,12/21/2011,Y,74,11,10,14,8,5,4,1,64,42,1,5,1,21,21,227,22,30.27407094,-97.7606588,,,,NA,W 6TH ST,1407,NA,NA,NA,NA,NA,,,,N/A,NA,NA,NA,NA,Y,N,N,1,9,Y,WED,NA,NA,NA,NA,NA,NA,NA,NA,NA,NA,NA,NA,NA,NA,NA,NA,NA,NA,NA,NA,NA,NA,NA,NA,NA,NA,NA,NA,NA,NA,NA,NA,NA,NA,NA,NA,NA,NA,NA,NA,NA,NA,NA,NA,NA,NA,NA,NA,NA,,,NA,NA,NA,NA,14,0,1,2,0,15,0,90,1247199816,12471998161
12471998,AUS_12471998,30.27407094,-97.7606588,8,1,3,16,1,27,1,1,4,11,1,5,N,4,NA,NA,4,97,97,,,1,0,0,0,0,1,0,N,N,N,N,N,N,N,12/21/2011,6:30 PM,227,22,N,Y,NA,NA,19,,,1,1404,W,6TH,ST,N,N,30,N,N,,N,19,,,NA,,,OAKLAND,AVE,NA,,,,,,2,4,4,NA,1,2,1,6:31 PM,DISPATCH,6:35 PM,12/21/2011,Y,74,11,10,14,8,5,4,1,64,42,1,5,1,21,21,227,22,30.27407094,-97.7606588,,,,NA,W 6TH ST,1407,NA,NA,NA,NA,NA,,,,N/A,NA,NA,NA,NA,Y,N,N,1,9,Y,WED,NA,NA,NA,NA,NA,NA,NA,NA,NA,NA,NA,NA,NA,NA,NA,NA,NA,NA,NA,NA,NA,NA,NA,NA,NA,NA,NA,NA,NA,NA,NA,NA,NA,NA,NA,NA,NA,NA,NA,NA,NA,NA,NA,NA,NA,NA,NA,NA,NA,,,NA,NA,NA,NA,14,0,1,2,0,15,0,90,124719988,1247199881
12471998,AUS_12471998,30.27407094,-97.7606588,9,1,3,16,1,25,1,2,4,11,1,5,N,4,NA,NA,4,97,97,,,1,0,0,0,0,1,0,N,N,N,N,N,N,N,12/21/2011,6:30 PM,227,22,N,Y,NA,NA,19,,,1,1404,W,6TH,ST,N,N,30,N,N,,N,19,,,NA,,,OAKLAND,AVE,NA,,,,,,2,4,4,NA,1,2,1,6:31 PM,DISPATCH,6:35 PM,12/21/2011,Y,74,11,10,14,8,5,4,1,64,42,1,5,1,21,21,227,22,30.27407094,-97.7606588,,,,NA,W 6TH ST,1407,NA,NA,NA,NA,NA,,,,N/A,NA,NA,NA,NA,Y,N,N,1,9,Y,WED,NA,NA,NA,NA,NA,NA,NA,NA,NA,NA,NA,NA,NA,NA,NA,NA,NA,NA,NA,NA,NA,NA,NA,NA,NA,NA,NA,NA,NA,NA,NA,NA,NA,NA,NA,NA,NA,NA,NA,NA,NA,NA,NA,NA,NA,NA,NA,NA,NA,,,NA,NA,NA,NA,14,0,1,2,0,15,0,90,124719989,1247199891
12471998,AUS_12471998,30.27407094,-97.7606588,10,1,3,16,5,27,1,1,4,11,1,5,N,4,NA,NA,4,97,97,,,0,0,0,1,0,0,0,N,N,N,N,N,N,N,12/21/2011,6:30 PM,227,22,N,Y,NA,NA,19,,,1,1404,W,6TH,ST,N,N,30,N,N,,N,19,,,NA,,,OAKLAND,AVE,NA,,,,,,2,4,4,NA,1,2,1,6:31 PM,DISPATCH,6:35 PM,12/21/2011,Y,74,11,10,14,8,5,4,1,64,42,1,5,1,21,21,227,22,30.27407094,-97.7606588,,,,NA,W 6TH ST,1407,NA,NA,NA,NA,NA,,,,N/A,NA,NA,NA,NA,Y,N,N,1,9,Y,WED,NA,NA,NA,NA,NA,NA,NA,NA,NA,NA,NA,NA,NA,NA,NA,NA,NA,NA,NA,NA,NA,NA,NA,NA,NA,NA,NA,NA,NA,NA,NA,NA,NA,NA,NA,NA,NA,NA,NA,NA,NA,NA,NA,NA,NA,NA,NA,NA,NA,,,NA,NA,NA,NA,14,0,1,2,0,15,0,90,1247199810,12471998101
12471998,AUS_12471998,30.27407094,-97.7606588,7,1,3,16,1,24,1,1,4,11,1,5,N,4,NA,NA,4,97,97,,,1,0,0,0,0,1,0,N,N,N,N,N,N,N,12/21/2011,6:30 PM,227,22,N,Y,NA,NA,19,,,1,1404,W,6TH,ST,N,N,30,N,N,,N,19,,,NA,,,OAKLAND,AVE,NA,,,,,,2,4,4,NA,1,2,1,6:31 PM,DISPATCH,6:35 PM,12/21/2011,Y,74,11,10,14,8,5,4,1,64,42,1,5,1,21,21,227,22,30.27407094,-97.7606588,,,,NA,W 6TH ST,1407,NA,NA,NA,NA,NA,,,,N/A,NA,NA,NA,NA,Y,N,N,1,9,Y,WED,NA,NA,NA,NA,NA,NA,NA,NA,NA,NA,NA,NA,NA,NA,NA,NA,NA,NA,NA,NA,NA,NA,NA,NA,NA,NA,NA,NA,NA,NA,NA,NA,NA,NA,NA,NA,NA,NA,NA,NA,NA,NA,NA,NA,NA,NA,NA,NA,NA,,,NA,NA,NA,NA,14,0,1,2,0,15,0,90,124719987,1247199871
12471998,AUS_12471998,30.27407094,-97.7606588,12,1,3,16,1,28,1,1,4,11,1,5,N,4,NA,NA,4,97,97,,,1,0,0,0,0,1,0,N,N,N,N,N,N,N,12/21/2011,6:30 PM,227,22,N,Y,NA,NA,19,,,1,1404,W,6TH,ST,N,N,30,N,N,,N,19,,,NA,,,OAKLAND,AVE,NA,,,,,,2,4,4,NA,1,2,1,6:31 PM,DISPATCH,6:35 PM,12/21/2011,Y,74,11,10,14,8,5,4,1,64,42,1,5,1,21,21,227,22,30.27407094,-97.7606588,,,,NA,W 6TH ST,1407,NA,NA,NA,NA,NA,,,,N/A,NA,NA,NA,NA,Y,N,N,1,9,Y,WED,NA,NA,NA,NA,NA,NA,NA,NA,NA,NA,NA,NA,NA,NA,NA,NA,NA,NA,NA,NA,NA,NA,NA,NA,NA,NA,NA,NA,NA,NA,NA,NA,NA,NA,NA,NA,NA,NA,NA,NA,NA,NA,NA,NA,NA,NA,NA,NA,NA,,,NA,NA,NA,NA,14,0,1,2,0,15,0,90,1247199812,12471998121
12471998,AUS_12471998,30.27407094,-97.7606588,13,1,3,16,1,28,1,2,4,11,1,5,N,4,NA,NA,4,97,97,,,1,0,0,0,0,1,0,N,N,N,N,N,N,N,12/21/2011,6:30 PM,227,22,N,Y,NA,NA,19,,,1,1404,W,6TH,ST,N,N,30,N,N,,N,19,,,NA,,,OAKLAND,AVE,NA,,,,,,2,4,4,NA,1,2,1,6:31 PM,DISPATCH,6:35 PM,12/21/2011,Y,74,11,10,14,8,5,4,1,64,42,1,5,1,21,21,227,22,30.27407094,-97.7606588,,,,NA,W 6TH ST,1407,NA,NA,NA,NA,NA,,,,N/A,NA,NA,NA,NA,Y,N,N,1,9,Y,WED,NA,NA,NA,NA,NA,NA,NA,NA,NA,NA,NA,NA,NA,NA,NA,NA,NA,NA,NA,NA,NA,NA,NA,NA,NA,NA,NA,NA,NA,NA,NA,NA,NA,NA,NA,NA,NA,NA,NA,NA,NA,NA,NA,NA,NA,NA,NA,NA,NA,,,NA,NA,NA,NA,14,0,1,2,0,15,0,90,1247199813,12471998131
12471998,AUS_12471998,30.27407094,-97.7606588,14,1,3,16,1,37,1,1,4,11,1,5,N,4,NA,NA,4,97,97,,,1,0,0,0,0,1,0,N,N,N,N,N,N,N,12/21/2011,6:30 PM,227,22,N,Y,NA,NA,19,,,1,1404,W,6TH,ST,N,N,30,N,N,,N,19,,,NA,,,OAKLAND,AVE,NA,,,,,,2,4,4,NA,1,2,1,6:31 PM,DISPATCH,6:35 PM,12/21/2011,Y,74,11,10,14,8,5,4,1,64,42,1,5,1,21,21,227,22,30.27407094,-97.7606588,,,,NA,W 6TH ST,1407,NA,NA,NA,NA,NA,,,,N/A,NA,NA,NA,NA,Y,N,N,1,9,Y,WED,NA,NA,NA,NA,NA,NA,NA,NA,NA,NA,NA,NA,NA,NA,NA,NA,NA,NA,NA,NA,NA,NA,NA,NA,NA,NA,NA,NA,NA,NA,NA,NA,NA,NA,NA,NA,NA,NA,NA,NA,NA,NA,NA,NA,NA,NA,NA,NA,NA,,,NA,NA,NA,NA,14,0,1,2,0,15,0,90,1247199814,12471998141
12471998,AUS_12471998,30.27407094,-97.7606588,11,1,3,16,1,27,1,2,4,11,1,5,N,4,NA,NA,4,97,97,,,1,0,0,0,0,1,0,N,N,N,N,N,N,N,12/21/2011,6:30 PM,227,22,N,Y,NA,NA,19,,,1,1404,W,6TH,ST,N,N,30,N,N,,N,19,,,NA,,,OAKLAND,AVE,NA,,,,,,2,4,4,NA,1,2,1,6:31 PM,DISPATCH,6:35 PM,12/21/2011,Y,74,11,10,14,8,5,4,1,64,42,1,5,1,21,21,227,22,30.27407094,-97.7606588,,,,NA,W 6TH ST,1407,NA,NA,NA,NA,NA,,,,N/A,NA,NA,NA,NA,Y,N,N,1,9,Y,WED,NA,NA,NA,NA,NA,NA,NA,NA,NA,NA,NA,NA,NA,NA,NA,NA,NA,NA,NA,NA,NA,NA,NA,NA,NA,NA,NA,NA,NA,NA,NA,NA,NA,NA,NA,NA,NA,NA,NA,NA,NA,NA,NA,NA,NA,NA,NA,NA,NA,,,NA,NA,NA,NA,14,0,1,2,0,15,0,90,1247199811,12471998111
12471998,AUS_12471998,30.27407094,-97.7606588,4,1,3,16,1,24,1,2,4,11,1,5,N,4,NA,NA,4,97,97,,,1,0,0,0,0,1,0,N,N,N,N,N,N,N,12/21/2011,6:30 PM,227,22,N,Y,NA,NA,19,,,1,1404,W,6TH,ST,N,N,30,N,N,,N,19,,,NA,,,OAKLAND,AVE,NA,,,,,,2,4,4,NA,1,2,1,6:31 PM,DISPATCH,6:35 PM,12/21/2011,Y,74,11,10,14,8,5,4,1,64,42,1,5,1,21,21,227,22,30.27407094,-97.7606588,,,,NA,W 6TH ST,1407,NA,NA,NA,NA,NA,,,,N/A,NA,NA,NA,NA,Y,N,N,1,9,Y,WED,NA,NA,NA,NA,NA,NA,NA,NA,NA,NA,NA,NA,NA,NA,NA,NA,NA,NA,NA,NA,NA,NA,NA,NA,NA,NA,NA,NA,NA,NA,NA,NA,NA,NA,NA,NA,NA,NA,NA,NA,NA,NA,NA,NA,NA,NA,NA,NA,NA,,,NA,NA,NA,NA,14,0,1,2,0,15,0,90,124719984,1247199841
12486924,AUS_12486924,30.42101,-97.76319,2,1,3,16,2,60,1,1,4,11,1,1,N,4,NA,NA,4,97,97,,,0,1,0,0,0,1,0,N,N,N,N,N,N,N,12/30/2011,3:47 PM,227,22,N,Y,NA,NA,19,,,1,6600,,DANWOOD,DR,N,N,30,N,N,,Y,19,,,1,11400,,OAK KNOLL,DR,NA,,,,,,11,1,4,NA,1,1,8,3:48 PM,DISPATCHED,4:00 PM,12/30/2011,Y,74,22,46,64,8,5,1,1,64,54,1,5,1,21,21,227,22,30.42101,-97.76319,,,,NA,DANWOOD DR,6600,NA,NA,NA,NA,NA,,,,OAK KNOLL DR,NA,NA,NA,NA,Y,N,N,2,9,Y,FRI,NA,NA,NA,NA,NA,NA,NA,NA,NA,NA,NA,NA,NA,NA,NA,NA,NA,NA,NA,NA,NA,NA,NA,NA,NA,NA,NA,NA,NA,NA,NA,NA,NA,NA,NA,NA,NA,NA,NA,NA,NA,NA,NA,NA,NA,NA,NA,NA,NA,,,NA,NA,NA,NA,0,1,0,2,0,1,0,90,124869242,1248692421
12487044,AUS_12487044,30.27044098,-97.73289496,1,1,3,16,2,NA,2,1,4,11,1,2,N,4,NA,NA,4,97,97,,,0,1,0,0,0,1,0,N,N,N,N,N,N,N,12/29/2011,11:32 PM,227,22,N,N,NA,NA,1,35,,2,1100,N,SERVICE,RD,N,N,40,N,N,,Y,19,,,NA,,,11TH,ST,NA,,,,,,11,4,4,2,2,1,5,11:32 PM,CALL FOR SERVICE,11:34 PM,12/29/2011,Y,74,NA,34,48,8,5,1,3,64,54,2,1,1,21,21,227,22,30.27044098,-97.73289496,IH,35,,234.195,IH0035,NA,15,13,18.058,235,0.019,,,,E 11TH ST,NA,NA,NA,NA,Y,Y,N,2,9,Y,THU,5,0,4,10,11,2,8,300,124,96,4,0,0,2,8,5,2,20,5,2,3,4,11,174200,2012,174200,2.6,6.9,9.5,NA,NA,NA,NA,NA,NA,NA,NA,NA,NA,NA,NA,NA,NA,NA,NA,NA,NA,NA,NA,,,NA,NA,NA,NA,0,1,0,1,0,1,0,90,124870441,1248704411